,model_name,cv_seed,fair_coeff,clas_acc,dp,deqodds,deqopp,trade_dp,trade_deqodds,trade_deqopp,TN_a0,FP_a0,FN_a0,TP_a0,TN_a1,FP_a1,FN_a1,TP_a1
0,BEUTEL4DP,13,1.0,0.7118055820465088,0.9990129470825195,0.9911059243604541,0.9962864723056555,0.8313014854148101,0.8285512508487817,0.8303560343807784,1.0,28.0,2.0,63.0,1.0,48.0,5.0,140.0
1,BEUTEL4DP,29,1.0,0.6736111044883728,1.0,1.0,1.0,0.804979248383151,0.804979248383151,0.804979248383151,0.0,38.0,0.0,50.0,0.0,56.0,0.0,144.0
2,BEUTEL4DP,42,1.0,0.7013888955116272,1.0,1.0,1.0,0.8244898004940975,0.8244898004940975,0.8244898004940975,0.0,28.0,0.0,57.0,0.0,58.0,0.0,145.0
3,BEUTEL4DP,55,1.0,0.6979166865348816,1.0,1.0,1.0,0.8220859033539438,0.8220859033539438,0.8220859033539438,0.0,29.0,0.0,62.0,0.0,58.0,0.0,139.0
4,BEUTEL4DP,73,1.0,0.7083333134651184,1.0,1.0,1.0,0.8292682790671125,0.8292682790671125,0.8292682790671125,0.0,34.0,0.0,55.0,0.0,50.0,0.0,149.0
