,model_name,cv_seed,fair_coeff,clas_acc,dp,deqodds,deqopp,trade_dp,trade_deqodds,trade_deqopp,TN_a0,FP_a0,FN_a0,TP_a0,TN_a1,FP_a1,FN_a1,TP_a1
0,BEUTEL4DP,13,1.0,0.42578125,0.6236430108547211,0.499610785394907,0.5809523537755013,0.506059390125433,0.45975088736990444,0.4914082900447921,13.0,3.0,40.0,35.0,30.0,100.0,4.0,31.0
1,BEUTEL4DP,29,1.0,0.51953125,0.9069767594337463,0.9165227860212326,0.8457991778850555,0.6606380986765127,0.6631536373023407,0.6436816980872107,12.0,13.0,23.0,38.0,68.0,70.0,17.0,15.0
2,BEUTEL4DP,42,1.0,0.4375,0.6061249077320099,0.5222696885466576,0.6343661993741989,0.5081895711152368,0.4761412898654069,0.5178542105129332,25.0,3.0,43.0,28.0,40.0,92.0,6.0,19.0
3,BEUTEL4DP,55,1.0,0.49609375,0.9822812676429749,0.9656256884336472,0.9848484992980957,0.6592421974184632,0.6554484482804873,0.6598193622070404,9.0,11.0,32.0,32.0,70.0,69.0,17.0,16.0
4,BEUTEL4DP,73,1.0,0.48046875,0.9870129823684692,0.9270768910646439,0.9155405461788177,0.6463165890412278,0.6329194052518237,0.6302087285534917,11.0,13.0,24.0,40.0,52.0,79.0,17.0,20.0
