,model_name,cv_seed,fair_coeff,clas_acc,dp,deqodds,deqopp,trade_dp,trade_deqodds,trade_deqopp,TN_a0,FP_a0,FN_a0,TP_a0,TN_a1,FP_a1,FN_a1,TP_a1
0,BEUTEL4DP,13,1.0,0.7381057739257812,0.9982305001467466,0.9919432252645493,0.9873731732368469,0.8486831806364227,0.8464026421413253,0.8447345490757223,3772.0,109.0,488.0,23.0,6104.0,199.0,2749.0,92.0
1,BEUTEL4DP,29,1.0,0.4208776652812958,0.44564205408096313,0.4465881995856762,0.4454881176352501,0.43290598720776413,0.43335191941557427,0.4328333425858398,2400.0,1486.0,309.0,197.0,411.0,5884.0,160.0,2689.0
2,BEUTEL4DP,42,1.0,0.7202275395393372,0.9993528462946415,0.9878062512725592,0.9785569906234741,0.8371361380344499,0.8330576007602676,0.8297505435703687,3697.0,235.0,460.0,40.0,5844.0,391.0,2701.0,168.0
3,BEUTEL4DP,55,1.0,0.7329344153404236,0.9989526346325874,0.996212899684906,0.9946262836456299,0.8455132974504556,0.8445303796159772,0.8439597336451252,3740.0,115.0,482.0,18.0,6074.0,201.0,2817.0,89.0
4,BEUTEL4DP,73,1.0,0.6871306300163269,0.9936961755156517,0.994319248944521,0.995961606502533,0.8124561993890616,0.8126643803225947,0.8132123852743943,3416.0,463.0,415.0,63.0,5446.0,790.0,2567.0,376.0
