,model_name,clas_acc,dp,deqodds,deqopp,trade_dp,trade_deqodds,trade_deqopp,TN_a0,FP_a0,FN_a0,TP_a0,TN_a1,FP_a1,FN_a1,TP_a1
0,UnfairLR-decay,0.840093085106383,0.8022880405187607,0.8576571196317673,0.8037259876728058,0.8207554563156776,0.8487842482175199,0.8215072519175244,1737.0,21.0,125.0,76.0,2519.0,281.0,535.0,722.0
1,UnfairLR,0.8507313829787234,0.8181807696819305,0.9115272760391235,0.8940975368022919,0.8341386412801033,0.8800806353816177,0.8718755465116287,1714.0,44.0,99.0,102.0,2531.0,269.0,486.0,771.0
