,model_name,clas_acc,dp,deqodds,deqopp,trade_dp,trade_deqodds,trade_deqopp,TN_a0,FP_a0,FN_a0,TP_a0,TN_a1,FP_a1,FN_a1,TP_a1
0,Zhang4DP,0.8500664893617021,0.8116671591997147,0.9020376913249493,0.8809651136398315,0.8304231585469832,0.87528130117928,0.8652400338658416,1718.0,40.0,101.0,100.0,2521.0,279.0,482.0,775.0
1,Zhang4EqOdds,0.8503989361702128,0.8121601194143295,0.9023948349058628,0.8809651136398315,0.8308397818770875,0.8756256671751188,0.8654122112845977,1718.0,40.0,101.0,100.0,2523.0,277.0,482.0,775.0
2,Zhang4EqOpp,0.8503989361702128,0.81613889336586,0.9062025360763073,0.8849428594112396,0.8329167623859681,0.8774143535795585,0.8673270800379583,1716.0,42.0,101.0,100.0,2530.0,270.0,487.0,770.0
