,model_name,clas_acc,dp,deqodds,deqopp,trade_dp,trade_deqodds,trade_deqopp
0,UnfairLR-decay,0.840093085106383,0.32775481045246124,0.7840487592620775,0.6391822770237923,0.4715418008090972,0.8111039603174962,0.7259941249572264
1,UnfairLR,0.8507313829787234,0.1391764134168625,0.6787115994375199,0.41171546280384064,0.23921771925681531,0.7550477713409008,0.5548895246321728
