,model_name,clas_acc,dp,deqodds,deqopp,trade_dp,trade_deqodds,trade_deqopp
0,Zhang4DP,0.8512300531914894,0.14380833506584167,0.6837138354312629,0.4257073774933815,0.24604875179110766,0.7583309967429701,0.5675687858775428
1,Zhang4EqOdds,0.8508976063829787,0.14169514179229736,0.6821408688556403,0.4212815538048744,0.24293559913430318,0.7572308743717928,0.5635487154072505
2,Zhang4EqOpp,0.8500664893617021,0.14072921872138977,0.6800524684367701,0.4160023555159569,0.24148104787525862,0.7556142108814308,0.5586262758938983
