,gender,age,hypertension,heart_disease,ever_married,Residence_type,work_type_Govt_job,work_type_Never_worked,work_type_Private,work_type_Self-employed,work_type_children,smoking_status_Unknown,smoking_status_formerly smoked,smoking_status_never smoked,smoking_status_smokes,avg_glucose_level,bmi,stroke
0,0,1.0,0,1,1,1,0,0,1,0,0,0,1,0,0,228.69,36.6,1
1,0,1.0,0,1,1,0,0,0,1,0,0,0,0,1,0,105.92,32.5,1
2,1,0.0,0,0,1,1,0,0,1,0,0,0,0,0,1,171.23,34.4,1
3,1,1.0,1,0,1,0,0,0,0,1,0,0,0,1,0,174.12,24.0,1
4,0,1.0,0,0,1,1,0,0,1,0,0,0,1,0,0,186.21,29.0,1
5,0,1.0,1,1,1,0,0,0,1,0,0,0,0,1,0,70.09,27.4,1
6,1,1.0,0,0,0,1,0,0,1,0,0,0,0,1,0,94.39,22.8,1
7,1,1.0,0,0,1,1,0,0,1,0,0,1,0,0,0,58.57,24.2,1
8,1,1.0,1,0,1,0,0,0,1,0,0,0,0,1,0,80.43,29.7,1
9,1,1.0,0,1,1,0,1,0,0,0,0,0,0,0,1,120.46,36.8,1
10,1,0.0,0,0,1,1,0,0,1,0,0,0,0,0,1,104.51,27.3,1
11,1,1.0,0,1,1,1,0,0,1,0,0,0,0,1,0,214.09,28.2,1
12,1,0.0,1,0,1,0,0,0,0,1,0,0,0,1,0,167.41,30.9,1
13,0,1.0,0,1,1,1,0,0,1,0,0,0,0,0,1,191.61,37.5,1
14,0,1.0,1,0,1,1,0,0,1,0,0,0,0,0,1,221.29,25.8,1
15,1,1.0,0,0,0,1,0,0,1,0,0,0,0,1,0,89.22,37.8,1
16,1,1.0,0,0,1,0,1,0,0,0,0,0,0,0,1,193.94,22.4,1
17,1,0.0,1,0,1,1,0,0,0,1,0,0,0,1,0,233.29,48.9,1
18,1,1.0,0,0,1,1,0,0,0,1,0,0,0,1,0,228.7,26.6,1
19,0,1.0,0,1,1,0,0,0,1,0,0,1,0,0,0,208.3,32.5,1
20,0,1.0,0,0,1,1,0,0,1,0,0,0,1,0,0,102.87,27.2,1
21,0,1.0,0,0,1,0,0,0,0,1,0,0,0,1,0,104.12,23.5,1
22,1,1.0,0,0,1,0,0,0,1,0,0,0,1,0,0,100.98,28.2,1
23,0,1.0,0,1,1,1,0,0,0,1,0,0,0,0,1,195.23,28.3,1
24,0,0.0,1,0,1,1,0,0,1,0,0,0,0,0,1,212.08,44.2,1
25,0,0.0,0,0,1,0,0,0,1,0,0,1,0,0,0,83.41,25.4,1
26,1,1.0,1,0,1,1,0,0,0,1,0,0,0,1,0,196.92,22.2,1
27,0,1.0,0,1,1,1,0,0,0,1,0,0,1,0,0,252.72,30.5,1
28,0,0.0,0,0,0,1,1,0,0,0,0,0,0,1,0,84.2,29.7,1
29,1,1.0,1,1,0,0,0,0,1,0,0,0,1,0,0,84.03,26.5,1
30,0,1.0,0,0,1,0,0,0,1,0,0,0,1,0,0,219.72,33.7,1
31,1,1.0,1,0,1,0,0,0,1,0,0,0,1,0,0,74.63,23.1,1
32,0,0.0,0,0,0,0,0,0,1,0,0,1,0,0,0,92.62,32.0,1
33,1,0.0,0,0,1,1,0,0,1,0,0,0,0,1,0,60.91,29.9,1
34,0,1.0,0,0,1,0,0,0,1,0,0,0,1,0,0,78.03,23.9,1
35,0,0.0,0,0,1,1,0,0,1,0,0,0,0,1,0,71.22,28.5,1
36,0,1.0,0,1,1,1,0,0,1,0,0,0,0,0,1,144.9,26.4,1
37,0,1.0,1,0,1,1,1,0,0,0,0,0,0,0,1,213.03,20.2,1
38,0,1.0,1,0,1,0,0,0,1,0,0,0,0,1,0,243.58,33.6,1
39,1,0.0,0,0,1,1,0,0,1,0,0,0,1,0,0,107.26,38.6,1
40,0,1.0,0,0,1,1,0,0,0,1,0,0,0,1,0,99.33,33.7,1
41,1,0.0,1,0,1,0,0,0,1,0,0,0,0,0,1,58.09,39.2,1
42,1,1.0,0,1,1,0,0,0,1,0,0,0,0,1,0,127.29,27.7,1
43,1,1.0,1,0,1,1,0,0,0,1,0,0,0,1,0,124.13,31.4,1
44,0,1.0,0,1,1,0,0,0,1,0,0,0,1,0,0,196.71,36.5,1
45,1,1.0,0,0,1,0,0,0,1,0,0,0,0,1,0,59.32,33.2,1
46,0,1.0,1,0,1,1,0,0,0,1,0,0,0,1,0,194.99,32.8,1
47,1,0.0,1,0,1,1,1,0,0,0,0,0,0,1,0,180.93,27.7,1
48,1,0.0,0,0,1,1,0,0,1,0,0,0,1,0,0,185.17,40.4,1
49,1,1.0,1,0,1,0,0,0,1,0,0,0,0,1,0,74.9,22.2,1
50,1,1.0,1,0,1,0,0,0,0,1,0,0,0,0,1,61.94,25.3,1
51,1,0.0,0,0,1,0,0,0,1,0,0,0,1,0,0,93.72,30.2,1
52,0,1.0,1,0,0,1,0,0,1,0,0,0,0,1,0,113.01,24.0,1
53,1,1.0,0,0,1,1,0,0,1,0,0,0,0,1,0,221.58,47.5,1
54,0,1.0,0,0,1,1,0,0,1,0,0,1,0,0,0,104.47,20.3,1
55,0,0.0,0,0,1,1,0,0,1,0,0,0,1,0,0,86.23,30.0,1
56,1,1.0,1,0,1,0,0,0,0,1,0,0,0,1,0,72.67,28.9,1
57,1,1.0,1,0,1,0,0,0,1,0,0,0,1,0,0,179.12,28.1,1
58,1,1.0,1,0,1,0,1,0,0,0,0,0,1,0,0,116.55,31.1,1
59,0,1.0,0,0,1,0,0,0,1,0,0,0,0,1,0,228.56,27.4,1
60,1,0.0,0,0,1,0,0,0,1,0,0,0,0,1,0,96.59,26.4,1
61,1,1.0,0,1,1,0,0,0,0,1,0,0,1,0,0,66.72,21.7,1
62,0,1.0,1,0,1,1,0,0,1,0,0,0,0,1,0,240.09,27.0,1
63,1,1.0,0,0,1,1,0,0,1,0,0,0,1,0,0,110.85,24.1,1
64,0,0.0,0,0,1,1,0,0,0,1,0,1,0,0,0,143.43,45.9,1
65,0,0.0,0,0,1,0,0,0,1,0,0,1,0,0,0,96.16,44.1,1
66,1,1.0,0,0,0,0,0,0,1,0,0,0,0,1,0,88.92,22.9,1
67,1,1.0,1,0,0,1,0,0,0,1,0,0,0,1,0,79.79,29.7,1
68,0,0.0,0,0,1,0,0,0,1,0,0,0,0,0,1,96.97,29.1,1
69,0,1.0,0,1,1,0,0,0,1,0,0,0,0,0,1,111.81,27.3,1
70,1,1.0,0,1,1,0,0,0,1,0,0,0,1,0,0,59.35,32.3,1
71,0,0.0,0,0,1,1,0,0,1,0,0,0,1,0,0,86.94,41.1,1
72,0,1.0,0,0,1,1,0,0,1,0,0,1,0,0,0,98.55,25.6,1
73,1,1.0,0,1,1,1,0,0,1,0,0,0,0,1,0,226.98,29.8,1
74,0,1.0,0,0,1,1,0,0,1,0,0,0,0,1,0,72.81,26.3,1
75,1,0.0,0,0,0,1,0,0,0,1,0,0,0,1,0,68.02,37.5,1
76,1,1.0,1,0,1,1,0,0,0,1,0,1,0,0,0,68.56,26.2,1
77,0,0.0,0,0,1,0,0,0,1,0,0,0,0,1,0,64.14,29.4,1
78,1,1.0,0,0,1,0,0,0,1,0,0,0,0,1,0,235.63,32.3,1
79,1,1.0,0,0,1,0,0,0,0,1,0,0,1,0,0,76.34,24.4,1
80,0,0.0,0,1,1,0,0,0,1,0,0,0,0,0,1,240.59,31.4,1
81,0,0.0,1,0,1,1,1,0,0,0,0,0,1,0,0,78.92,27.7,1
82,1,1.0,0,0,1,1,1,0,0,0,0,0,0,1,0,82.81,28.0,1
83,0,1.0,0,1,1,1,1,0,0,0,0,1,0,0,0,74.1,28.8,1
84,1,1.0,0,0,1,0,1,0,0,0,0,0,0,1,0,190.32,31.4,1
85,1,1.0,0,0,1,0,0,0,1,0,0,0,1,0,0,231.61,34.6,1
86,1,1.0,0,1,1,0,0,0,0,1,0,1,0,0,0,78.7,19.4,1
87,1,0.0,0,0,1,1,1,0,0,0,0,1,0,0,0,110.52,28.5,1
88,1,0.0,1,0,1,0,0,0,1,0,0,0,1,0,0,73.18,30.3,1
89,1,0.0,0,0,1,0,0,0,0,1,0,0,0,0,1,191.82,40.4,1
90,1,1.0,0,0,1,0,0,0,1,0,0,0,0,1,0,93.05,24.2,1
91,1,0.0,0,0,1,1,1,0,0,0,0,0,0,1,0,64.17,41.5,1
92,0,1.0,0,1,1,0,0,0,1,0,0,0,1,0,0,129.98,22.6,1
93,0,1.0,0,1,1,1,0,0,1,0,0,0,0,0,1,68.53,24.2,1
94,1,0.0,0,0,1,0,0,0,1,0,0,0,0,1,0,224.1,56.6,1
95,1,1.0,0,0,0,1,1,0,0,0,0,1,0,0,0,82.1,27.1,1
96,0,1.0,1,1,0,0,1,0,0,0,0,0,0,1,0,216.94,30.9,1
97,0,1.0,1,0,1,0,0,0,0,1,0,0,0,0,1,76.11,27.3,1
98,0,1.0,0,0,1,1,0,0,1,0,0,0,0,0,1,72.96,31.3,1
99,1,0.0,0,0,0,1,0,0,0,1,0,0,1,0,0,82.28,24.0,1
100,1,1.0,0,0,1,1,0,0,1,0,0,0,0,1,0,105.22,31.0,1
101,1,0.0,0,0,1,0,0,0,1,0,0,0,1,0,0,59.86,28.0,1
102,1,0.0,1,0,1,1,0,0,1,0,0,1,0,0,0,62.55,30.3,1
103,0,1.0,0,0,1,0,0,0,1,0,0,0,0,0,1,259.63,31.7,1
104,0,0.0,1,0,1,0,0,0,1,0,0,0,0,1,0,249.31,35.8,1
105,1,1.0,0,0,1,1,1,0,0,0,0,0,0,1,0,131.41,28.4,1
106,1,1.0,0,0,1,1,0,0,1,0,0,1,0,0,0,73.54,24.0,1
107,0,1.0,0,0,1,1,1,0,0,0,0,0,1,0,0,200.59,29.0,1
108,1,1.0,1,0,1,0,0,0,1,0,0,0,0,1,0,190.14,36.5,1
109,1,1.0,1,0,0,1,0,0,1,0,0,0,0,1,0,130.54,20.1,1
110,0,1.0,1,0,0,0,0,0,1,0,0,0,0,1,0,182.99,36.5,1
111,1,1.0,1,0,1,0,0,0,0,1,0,0,0,1,0,206.09,26.7,1
112,1,1.0,0,0,1,1,1,0,0,0,0,0,0,1,0,263.32,38.7,1
113,0,1.0,0,0,1,1,0,0,1,0,0,0,1,0,0,140.1,29.9,1
114,1,1.0,0,0,1,1,0,0,1,0,0,1,0,0,0,207.28,34.9,1
115,0,1.0,1,0,1,0,0,0,0,1,0,0,1,0,0,194.37,27.0,1
116,1,1.0,0,0,1,0,0,0,1,0,0,1,0,0,0,199.2,26.6,1
117,0,1.0,0,1,1,0,1,0,0,0,0,0,0,1,0,103.68,25.0,1
118,1,0.0,0,0,1,0,0,0,1,0,0,0,0,0,1,116.44,23.8,1
119,1,1.0,1,0,1,1,0,0,1,0,0,0,0,1,0,70.28,21.8,1
120,1,1.0,1,1,0,1,0,0,0,1,0,0,0,1,0,72.17,36.8,1
121,1,1.0,1,0,1,1,0,0,1,0,0,0,0,1,0,221.79,30.0,1
122,0,1.0,0,0,1,1,0,0,1,0,0,0,1,0,0,151.16,27.5,1
123,1,1.0,0,0,1,1,0,0,1,0,0,0,0,1,0,67.29,24.6,1
124,1,0.0,1,0,1,0,1,0,0,0,0,0,0,1,0,67.41,32.9,1
125,1,1.0,0,1,1,0,0,0,1,0,0,0,0,1,0,239.07,26.1,1
126,0,1.0,0,1,1,1,0,0,1,0,0,0,1,0,0,223.83,31.9,1
127,1,1.0,0,0,1,1,0,0,0,1,0,0,0,1,0,76.57,34.1,1
128,0,1.0,0,0,1,1,0,0,0,1,0,0,0,0,1,77.82,27.5,1
129,1,0.0,0,0,1,0,0,0,0,1,0,0,0,1,0,92.98,25.6,1
130,1,1.0,0,1,1,0,0,0,1,0,0,0,0,1,0,231.56,36.9,1
131,1,0.0,0,0,1,0,0,0,1,0,0,0,0,0,1,102.16,31.4,1
132,1,0.0,0,0,1,1,0,0,1,0,0,0,0,0,1,221.89,37.3,1
133,1,1.0,0,0,1,1,0,0,0,1,0,0,1,0,0,195.71,34.1,1
134,1,1.0,1,0,1,0,0,0,0,1,0,0,0,1,0,74.02,25.0,1
135,1,1.0,1,0,0,1,0,0,1,0,0,0,0,1,0,203.87,45.7,1
136,1,1.0,1,0,1,1,0,0,0,1,0,0,1,0,0,89.13,34.2,1
137,0,1.0,0,0,1,1,0,0,0,1,0,0,1,0,0,133.19,23.6,1
138,1,0.0,0,0,1,0,1,0,0,0,0,1,0,0,0,162.23,27.3,1
139,1,1.0,1,0,0,1,1,0,0,0,0,0,1,0,0,98.02,22.3,1
140,0,1.0,0,0,1,0,0,0,0,1,0,0,0,1,0,91.54,31.4,1
141,1,1.0,0,0,1,1,0,0,1,0,0,0,0,0,1,97.43,26.4,1
142,1,1.0,1,0,1,0,0,0,0,1,0,0,1,0,0,91.02,32.9,1
143,0,1.0,1,0,1,0,0,0,0,1,0,0,0,1,0,185.49,37.1,1
144,1,1.0,0,0,1,1,0,0,1,0,0,0,0,1,0,64.44,45.0,1
145,0,1.0,1,0,1,0,0,0,0,1,0,0,1,0,0,56.11,25.5,1
146,0,1.0,0,0,1,1,0,0,1,0,0,1,0,0,0,213.22,26.1,1
147,1,0.0,0,0,1,1,0,0,1,0,0,0,0,1,0,78.18,30.8,1
148,0,0.0,0,0,1,1,0,0,1,0,0,0,1,0,0,111.04,32.0,1
149,1,0.0,0,0,1,0,0,0,1,0,0,0,0,0,1,76.13,29.9,1
150,0,1.0,1,1,1,1,0,0,1,0,0,0,0,0,1,112.24,37.4,1
151,0,1.0,0,0,1,0,0,0,1,0,0,0,1,0,0,137.3,31.7,1
152,0,1.0,0,1,1,1,0,0,0,1,0,0,1,0,0,116.69,34.5,1
153,1,1.0,1,1,1,1,1,0,0,0,0,0,1,0,0,215.94,27.9,1
154,0,1.0,0,0,1,0,0,0,1,0,0,0,1,0,0,86.62,29.5,1
155,1,1.0,0,0,1,1,0,0,1,0,0,0,1,0,0,205.77,46.0,1
156,0,0.0,1,0,1,1,0,0,1,0,0,0,1,0,0,112.16,42.5,1
157,0,0.0,0,0,1,0,0,0,0,1,0,0,0,0,1,118.03,35.5,1
158,0,1.0,1,1,1,0,0,0,1,0,0,0,0,0,1,271.74,31.1,1
159,1,1.0,0,0,1,0,0,0,1,0,0,0,0,0,1,97.92,26.9,1
160,0,0.0,0,0,1,1,0,0,1,0,0,0,1,0,0,200.62,35.8,1
161,0,1.0,1,0,1,0,0,0,1,0,0,0,1,0,0,242.52,45.5,1
162,0,1.0,0,0,1,0,0,0,1,0,0,1,0,0,0,93.81,28.5,1
163,1,1.0,0,0,1,1,0,0,0,1,0,0,0,1,0,74.96,26.6,1
164,0,1.0,1,1,1,1,0,0,1,0,0,0,1,0,0,175.29,31.5,1
165,1,1.0,0,0,1,0,0,0,0,1,0,0,0,1,0,90.0,32.0,1
166,1,1.0,0,0,1,0,0,0,0,1,0,0,0,1,0,109.47,30.8,1
167,0,0.0,0,0,1,0,1,0,0,0,0,0,0,0,1,87.85,31.1,1
168,1,1.0,0,0,1,1,0,0,1,0,0,0,1,0,0,106.74,33.0,1
169,1,1.0,0,0,1,0,0,0,1,0,0,0,0,1,0,80.13,23.4,1
170,0,1.0,0,0,0,1,0,0,0,1,0,0,0,1,0,90.19,26.9,1
171,0,1.0,1,0,1,0,0,0,0,1,0,1,0,0,0,134.8,33.6,1
172,1,1.0,0,0,1,0,1,0,0,0,0,1,0,0,0,106.58,23.9,1
173,1,0.0,0,0,1,1,0,0,1,0,0,0,0,1,0,83.24,26.3,1
174,1,0.0,0,0,1,0,1,0,0,0,0,0,1,0,0,103.43,27.3,1
175,0,1.0,0,0,1,1,0,0,1,0,0,0,0,1,0,208.65,30.7,1
176,1,0.0,0,0,1,1,0,0,1,0,0,0,0,1,0,74.11,20.5,1
177,1,1.0,0,0,1,1,0,0,0,1,0,0,0,1,0,95.84,21.5,1
178,1,1.0,0,1,0,1,0,0,1,0,0,0,0,0,1,205.33,31.0,1
179,0,1.0,0,0,1,1,0,0,0,1,0,0,0,1,0,116.1,27.1,1
180,1,0.0,1,1,1,1,0,0,1,0,0,0,0,0,1,210.4,40.0,1
181,0,1.0,0,1,1,0,1,0,0,0,0,0,0,1,0,219.73,28.6,1
182,0,1.0,1,1,1,1,0,0,1,0,0,0,0,0,1,250.89,28.1,1
183,0,1.0,0,0,1,0,0,0,1,0,0,0,0,1,0,72.73,28.4,1
184,1,1.0,0,0,1,0,1,0,0,0,0,0,1,0,0,205.35,42.2,1
185,1,1.0,0,0,0,1,1,0,0,0,0,0,0,0,1,70.3,25.8,1
186,0,0.0,0,0,0,0,0,0,1,0,0,0,0,0,1,104.86,31.9,1
187,1,0.0,0,1,1,1,0,0,1,0,0,1,0,0,0,216.58,31.0,1
188,1,1.0,0,0,1,0,0,0,1,0,0,0,0,1,0,184.4,27.5,1
189,1,0.0,0,0,1,1,0,0,0,1,0,0,0,0,1,97.76,29.6,1
190,1,1.0,1,0,0,1,0,0,1,0,0,0,0,1,0,66.03,35.4,1
191,1,1.0,0,0,1,0,0,0,0,1,0,0,0,1,0,81.95,16.9,1
192,1,1.0,0,0,1,1,0,0,1,0,0,0,0,0,1,97.73,21.5,1
193,1,1.0,0,0,1,1,0,0,0,1,0,0,0,1,0,70.94,34.4,1
194,1,1.0,1,0,1,1,0,0,0,1,0,0,1,0,0,199.84,28.0,1
195,0,1.0,0,0,1,1,0,0,0,1,0,1,0,0,0,218.46,26.8,1
196,1,1.0,0,0,1,0,0,0,1,0,0,1,0,0,0,211.06,39.3,1
197,0,0.0,0,0,1,1,0,0,1,0,0,1,0,0,0,86.3,31.7,1
198,0,1.0,0,0,1,0,0,0,0,1,0,0,1,0,0,162.14,32.6,1
199,1,0.0,1,0,1,1,0,0,1,0,0,0,0,1,0,88.2,28.4,1
200,0,1.0,0,1,1,1,0,0,1,0,0,0,0,0,1,91.92,35.9,1
201,0,1.0,0,0,1,0,0,0,1,0,0,0,1,0,0,76.46,21.2,1
202,0,0.0,0,0,1,0,0,0,1,0,0,0,1,0,0,197.28,34.5,1
203,0,1.0,0,0,1,0,0,0,1,0,0,0,0,1,0,233.94,42.4,1
204,1,1.0,1,1,1,1,0,0,1,0,0,0,1,0,0,247.51,40.5,1
205,0,0.0,0,0,1,0,0,0,1,0,0,1,0,0,0,84.96,36.7,1
206,1,0.0,0,0,0,0,0,0,0,0,1,1,0,0,0,57.93,30.9,1
207,1,1.0,0,0,1,0,0,0,0,1,0,0,1,0,0,78.8,29.3,1
208,1,1.0,0,0,1,0,0,0,1,0,0,1,0,0,0,78.81,19.6,1
209,0,0.0,0,0,0,0,0,0,0,0,1,1,0,0,0,95.12,18.0,0
210,0,0.0,1,0,1,1,0,0,1,0,0,0,0,1,0,87.96,39.2,0
211,1,0.0,0,0,0,1,0,0,1,0,0,1,0,0,0,110.89,17.6,0
212,1,1.0,0,0,1,0,0,0,1,0,0,0,1,0,0,69.04,35.9,0
213,0,0.0,0,0,0,0,0,1,0,0,0,1,0,0,0,161.28,19.1,0
214,1,0.0,0,0,1,1,0,0,1,0,0,1,0,0,0,210.95,50.1,0
215,1,0.0,0,0,1,1,0,0,1,0,0,0,1,0,0,77.59,17.7,0
216,1,1.0,0,1,1,0,0,0,0,1,0,0,0,1,0,243.53,27.0,0
217,1,0.0,0,0,1,0,0,0,1,0,0,0,0,0,1,77.67,32.3,0
218,1,1.0,1,0,1,1,0,0,0,1,0,0,0,1,0,205.84,54.6,0
219,1,1.0,0,0,1,1,1,0,0,0,0,1,0,0,0,77.08,35.0,0
220,0,1.0,0,1,1,1,0,0,1,0,0,0,1,0,0,57.08,22.0,0
221,1,0.0,0,0,1,0,0,0,1,0,0,0,0,1,0,162.96,39.4,0
222,1,0.0,0,0,1,0,0,0,1,0,0,0,1,0,0,73.5,26.1,0
223,1,0.0,0,0,1,0,0,0,1,0,0,0,0,1,0,95.04,42.4,0
224,0,0.0,0,0,0,0,0,0,1,0,0,0,0,1,0,85.37,33.0,0
225,1,0.0,0,0,0,1,0,0,1,0,0,0,0,0,1,84.62,19.7,0
226,1,0.0,0,0,1,0,0,0,1,0,0,0,0,1,0,82.67,22.5,0
227,1,0.0,0,0,1,1,1,0,0,0,0,0,0,0,1,57.33,24.6,0
228,1,1.0,0,1,1,1,0,0,0,1,0,0,0,0,1,67.84,25.2,0
229,1,1.0,1,0,1,0,0,0,1,0,0,1,0,0,0,75.7,41.8,0
230,1,0.0,1,0,1,0,0,0,1,0,0,0,0,0,1,129.54,60.9,0
231,1,0.0,0,0,1,0,0,0,1,0,0,0,0,0,1,60.22,31.5,0
232,0,1.0,0,0,1,1,0,0,1,0,0,0,1,0,0,198.21,27.3,0
233,1,0.0,0,0,1,1,0,0,1,0,0,0,0,1,0,109.82,23.7,0
234,1,0.0,0,0,1,1,0,0,1,0,0,0,0,1,0,60.84,24.5,0
235,1,1.0,0,0,1,0,1,0,0,0,0,0,0,0,1,94.61,28.4,0
236,1,0.0,0,0,0,0,0,0,1,0,0,0,0,1,0,97.49,26.9,0
237,1,0.0,0,0,1,0,0,0,1,0,0,0,0,1,0,206.72,26.7,0
238,1,1.0,0,0,1,0,0,0,0,1,0,0,0,1,0,214.45,31.2,0
239,0,0.0,0,0,1,1,0,0,0,1,0,1,0,0,0,82.9,25.0,0
240,1,0.0,0,0,1,1,0,0,1,0,0,1,0,0,0,103.26,25.4,0
241,0,0.0,1,0,0,1,0,0,1,0,0,0,0,0,1,55.78,27.5,0
242,1,0.0,0,0,0,1,0,0,0,0,1,1,0,0,0,73.74,16.0,0
243,1,0.0,0,0,1,1,0,0,1,0,0,1,0,0,0,149.75,27.0,0
244,0,0.0,0,0,0,1,1,0,0,0,0,1,0,0,0,82.34,31.6,0
245,1,0.0,0,0,1,0,0,0,1,0,0,0,1,0,0,62.6,25.1,0
246,1,0.0,0,0,0,1,0,0,1,0,0,0,0,1,0,94.09,30.9,0
247,1,0.0,0,0,1,1,0,0,1,0,0,1,0,0,0,55.42,24.8,0
248,1,0.0,0,0,0,1,0,0,0,1,0,1,0,0,0,82.18,23.4,0
249,0,0.0,0,0,1,1,0,0,1,0,0,0,0,0,1,117.92,29.4,0
250,0,0.0,0,0,0,1,0,0,0,0,1,1,0,0,0,114.84,18.3,0
251,0,0.0,0,0,0,0,0,0,0,0,1,1,0,0,0,79.17,20.0,0
252,1,0.0,0,0,0,0,0,0,0,0,1,1,0,0,0,110.63,19.5,0
253,0,1.0,0,0,1,1,0,0,1,0,0,0,1,0,0,190.7,36.0,0
254,1,0.0,0,0,0,0,0,0,1,0,0,1,0,0,0,79.81,27.7,0
255,1,0.0,0,0,1,1,1,0,0,0,0,0,0,0,1,113.63,27.5,0
256,1,1.0,0,0,1,0,0,0,1,0,0,0,0,1,0,141.24,28.5,0
257,0,0.0,1,0,1,0,1,0,0,0,0,0,0,0,1,56.96,26.8,0
258,0,1.0,0,0,1,0,0,0,0,1,0,0,0,1,0,203.04,33.6,0
259,1,0.0,0,0,1,0,0,0,1,0,0,1,0,0,0,94.3,29.1,0
260,1,0.0,0,0,1,1,0,0,0,1,0,1,0,0,0,81.51,28.5,0
261,1,1.0,0,0,0,1,0,0,0,1,0,0,1,0,0,137.74,34.9,0
262,0,0.0,0,0,1,0,0,0,1,0,0,0,0,1,0,81.84,25.1,0
263,0,1.0,0,0,1,0,0,0,1,0,0,0,0,0,1,242.3,35.3,0
264,0,0.0,0,0,1,0,0,0,1,0,0,0,0,0,1,102.64,26.4,0
265,0,0.0,0,0,1,1,0,0,1,0,0,0,0,0,1,146.01,31.5,0
266,1,0.0,0,0,0,1,0,0,0,0,1,1,0,0,0,75.42,40.1,0
267,0,0.0,0,0,1,1,1,0,0,0,0,1,0,0,0,220.49,43.1,0
268,1,0.0,0,0,1,1,0,0,1,0,0,0,0,0,1,61.45,36.7,0
269,0,0.0,0,0,1,0,0,0,0,1,0,0,1,0,0,88.19,29.3,0
270,1,0.0,0,0,1,0,0,0,0,1,0,1,0,0,0,115.22,21.2,0
271,1,1.0,0,0,1,1,0,0,1,0,0,1,0,0,0,97.93,31.2,0
272,1,0.0,0,0,1,0,0,0,1,0,0,1,0,0,0,85.6,21.4,0
273,1,0.0,0,0,1,0,0,0,1,0,0,0,0,0,1,79.83,27.9,0
274,1,1.0,1,0,1,1,0,0,1,0,0,0,0,1,0,218.46,34.3,0
275,0,0.0,0,1,1,0,0,0,1,0,0,0,1,0,0,62.2,31.0,0
276,0,1.0,0,0,1,1,0,0,0,1,0,0,1,0,0,69.15,27.7,0
277,1,0.0,1,0,1,0,0,0,0,1,0,0,0,1,0,127.71,36.0,0
278,1,0.0,0,0,1,0,0,0,1,0,0,0,1,0,0,216.7,38.7,0
279,1,0.0,0,0,0,1,0,0,1,0,0,0,0,1,0,71.89,27.6,0
280,0,0.0,0,0,0,0,0,0,1,0,0,1,0,0,0,103.56,25.1,0
281,0,0.0,0,0,0,0,0,0,0,0,1,1,0,0,0,79.03,16.5,0
282,1,0.0,0,0,0,1,0,0,1,0,0,1,0,0,0,69.94,22.8,0
283,0,0.0,0,0,1,0,0,0,1,0,0,1,0,0,0,90.12,35.4,0
284,0,0.0,0,0,0,1,1,0,0,0,0,0,1,0,0,95.1,24.3,0
285,0,1.0,0,0,1,0,0,0,1,0,0,0,1,0,0,234.58,34.3,0
286,1,0.0,1,0,1,0,0,0,1,0,0,0,0,1,0,235.85,40.1,0
287,0,0.0,0,0,0,0,0,0,0,0,1,1,0,0,0,78.05,25.7,0
288,1,0.0,0,0,0,0,0,0,1,0,0,0,0,0,1,89.44,21.9,0
289,1,0.0,0,0,0,0,0,0,1,0,0,0,0,0,1,111.38,38.4,0
290,1,1.0,0,0,1,1,0,0,1,0,0,0,0,1,0,243.5,26.1,0
291,1,1.0,1,0,1,1,0,0,1,0,0,0,1,0,0,182.2,30.5,0
292,0,0.0,0,0,1,1,0,0,0,1,0,0,0,0,1,229.92,25.9,0
293,1,0.0,0,0,1,1,0,0,1,0,0,0,1,0,0,82.24,54.7,0
294,1,0.0,0,0,1,0,0,0,0,1,0,1,0,0,0,89.84,29.9,0
295,0,0.0,0,0,0,0,0,0,0,0,1,1,0,0,0,90.69,18.6,0
296,1,0.0,0,0,1,1,0,0,1,0,0,1,0,0,0,84.38,27.1,0
297,1,1.0,0,1,0,1,0,0,1,0,0,0,0,1,0,215.6,24.9,0
298,1,0.0,0,0,1,0,1,0,0,0,0,0,0,1,0,91.61,25.2,0
299,1,0.0,0,0,1,0,0,0,1,0,0,0,0,1,0,138.16,19.4,0
300,1,0.0,0,0,1,1,0,0,1,0,0,0,0,1,0,75.23,29.0,0
301,1,0.0,0,0,1,0,0,0,1,0,0,0,1,0,0,75.18,48.2,0
302,0,1.0,0,0,1,1,1,0,0,0,0,0,1,0,0,239.64,34.6,0
303,1,1.0,0,0,1,1,0,0,0,1,0,0,0,1,0,58.95,24.6,0
304,1,0.0,0,0,0,1,0,0,1,0,0,0,0,1,0,99.92,25.8,0
305,0,1.0,0,0,1,0,0,0,1,0,0,0,0,1,0,116.23,26.1,0
306,1,0.0,0,0,1,1,1,0,0,0,0,0,1,0,0,118.82,29.0,0
307,1,0.0,0,0,0,0,0,0,1,0,0,0,0,1,0,66.3,27.2,0
308,1,0.0,0,0,0,1,1,0,0,0,0,0,0,0,1,101.41,20.7,0
309,1,1.0,1,1,1,1,0,0,0,1,0,0,1,0,0,200.28,30.0,0
310,1,0.0,0,0,1,1,0,0,1,0,0,0,0,1,0,136.8,37.3,0
311,1,0.0,0,0,0,0,0,0,1,0,0,0,0,1,0,96.57,34.1,0
312,1,1.0,0,0,1,0,0,0,1,0,0,0,0,1,0,66.42,23.6,0
313,1,0.0,0,0,1,1,0,0,1,0,0,0,0,0,1,98.09,25.2,0
314,1,1.0,1,0,1,0,0,0,1,0,0,0,0,1,0,205.23,39.5,0
315,0,0.0,0,0,1,1,0,0,1,0,0,0,0,0,1,86.78,23.5,0
316,1,0.0,0,0,0,0,1,0,0,0,0,0,0,1,0,126.82,23.3,0
317,0,0.0,0,0,1,1,0,0,0,1,0,0,0,1,0,78.4,64.8,0
318,1,0.0,0,0,1,1,0,0,1,0,0,0,0,0,1,63.69,28.1,0
319,1,0.0,0,0,1,0,0,0,0,1,0,0,0,1,0,89.86,24.4,0
320,0,1.0,0,0,1,0,0,0,1,0,0,0,1,0,0,110.99,29.8,0
321,1,0.0,0,0,0,1,0,0,0,0,1,1,0,0,0,83.82,24.9,0
322,0,0.0,0,0,1,1,0,0,1,0,0,1,0,0,0,137.96,35.1,0
323,1,1.0,0,0,1,0,0,0,1,0,0,0,1,0,0,210.78,32.3,0
324,1,0.0,0,0,1,0,0,0,0,1,0,0,0,1,0,118.89,43.6,0
325,1,0.0,0,0,0,0,0,0,0,1,0,0,0,1,0,72.55,21.0,0
326,1,0.0,0,0,1,0,0,0,1,0,0,0,0,1,0,107.41,47.3,0
327,1,0.0,0,0,0,0,0,0,0,0,1,1,0,0,0,93.25,16.6,0
328,0,0.0,0,0,1,0,0,0,1,0,0,0,0,1,0,74.91,37.5,0
329,1,0.0,0,0,0,1,0,0,1,0,0,0,0,1,0,80.05,24.2,0
330,0,0.0,0,0,1,1,0,0,1,0,0,0,0,1,0,99.8,31.6,0
331,1,0.0,0,0,1,0,0,0,1,0,0,0,1,0,0,91.97,21.6,0
332,1,0.0,0,0,1,0,1,0,0,0,0,0,0,0,1,64.4,31.0,0
333,0,0.0,0,0,1,0,1,0,0,0,0,0,0,1,0,73.02,31.1,0
334,1,0.0,0,0,0,0,0,0,0,0,1,1,0,0,0,88.11,15.5,0
335,0,0.0,0,0,0,1,0,0,1,0,0,1,0,0,0,138.29,27.3,0
336,1,0.0,0,0,0,0,0,0,0,0,1,1,0,0,0,72.36,20.5,0
337,1,0.0,0,0,1,0,0,0,1,0,0,0,1,0,0,68.76,35.6,0
338,0,0.0,0,0,0,0,0,0,0,0,1,1,0,0,0,106.22,16.7,0
339,1,0.0,0,0,1,1,0,0,1,0,0,0,0,1,0,101.52,41.8,0
340,0,0.0,1,1,1,0,1,0,0,0,0,0,0,1,0,109.51,41.9,0
341,0,0.0,0,0,0,0,0,0,0,0,1,1,0,0,0,85.84,16.4,0
342,0,0.0,0,0,0,0,0,0,0,0,1,1,0,0,0,110.15,17.1,0
343,1,0.0,0,0,1,1,0,0,1,0,0,0,0,1,0,91.72,29.2,0
344,0,1.0,1,0,1,1,0,0,0,1,0,0,0,1,0,251.6,27.1,0
345,0,0.0,0,0,0,1,0,0,1,0,0,0,0,1,0,123.1,37.9,0
346,0,0.0,0,0,1,0,1,0,0,0,0,0,1,0,0,97.4,44.6,0
347,1,1.0,0,0,1,0,0,0,1,0,0,0,1,0,0,68.34,22.8,0
348,0,0.0,0,0,1,1,0,0,1,0,0,0,0,1,0,80.81,33.2,0
349,0,0.0,0,0,1,0,0,0,1,0,0,0,0,0,1,120.31,22.3,0
350,1,0.0,0,0,1,0,0,0,1,0,0,0,0,1,0,83.51,26.4,0
351,0,0.0,0,0,0,1,0,0,0,1,0,0,0,1,0,74.09,39.6,0
352,1,0.0,0,0,0,1,0,0,1,0,0,0,0,1,0,91.6,28.1,0
353,1,0.0,0,0,0,1,0,0,1,0,0,0,0,1,0,87.52,39.2,0
354,0,1.0,1,0,1,0,0,0,1,0,0,0,0,1,0,213.37,36.0,0
355,1,1.0,0,0,1,0,0,0,0,1,0,0,0,1,0,75.39,37.8,0
356,1,0.0,0,0,1,0,0,0,1,0,0,0,0,0,1,122.41,40.3,0
357,0,0.0,1,0,1,0,0,0,1,0,0,0,1,0,0,223.36,41.5,0
358,1,0.0,0,0,0,0,0,0,0,0,1,1,0,0,0,84.59,17.7,0
359,1,0.0,0,0,0,1,0,0,0,0,1,0,0,1,0,70.16,21.2,0
360,1,0.0,0,0,0,0,0,0,1,0,0,1,0,0,0,107.52,41.6,0
361,1,0.0,0,0,1,1,1,0,0,0,0,0,0,0,1,80.88,23.8,0
362,1,1.0,0,0,1,0,0,0,0,1,0,1,0,0,0,93.48,23.7,0
363,1,1.0,0,1,1,1,1,0,0,0,0,0,0,1,0,70.21,24.8,0
364,0,0.0,0,0,1,0,0,0,1,0,0,1,0,0,0,86.67,39.0,0
365,1,0.0,0,0,1,0,0,0,1,0,0,0,0,1,0,101.37,37.9,0
366,1,0.0,0,0,1,0,0,0,1,0,0,0,0,1,0,105.22,31.1,0
367,1,1.0,0,0,1,0,0,0,1,0,0,1,0,0,0,70.31,23.2,0
368,0,0.0,0,0,0,0,0,0,0,1,0,1,0,0,0,64.06,18.9,0
369,0,1.0,1,0,1,0,0,0,0,1,0,0,0,1,0,178.29,36.1,0
370,1,1.0,0,0,0,0,1,0,0,0,0,0,0,0,1,81.6,36.3,0
371,1,0.0,0,0,1,1,0,0,0,1,0,1,0,0,0,147.48,40.5,0
372,0,0.0,0,0,0,1,0,0,0,0,1,0,0,1,0,86.86,25.4,0
373,1,0.0,0,0,1,0,0,0,1,0,0,0,0,0,1,71.16,46.5,0
374,1,0.0,0,0,0,1,0,0,0,0,1,1,0,0,0,73.2,16.8,0
375,1,0.0,0,0,1,1,0,0,1,0,0,0,0,1,0,203.81,46.6,0
376,1,0.0,0,0,0,0,0,0,1,0,0,0,0,1,0,82.0,26.4,0
377,1,0.0,0,0,0,1,0,0,1,0,0,0,0,1,0,97.55,26.2,0
378,0,1.0,0,0,1,1,1,0,0,0,0,1,0,0,0,94.29,35.2,0
379,1,0.0,0,0,0,0,0,0,0,0,1,1,0,0,0,75.22,20.9,0
380,0,1.0,0,0,1,1,0,0,1,0,0,1,0,0,0,90.07,36.8,0
381,1,0.0,0,0,1,1,0,0,1,0,0,0,1,0,0,73.73,34.4,0
382,1,1.0,0,0,1,1,0,0,1,0,0,0,0,1,0,79.58,22.2,0
383,1,0.0,0,0,0,1,0,0,0,0,1,1,0,0,0,77.88,13.8,0
384,1,0.0,1,0,1,0,0,0,1,0,0,0,0,1,0,205.26,40.3,0
385,1,0.0,0,0,1,0,0,0,1,0,0,0,0,0,1,58.63,28.4,0
386,1,0.0,0,0,1,0,0,0,1,0,0,0,0,0,1,139.9,31.7,0
387,0,0.0,0,0,1,1,0,0,1,0,0,0,1,0,0,211.03,34.2,0
388,1,0.0,0,1,1,1,0,0,1,0,0,0,0,1,0,72.79,54.7,0
389,0,0.0,0,0,1,0,1,0,0,0,0,0,1,0,0,91.65,24.6,0
390,1,1.0,0,0,1,0,0,0,0,1,0,0,0,1,0,225.47,36.9,0
391,0,1.0,0,0,1,1,1,0,0,0,0,0,0,1,0,94.48,31.1,0
392,1,1.0,0,0,1,1,0,0,1,0,0,0,0,1,0,82.34,31.9,0
393,1,1.0,0,0,1,1,0,0,0,1,0,0,1,0,0,180.63,31.8,0
394,1,0.0,0,0,0,0,0,0,0,0,1,1,0,0,0,92.48,18.0,0
395,0,0.0,0,0,1,0,0,0,1,0,0,0,1,0,0,116.66,28.5,0
396,0,1.0,1,0,1,1,0,0,1,0,0,0,0,1,0,112.09,29.5,0
397,1,0.0,0,0,0,1,0,0,1,0,0,0,0,1,0,130.34,22.0,0
398,1,0.0,0,0,0,1,0,0,1,0,0,0,0,1,0,82.59,29.4,0
399,0,0.0,0,0,1,0,0,0,1,0,0,1,0,0,0,123.87,28.8,0
400,0,0.0,0,0,0,0,1,0,0,0,0,1,0,0,0,98.7,26.2,0
401,1,1.0,1,0,1,0,0,0,0,1,0,1,0,0,0,227.1,26.9,0
402,0,0.0,0,0,0,0,0,0,0,0,1,1,0,0,0,55.39,23.2,0
403,0,0.0,0,0,0,1,1,0,0,0,0,1,0,0,0,66.07,27.9,0
404,1,1.0,0,0,1,0,0,0,0,1,0,0,0,1,0,104.21,36.8,0
405,0,1.0,0,0,1,1,0,0,1,0,0,1,0,0,0,145.15,28.9,0
406,0,0.0,0,0,1,1,1,0,0,0,0,0,0,1,0,68.19,31.0,0
407,0,1.0,0,1,1,0,0,0,0,1,0,0,0,0,1,97.53,29.4,0
408,0,0.0,0,0,0,1,0,0,0,0,1,0,0,1,0,122.31,15.3,0
409,0,0.0,0,0,0,1,0,0,1,0,0,0,0,1,0,83.51,37.1,0
410,0,0.0,0,0,1,1,0,0,0,1,0,1,0,0,0,86.46,30.5,0
411,1,0.0,0,0,1,0,0,0,1,0,0,0,0,1,0,112.06,38.2,0
412,0,0.0,0,0,0,1,0,0,1,0,0,0,0,1,0,92.14,23.2,0
413,0,1.0,0,1,0,0,0,0,1,0,0,0,1,0,0,201.76,30.2,0
414,1,0.0,1,0,1,1,0,0,1,0,0,0,0,0,1,74.44,45.2,0
415,1,0.0,0,0,1,0,0,0,1,0,0,1,0,0,0,95.93,21.8,0
416,1,0.0,0,0,0,0,0,0,0,0,1,1,0,0,0,87.51,24.4,0
417,1,0.0,0,0,0,0,0,0,0,0,1,1,0,0,0,72.35,17.0,0
418,1,0.0,0,0,0,0,0,0,0,0,1,1,0,0,0,113.47,19.5,0
419,1,0.0,0,0,0,0,0,0,1,0,0,0,1,0,0,103.78,49.8,0
420,1,1.0,0,0,1,0,0,0,0,1,0,0,0,1,0,115.43,27.8,0
421,0,0.0,0,0,1,0,0,0,1,0,0,0,0,1,0,95.59,25.1,0
422,0,1.0,0,0,1,0,0,0,1,0,0,0,0,0,1,101.52,26.8,0
423,1,1.0,1,0,1,0,0,0,1,0,0,0,0,0,1,170.05,60.2,0
424,1,0.0,1,0,0,0,0,0,0,1,0,0,0,1,0,217.3,27.5,0
425,1,0.0,1,0,1,1,0,0,1,0,0,0,0,1,0,196.01,28.1,0
426,0,1.0,0,0,1,1,0,0,1,0,0,1,0,0,0,92.21,27.3,0
427,0,0.0,0,0,1,0,0,0,1,0,0,0,0,1,0,100.09,27.4,0
428,1,0.0,0,0,0,0,0,0,0,1,0,0,0,1,0,93.88,22.2,0
429,1,0.0,0,0,1,0,0,0,1,0,0,0,0,0,1,75.05,22.9,0
430,1,0.0,0,0,1,0,1,0,0,0,0,0,0,1,0,70.08,26.6,0
431,1,0.0,0,0,0,1,0,0,1,0,0,0,0,0,1,74.2,23.0,0
432,1,1.0,0,0,0,0,0,0,1,0,0,0,0,1,0,69.01,32.6,0
433,0,0.0,0,0,0,0,0,0,1,0,0,1,0,0,0,96.17,22.1,0
434,1,1.0,0,0,1,1,1,0,0,0,0,0,1,0,0,87.24,22.5,0
435,0,0.0,0,0,0,1,0,0,0,0,1,1,0,0,0,82.58,25.5,0
436,1,0.0,0,0,1,0,0,0,0,1,0,1,0,0,0,96.88,31.4,0
437,1,1.0,0,1,1,1,0,0,0,1,0,1,0,0,0,73.32,26.0,0
438,0,0.0,0,0,0,0,0,0,0,0,1,1,0,0,0,94.59,20.0,0
439,1,0.0,0,0,1,0,0,0,0,1,0,0,0,0,1,132.08,31.6,0
440,1,0.0,0,0,1,1,0,0,1,0,0,0,0,1,0,98.99,31.2,0
441,0,0.0,0,0,0,0,0,0,1,0,0,0,0,1,0,104.48,21.7,0
442,0,0.0,0,0,1,0,0,0,1,0,0,1,0,0,0,98.01,24.2,0
443,1,0.0,0,0,1,0,0,0,0,1,0,0,1,0,0,79.14,25.0,0
444,0,0.0,0,0,1,1,0,0,1,0,0,1,0,0,0,89.32,36.7,0
445,0,0.0,0,0,0,0,0,0,1,0,0,1,0,0,0,65.24,28.9,0
446,0,1.0,0,0,1,0,0,0,1,0,0,0,1,0,0,80.98,29.7,0
447,0,1.0,0,0,1,1,0,0,0,1,0,1,0,0,0,186.17,44.3,0
448,1,0.0,0,0,0,0,0,0,1,0,0,0,0,1,0,69.24,51.0,0
449,1,0.0,0,0,1,0,0,0,1,0,0,0,1,0,0,111.19,39.7,0
450,1,1.0,0,0,1,1,0,0,1,0,0,0,0,1,0,93.28,34.7,0
451,0,0.0,0,0,0,0,0,0,0,0,1,1,0,0,0,122.19,35.0,0
452,1,0.0,0,0,0,0,0,0,0,0,1,0,0,1,0,129.53,21.3,0
453,1,0.0,0,0,0,0,0,0,0,0,1,1,0,0,0,114.53,29.1,0
454,1,1.0,0,0,0,1,0,0,1,0,0,0,0,0,1,93.73,23.9,0
455,1,0.0,0,0,1,1,0,0,1,0,0,0,1,0,0,77.49,36.0,0
456,1,1.0,0,0,1,1,0,0,1,0,0,0,1,0,0,65.38,41.2,0
457,1,0.0,0,0,1,1,0,0,1,0,0,0,0,1,0,94.18,27.1,0
458,0,0.0,0,0,1,1,0,0,0,1,0,1,0,0,0,118.7,33.2,0
459,1,1.0,0,0,1,1,1,0,0,0,0,0,0,0,1,96.29,25.4,0
460,0,0.0,1,0,1,0,0,0,1,0,0,0,0,0,1,74.64,30.7,0
461,1,0.0,0,0,1,1,0,0,1,0,0,0,1,0,0,96.99,34.8,0
462,1,1.0,0,0,1,0,0,0,1,0,0,1,0,0,0,100.61,19.2,0
463,0,1.0,0,0,1,0,0,0,1,0,0,1,0,0,0,97.08,31.7,0
464,1,0.0,0,0,1,0,0,0,1,0,0,0,0,1,0,84.79,35.7,0
465,1,0.0,0,0,1,0,0,0,1,0,0,0,1,0,0,78.75,37.8,0
466,1,0.0,0,0,1,0,0,0,1,0,0,0,0,0,1,82.93,29.7,0
467,0,0.0,0,0,1,1,0,0,1,0,0,0,0,0,1,88.78,35.8,0
468,0,0.0,0,0,0,1,0,0,1,0,0,0,0,0,1,122.1,23.6,0
469,0,0.0,0,0,0,0,1,0,0,0,0,0,0,0,1,74.81,39.7,0
470,1,0.0,0,0,1,1,0,0,1,0,0,0,0,0,1,183.45,40.5,0
471,1,0.0,0,0,1,1,0,0,0,1,0,0,0,1,0,114.94,21.4,0
472,1,1.0,0,0,1,0,0,0,0,1,0,0,1,0,0,104.38,40.8,0
473,0,0.0,0,0,1,1,0,0,1,0,0,1,0,0,0,102.91,24.7,0
474,0,0.0,0,0,0,0,0,0,0,0,1,1,0,0,0,108.79,21.0,0
475,1,0.0,0,0,1,1,0,0,1,0,0,0,0,1,0,73.31,45.0,0
476,0,1.0,0,0,1,1,0,0,0,1,0,0,0,1,0,68.52,26.2,0
477,0,1.0,0,0,1,1,0,0,1,0,0,0,0,1,0,102.64,28.3,0
478,1,0.0,0,0,1,1,1,0,0,0,0,0,0,1,0,70.92,41.6,0
479,1,0.0,0,0,0,0,0,0,0,0,1,1,0,0,0,86.11,19.0,0
480,1,0.0,0,0,1,1,0,0,1,0,0,0,0,1,0,129.16,32.4,0
481,1,0.0,0,0,1,1,1,0,0,0,0,0,0,1,0,113.85,34.0,0
482,1,0.0,0,0,1,0,0,0,1,0,0,0,1,0,0,79.35,39.4,0
483,1,0.0,0,0,1,0,0,0,1,0,0,1,0,0,0,80.79,28.7,0
484,0,1.0,1,0,1,1,0,0,0,1,0,0,1,0,0,114.01,31.8,0
485,0,0.0,0,0,0,0,0,0,1,0,0,0,0,1,0,93.74,31.2,0
486,1,0.0,0,0,1,0,0,0,1,0,0,1,0,0,0,90.65,20.9,0
487,0,0.0,0,0,1,1,0,0,1,0,0,0,0,1,0,98.41,32.1,0
488,1,0.0,0,0,0,1,0,0,1,0,0,1,0,0,0,127.18,31.0,0
489,1,0.0,0,0,0,1,0,0,0,0,1,1,0,0,0,138.06,23.1,0
490,0,0.0,0,0,1,1,0,0,1,0,0,0,0,1,0,89.44,26.7,0
491,0,1.0,0,0,1,1,0,0,0,1,0,1,0,0,0,105.61,27.9,0
492,1,0.0,0,0,0,0,0,0,1,0,0,0,0,1,0,155.43,27.3,0
493,1,0.0,0,0,1,0,0,0,1,0,0,1,0,0,0,80.83,51.5,0
494,1,0.0,0,0,1,1,0,0,1,0,0,0,0,1,0,80.19,20.4,0
495,0,0.0,0,0,1,1,1,0,0,0,0,0,1,0,0,60.34,29.6,0
496,1,0.0,0,0,1,1,0,0,0,1,0,0,1,0,0,79.3,30.6,0
497,1,0.0,0,0,1,1,0,0,0,1,0,1,0,0,0,98.44,33.6,0
498,0,0.0,0,0,1,0,0,0,1,0,0,0,0,1,0,210.48,71.9,0
499,0,0.0,0,0,0,0,0,0,1,0,0,1,0,0,0,70.34,24.2,0
500,0,0.0,0,0,0,1,0,0,0,0,1,1,0,0,0,122.22,17.7,0
501,1,0.0,0,0,1,0,0,0,1,0,0,0,0,0,1,75.29,22.6,0
502,0,0.0,0,0,0,0,0,0,1,0,0,0,0,1,0,100.35,28.1,0
503,0,1.0,0,0,1,1,0,0,1,0,0,0,0,1,0,193.83,26.5,0
504,1,0.0,0,0,0,1,0,0,0,0,1,1,0,0,0,126.96,28.7,0
505,1,1.0,0,0,1,1,0,0,1,0,0,0,1,0,0,183.34,39.5,0
506,0,0.0,0,0,1,1,0,0,1,0,0,1,0,0,0,247.69,35.1,0
507,1,0.0,0,0,1,0,0,0,0,1,0,0,0,1,0,76.2,27.9,0
508,0,0.0,0,0,0,0,0,0,0,0,1,1,0,0,0,71.43,19.3,0
509,1,0.0,0,0,0,0,0,0,1,0,0,0,0,1,0,93.36,28.4,0
510,0,0.0,0,0,0,1,0,0,1,0,0,0,0,1,0,61.29,26.7,0
511,0,0.0,0,0,1,1,0,0,1,0,0,1,0,0,0,103.62,40.9,0
512,0,0.0,0,0,0,0,0,0,0,0,1,1,0,0,0,100.52,17.2,0
513,1,0.0,0,0,1,0,1,0,0,0,0,0,0,1,0,191.47,28.3,0
514,0,0.0,0,0,0,1,0,0,0,0,1,1,0,0,0,67.06,16.1,0
515,0,1.0,0,1,1,1,0,0,1,0,0,0,0,1,0,144.1,27.6,0
516,1,0.0,0,0,0,1,0,0,0,0,1,1,0,0,0,58.26,16.5,0
517,1,1.0,0,0,1,1,0,0,0,1,0,0,0,1,0,239.82,35.8,0
518,1,0.0,0,0,0,0,0,0,0,0,1,1,0,0,0,73.71,16.2,0
519,1,1.0,1,0,1,0,0,0,1,0,0,0,0,1,0,88.53,24.6,0
520,0,0.0,0,0,0,1,0,0,1,0,0,1,0,0,0,114.79,32.0,0
521,0,0.0,0,0,0,0,0,0,1,0,0,0,1,0,0,113.8,35.3,0
522,1,1.0,0,0,0,1,0,0,0,1,0,1,0,0,0,71.91,19.2,0
523,1,0.0,0,0,0,1,0,0,0,1,0,0,0,1,0,65.3,40.4,0
524,0,0.0,0,0,1,1,0,0,1,0,0,0,0,1,0,189.57,30.7,0
525,1,0.0,1,0,1,1,0,0,0,1,0,0,1,0,0,114.25,24.3,0
526,0,0.0,0,0,1,1,0,0,1,0,0,0,1,0,0,81.26,26.4,0
527,1,0.0,0,0,1,1,0,0,1,0,0,0,0,0,1,87.88,34.7,0
528,0,0.0,0,0,0,1,0,0,1,0,0,1,0,0,0,112.17,31.7,0
529,0,0.0,0,0,1,0,0,0,1,0,0,0,0,1,0,99.97,35.6,0
530,0,0.0,0,0,0,1,0,0,1,0,0,0,0,0,1,207.58,22.8,0
531,1,0.0,1,0,1,1,0,0,1,0,0,0,0,0,1,109.16,28.0,0
532,1,0.0,0,0,0,1,0,0,1,0,0,0,1,0,0,74.46,35.6,0
533,1,0.0,0,0,1,0,0,0,1,0,0,0,0,1,0,118.51,40.6,0
534,1,0.0,0,0,1,1,0,0,0,1,0,0,1,0,0,107.47,29.3,0
535,0,0.0,0,0,0,0,0,0,0,1,0,1,0,0,0,182.86,21.0,0
536,1,0.0,0,0,1,0,0,0,1,0,0,1,0,0,0,59.17,20.0,0
537,0,1.0,0,0,1,0,0,0,1,0,0,0,1,0,0,215.64,26.7,0
538,0,0.0,0,0,0,0,0,0,0,0,1,1,0,0,0,163.7,18.4,0
539,1,1.0,0,1,1,0,0,0,1,0,0,0,1,0,0,196.36,34.5,0
540,1,0.0,0,0,0,0,0,0,1,0,0,1,0,0,0,139.77,27.7,0
541,1,0.0,0,0,1,1,0,0,0,1,0,0,0,1,0,141.23,21.1,0
542,1,0.0,0,0,1,1,0,0,1,0,0,0,1,0,0,89.99,24.4,0
543,0,0.0,0,0,1,1,0,0,1,0,0,0,0,0,1,108.53,19.4,0
544,0,0.0,0,0,1,1,0,0,1,0,0,1,0,0,0,63.61,42.3,0
545,0,0.0,0,0,1,1,0,0,1,0,0,0,0,0,1,85.54,32.2,0
546,1,0.0,0,0,1,1,0,0,1,0,0,0,0,1,0,100.83,26.8,0
547,1,0.0,0,0,1,1,0,0,1,0,0,0,0,1,0,59.82,25.4,0
548,1,1.0,1,0,1,1,0,0,1,0,0,0,0,0,1,105.95,23.5,0
549,1,0.0,0,0,1,0,0,0,1,0,0,0,0,0,1,188.11,50.2,0
550,1,0.0,0,0,1,1,0,0,0,1,0,0,1,0,0,71.15,26.1,0
551,1,0.0,0,0,0,0,0,0,0,0,1,1,0,0,0,60.53,17.5,0
552,0,0.0,0,0,0,0,0,0,0,0,1,0,0,1,0,205.5,24.2,0
553,1,0.0,1,0,1,1,0,0,1,0,0,0,0,1,0,204.86,30.8,0
554,1,0.0,0,0,0,0,0,0,0,1,0,0,0,1,0,115.03,23.4,0
555,0,0.0,0,0,1,0,0,0,1,0,0,0,0,1,0,79.87,30.9,0
556,1,0.0,0,0,1,0,1,0,0,0,0,0,0,1,0,97.89,23.6,0
557,0,0.0,0,0,0,1,0,1,0,0,0,0,0,1,0,125.26,18.7,0
558,0,0.0,0,0,1,0,0,0,1,0,0,0,0,0,1,114.32,27.7,0
559,0,0.0,0,0,0,1,0,0,0,0,1,1,0,0,0,92.23,16.7,0
560,0,0.0,0,0,1,1,0,0,1,0,0,0,0,1,0,83.51,31.2,0
561,1,0.0,0,0,0,1,0,0,0,0,1,1,0,0,0,102.34,17.0,0
562,0,0.0,0,0,1,0,0,0,1,0,0,0,0,0,1,144.48,29.8,0
563,0,0.0,0,0,0,0,0,0,0,0,1,1,0,0,0,88.39,19.7,0
564,1,0.0,0,0,1,0,0,0,1,0,0,1,0,0,0,228.08,29.1,0
565,0,0.0,0,0,1,1,1,0,0,0,0,0,0,1,0,93.79,27.2,0
566,0,0.0,0,0,1,0,0,0,1,0,0,1,0,0,0,147.14,22.3,0
567,0,1.0,0,0,0,0,0,0,0,1,0,0,0,0,1,106.43,27.0,0
568,1,0.0,0,0,0,0,0,0,1,0,0,0,0,1,0,88.04,42.1,0
569,1,0.0,0,0,1,1,0,0,1,0,0,1,0,0,0,92.2,34.2,0
570,1,1.0,0,0,1,1,1,0,0,0,0,0,0,1,0,219.53,40.9,0
571,1,0.0,0,0,1,0,1,0,0,0,0,0,0,0,1,75.56,29.4,0
572,0,0.0,0,0,1,1,0,0,1,0,0,0,1,0,0,158.31,32.8,0
573,0,0.0,0,0,1,1,0,0,1,0,0,0,0,0,1,111.43,21.9,0
574,0,0.0,0,0,1,0,0,0,1,0,0,0,0,1,0,219.97,39.6,0
575,1,1.0,0,0,1,0,0,0,1,0,0,0,0,1,0,148.91,28.3,0
576,1,0.0,0,0,1,1,0,0,1,0,0,0,0,1,0,69.4,47.8,0
577,1,1.0,0,0,1,0,0,0,1,0,0,1,0,0,0,68.34,39.3,0
578,0,1.0,0,1,1,1,0,0,0,1,0,0,0,0,1,58.37,28.0,0
579,1,0.0,0,0,1,1,0,0,1,0,0,0,0,1,0,71.2,27.1,0
580,0,0.0,0,1,0,0,0,0,1,0,0,0,0,0,1,101.5,31.2,0
581,1,1.0,0,0,1,1,1,0,0,0,0,0,0,1,0,92.04,23.1,0
582,1,0.0,0,0,0,0,1,0,0,0,0,0,0,1,0,73.0,20.8,0
583,1,0.0,0,0,1,1,0,0,0,1,0,0,0,0,1,111.15,34.1,0
584,1,1.0,0,0,1,0,0,0,0,1,0,0,0,1,0,58.65,30.1,0
585,0,0.0,0,0,1,1,0,0,1,0,0,0,0,1,0,100.54,35.8,0
586,0,0.0,0,0,1,0,1,0,0,0,0,0,0,1,0,111.73,34.6,0
587,1,0.0,0,0,1,1,1,0,0,0,0,1,0,0,0,97.78,29.8,0
588,0,0.0,0,0,0,0,0,0,1,0,0,1,0,0,0,85.79,26.7,0
589,0,0.0,0,0,1,0,0,0,1,0,0,0,0,1,0,98.54,30.2,0
590,1,1.0,0,1,1,1,0,0,1,0,0,0,1,0,0,94.62,29.7,0
591,1,0.0,0,0,1,0,0,0,1,0,0,0,0,1,0,112.43,54.6,0
592,0,0.0,0,0,1,1,0,0,0,1,0,0,1,0,0,99.67,23.3,0
593,0,0.0,0,0,0,1,0,0,1,0,0,1,0,0,0,67.39,35.6,0
594,1,0.0,0,0,1,1,0,0,1,0,0,0,0,1,0,95.12,27.0,0
595,0,0.0,0,0,0,0,0,0,0,0,1,0,0,1,0,85.06,21.6,0
596,0,1.0,0,0,1,0,0,0,1,0,0,0,1,0,0,214.05,29.4,0
597,1,1.0,0,1,1,1,0,0,0,1,0,0,0,1,0,79.09,22.8,0
598,1,0.0,0,0,1,1,0,0,0,1,0,0,0,1,0,98.09,17.3,0
599,0,0.0,0,0,1,1,0,0,0,1,0,1,0,0,0,76.36,29.8,0
600,1,1.0,0,0,0,1,0,0,0,1,0,0,1,0,0,98.42,36.4,0
601,1,0.0,0,0,0,1,0,0,1,0,0,0,1,0,0,82.01,34.7,0
602,1,0.0,0,0,1,0,0,0,1,0,0,0,0,0,1,56.11,28.7,0
603,0,1.0,0,0,1,0,1,0,0,0,0,0,0,1,0,111.85,26.7,0
604,1,0.0,0,0,1,1,0,0,0,1,0,0,0,1,0,92.39,22.1,0
605,0,1.0,1,0,1,1,0,0,0,1,0,0,1,0,0,112.54,27.7,0
606,1,0.0,0,0,1,1,0,0,1,0,0,0,1,0,0,63.71,40.5,0
607,1,1.0,0,0,1,1,0,0,1,0,0,0,1,0,0,70.35,23.0,0
608,0,1.0,1,0,1,1,0,0,1,0,0,0,1,0,0,94.65,25.3,0
609,1,0.0,0,0,1,0,0,0,1,0,0,0,0,1,0,64.64,22.1,0
610,1,0.0,0,0,0,0,0,0,0,0,1,1,0,0,0,57.27,28.0,0
611,1,0.0,0,0,0,1,0,0,0,0,1,1,0,0,0,107.25,12.0,0
612,1,0.0,0,0,0,0,0,0,0,1,0,0,0,1,0,77.12,28.4,0
613,0,1.0,0,0,1,1,0,0,0,1,0,0,0,0,1,55.32,29.6,0
614,0,0.0,0,0,0,0,0,0,1,0,0,1,0,0,0,69.37,36.2,0
615,1,1.0,0,0,0,1,0,0,0,1,0,0,0,1,0,57.57,22.8,0
616,0,0.0,0,0,1,1,0,0,1,0,0,1,0,0,0,87.43,55.7,0
617,1,0.0,0,0,1,0,0,0,1,0,0,0,0,1,0,98.73,24.3,0
618,0,0.0,0,0,1,0,0,0,1,0,0,0,0,1,0,81.18,26.9,0
619,1,1.0,0,0,1,0,1,0,0,0,0,0,0,1,0,56.23,25.3,0
620,0,1.0,1,0,1,0,0,0,0,1,0,0,0,1,0,69.61,35.3,0
621,0,0.0,0,0,0,0,0,0,0,0,1,1,0,0,0,59.49,18.3,0
622,0,0.0,0,0,1,0,1,0,0,0,0,1,0,0,0,100.26,26.0,0
623,0,1.0,0,0,1,0,0,0,0,1,0,0,0,1,0,56.75,21.0,0
624,1,0.0,0,0,0,1,0,0,1,0,0,0,0,1,0,67.81,55.7,0
625,1,0.0,0,0,1,0,1,0,0,0,0,0,0,1,0,77.46,27.6,0
626,0,0.0,0,0,0,1,0,0,0,0,1,0,0,1,0,76.26,20.5,0
627,1,0.0,0,0,1,0,1,0,0,0,0,0,0,1,0,86.39,30.2,0
628,1,0.0,0,0,1,1,0,0,1,0,0,0,1,0,0,116.38,21.9,0
629,1,0.0,0,0,1,0,0,0,1,0,0,0,0,0,1,75.74,28.8,0
630,0,0.0,0,0,1,0,0,0,1,0,0,1,0,0,0,92.14,36.2,0
631,1,0.0,0,0,0,0,0,0,1,0,0,0,0,1,0,149.95,25.9,0
632,1,0.0,0,0,0,0,0,0,1,0,0,0,0,1,0,74.98,21.4,0
633,0,0.0,0,0,0,1,0,0,1,0,0,0,0,1,0,55.25,20.4,0
634,1,0.0,0,0,0,0,0,0,0,0,1,1,0,0,0,79.89,31.6,0
635,1,0.0,0,0,0,1,0,0,0,0,1,1,0,0,0,130.61,14.4,0
636,0,0.0,0,0,0,1,0,0,1,0,0,1,0,0,0,94.26,23.7,0
637,0,0.0,0,0,0,1,0,0,1,0,0,0,1,0,0,94.34,30.2,0
638,1,0.0,0,0,1,1,0,0,1,0,0,0,1,0,0,109.03,19.5,0
639,1,0.0,1,0,1,0,0,0,1,0,0,0,0,1,0,81.03,32.6,0
640,1,0.0,1,0,1,0,0,0,1,0,0,0,0,1,0,99.82,34.2,0
641,1,0.0,0,0,1,1,0,0,0,1,0,0,0,1,0,140.08,43.0,0
642,1,0.0,0,0,1,1,0,0,0,1,0,1,0,0,0,59.54,42.2,0
643,1,0.0,0,0,0,1,0,0,1,0,0,0,0,1,0,80.33,19.7,0
644,1,0.0,0,0,0,1,0,0,0,0,1,0,0,1,0,131.51,41.7,0
645,1,0.0,0,0,1,0,0,0,1,0,0,0,1,0,0,89.21,21.6,0
646,1,0.0,0,0,1,0,0,0,1,0,0,0,0,1,0,91.45,24.2,0
647,1,0.0,0,0,0,0,0,0,0,0,1,1,0,0,0,90.58,19.2,0
648,1,0.0,0,0,1,1,0,0,1,0,0,1,0,0,0,91.45,25.8,0
649,1,0.0,0,0,1,0,0,0,1,0,0,0,0,0,1,89.63,23.2,0
650,1,0.0,0,0,1,1,0,0,1,0,0,0,0,1,0,124.06,20.8,0
651,1,1.0,1,0,1,0,0,0,1,0,0,0,0,1,0,99.47,28.4,0
652,0,0.0,0,0,1,1,0,0,1,0,0,0,0,1,0,88.97,30.2,0
653,1,0.0,0,0,1,0,0,0,1,0,0,0,0,1,0,80.93,23.1,0
654,1,1.0,0,0,1,1,0,0,1,0,0,0,0,0,1,102.07,16.7,0
655,1,0.0,0,0,0,0,0,0,1,0,0,1,0,0,0,91.69,39.5,0
656,1,0.0,0,0,1,1,0,0,1,0,0,0,0,0,1,63.71,33.8,0
657,1,1.0,0,0,1,0,1,0,0,0,0,0,0,0,1,200.49,34.6,0
658,0,0.0,0,0,1,0,0,0,1,0,0,0,1,0,0,75.3,25.0,0
659,1,0.0,0,0,1,1,0,0,1,0,0,0,1,0,0,240.71,43.9,0
660,1,0.0,0,0,0,1,0,0,1,0,0,0,1,0,0,60.5,27.1,0
661,1,1.0,0,0,1,0,0,0,0,1,0,1,0,0,0,131.85,25.9,0
662,1,0.0,0,0,0,0,0,0,0,1,0,0,1,0,0,134.39,22.7,0
663,0,1.0,0,0,1,1,0,0,1,0,0,0,0,1,0,56.18,27.1,0
664,1,1.0,1,0,1,0,0,0,1,0,0,0,1,0,0,113.64,25.6,0
665,1,0.0,0,0,0,0,0,0,1,0,0,1,0,0,0,156.57,28.4,0
666,1,0.0,1,0,0,0,0,0,1,0,0,0,0,1,0,80.4,57.5,0
667,0,0.0,0,0,0,1,0,0,1,0,0,0,0,0,1,59.26,35.8,0
668,1,0.0,0,0,0,0,0,0,0,0,1,1,0,0,0,63.26,19.5,0
669,1,0.0,0,0,1,1,0,0,1,0,0,0,0,1,0,86.24,31.2,0
670,0,0.0,0,0,1,1,0,0,1,0,0,0,1,0,0,197.1,43.6,0
671,1,1.0,0,0,1,1,0,0,0,1,0,0,1,0,0,90.9,31.2,0
672,1,0.0,0,0,0,0,0,0,1,0,0,1,0,0,0,84.59,23.5,0
673,0,0.0,0,0,0,0,0,0,0,0,1,1,0,0,0,121.8,18.7,0
674,0,0.0,0,0,1,0,0,0,1,0,0,0,0,0,1,77.65,24.4,0
675,0,1.0,0,0,1,1,0,0,1,0,0,0,0,0,1,64.41,29.4,0
676,1,0.0,0,0,0,1,0,0,1,0,0,0,0,0,1,75.19,37.0,0
677,1,0.0,0,0,1,0,0,0,0,1,0,0,0,0,1,67.97,29.4,0
678,0,0.0,0,0,0,1,0,0,1,0,0,0,0,1,0,119.34,38.5,0
679,0,0.0,0,0,0,0,0,0,1,0,0,0,0,1,0,94.92,23.5,0
680,0,0.0,0,0,0,0,0,0,0,0,1,1,0,0,0,85.02,16.3,0
681,0,0.0,0,0,1,1,0,0,1,0,0,0,0,1,0,103.51,35.9,0
682,1,0.0,0,0,1,1,0,0,1,0,0,0,1,0,0,114.5,35.9,0
683,0,0.0,0,0,0,1,0,0,0,0,1,1,0,0,0,70.78,20.3,0
684,0,0.0,0,0,1,0,0,0,0,1,0,0,0,0,1,95.01,32.3,0
685,0,1.0,0,0,1,1,0,0,1,0,0,0,0,1,0,84.11,27.9,0
686,1,0.0,0,0,1,1,0,0,1,0,0,0,0,1,0,74.02,22.3,0
687,0,0.0,0,0,1,1,0,0,1,0,0,0,0,0,1,78.49,31.8,0
688,1,1.0,0,0,1,1,1,0,0,0,0,1,0,0,0,74.22,29.7,0
689,1,0.0,0,0,1,1,0,0,1,0,0,0,0,0,1,55.34,27.1,0
690,1,0.0,0,0,0,0,0,0,1,0,0,0,0,1,0,75.04,24.5,0
691,0,1.0,0,0,1,0,0,0,1,0,0,0,0,1,0,109.73,28.9,0
692,0,0.0,0,0,0,0,0,0,1,0,0,0,0,0,1,96.78,24.6,0
693,1,1.0,1,0,1,1,0,0,1,0,0,0,0,1,0,194.62,31.6,0
694,1,0.0,0,1,1,0,0,0,1,0,0,0,0,1,0,70.02,32.3,0
695,0,0.0,0,0,1,1,0,0,1,0,0,0,0,0,1,222.21,41.1,0
696,1,1.0,0,0,1,0,1,0,0,0,0,0,0,1,0,62.41,30.0,0
697,0,0.0,0,0,1,1,0,0,0,1,0,0,0,1,0,55.83,26.4,0
698,0,0.0,0,0,1,0,1,0,0,0,0,0,0,1,0,65.12,30.0,0
699,0,0.0,0,0,0,0,0,0,0,0,1,1,0,0,0,73.62,20.8,0
700,1,0.0,1,0,1,1,0,0,1,0,0,0,1,0,0,85.83,44.0,0
701,1,1.0,0,0,0,1,0,0,1,0,0,1,0,0,0,103.86,30.6,0
702,1,0.0,0,0,0,1,0,0,0,0,1,1,0,0,0,60.98,17.2,0
703,1,0.0,0,0,1,0,0,0,1,0,0,1,0,0,0,82.69,29.1,0
704,1,1.0,0,0,1,0,0,0,1,0,0,1,0,0,0,250.2,27.4,0
705,1,0.0,0,0,0,0,0,0,1,0,0,1,0,0,0,128.97,23.5,0
706,0,0.0,0,0,0,0,0,0,1,0,0,0,0,1,0,84.31,31.8,0
707,0,0.0,0,0,1,0,1,0,0,0,0,0,0,1,0,74.8,23.5,0
708,1,0.0,1,0,0,1,0,0,1,0,0,0,1,0,0,97.06,28.5,0
709,1,0.0,0,0,1,1,0,0,1,0,0,1,0,0,0,77.54,32.7,0
710,1,0.0,0,0,0,0,0,0,1,0,0,0,0,1,0,92.78,54.2,0
711,1,0.0,0,0,0,0,0,0,1,0,0,0,0,0,1,173.43,25.6,0
712,1,0.0,0,0,1,1,0,0,1,0,0,0,0,1,0,79.08,41.2,0
713,1,0.0,0,0,1,1,0,0,1,0,0,0,0,0,1,106.18,27.0,0
714,1,0.0,0,0,1,0,0,0,1,0,0,0,0,1,0,114.21,21.3,0
715,1,0.0,0,0,0,0,0,0,1,0,0,0,0,1,0,91.08,34.3,0
716,0,1.0,0,0,1,1,0,0,1,0,0,1,0,0,0,105.77,29.5,0
717,0,0.0,0,0,1,0,0,0,1,0,0,0,0,0,1,74.88,31.6,0
718,0,0.0,0,0,1,0,0,0,1,0,0,0,0,0,1,123.15,26.1,0
719,0,0.0,0,0,0,0,0,0,1,0,0,0,0,1,0,184.25,27.5,0
720,0,0.0,0,0,1,0,1,0,0,0,0,0,0,1,0,117.69,26.5,0
721,0,1.0,0,0,1,0,0,0,1,0,0,1,0,0,0,55.26,33.2,0
722,1,0.0,0,0,1,1,0,0,1,0,0,0,0,1,0,106.51,40.2,0
723,1,0.0,0,0,1,0,1,0,0,0,0,0,1,0,0,55.27,32.5,0
724,0,0.0,0,0,0,1,0,0,0,1,0,1,0,0,0,98.42,23.4,0
725,1,0.0,0,0,1,0,0,0,1,0,0,0,0,1,0,99.2,32.5,0
726,0,1.0,0,0,1,1,0,0,1,0,0,0,1,0,0,98.92,23.9,0
727,1,1.0,0,0,1,0,0,0,1,0,0,0,0,1,0,92.7,29.5,0
728,0,0.0,0,0,0,0,0,0,1,0,0,0,0,1,0,106.7,24.0,0
729,0,0.0,0,0,0,1,0,0,0,0,1,1,0,0,0,152.81,17.7,0
730,1,0.0,0,0,1,1,0,0,1,0,0,0,1,0,0,82.59,26.2,0
731,1,0.0,1,0,1,1,0,0,0,1,0,0,0,1,0,91.0,33.3,0
732,0,0.0,0,0,0,1,0,0,0,0,1,1,0,0,0,93.88,17.4,0
733,1,0.0,0,0,1,1,0,0,1,0,0,0,0,1,0,76.99,29.0,0
734,1,1.0,0,1,1,0,0,0,1,0,0,1,0,0,0,254.6,21.7,0
735,1,1.0,1,0,1,0,0,0,1,0,0,0,1,0,0,93.99,37.8,0
736,1,0.0,0,0,1,1,0,0,1,0,0,0,0,1,0,109.68,41.8,0
737,1,0.0,1,0,1,0,0,0,1,0,0,0,0,1,0,92.04,24.2,0
738,1,0.0,0,0,1,0,0,0,1,0,0,0,0,1,0,111.41,31.1,0
739,1,0.0,0,0,1,0,0,0,1,0,0,0,0,1,0,97.92,23.1,0
740,0,0.0,0,0,0,1,0,0,1,0,0,1,0,0,0,65.61,25.1,0
741,0,0.0,0,0,0,1,0,0,1,0,0,0,0,1,0,62.37,41.3,0
742,1,0.0,0,0,0,1,0,0,1,0,0,0,0,1,0,101.28,22.7,0
743,1,0.0,0,0,1,0,0,0,1,0,0,0,0,0,1,88.31,24.0,0
744,1,0.0,0,0,1,0,1,0,0,0,0,0,1,0,0,103.55,20.5,0
745,1,0.0,0,0,0,1,0,0,1,0,0,0,0,1,0,60.26,20.4,0
746,1,0.0,0,0,0,1,0,0,1,0,0,0,0,1,0,79.39,27.6,0
747,1,0.0,0,0,0,1,0,0,1,0,0,0,0,0,1,122.01,27.0,0
748,1,0.0,0,0,0,0,0,0,0,0,1,1,0,0,0,78.09,26.4,0
749,1,1.0,0,0,1,1,0,0,1,0,0,0,0,0,1,89.7,34.9,0
750,1,1.0,0,0,1,0,0,0,1,0,0,0,0,1,0,95.1,35.0,0
751,0,1.0,0,0,1,0,0,0,0,1,0,0,1,0,0,112.64,28.5,0
752,1,0.0,0,0,1,0,0,0,1,0,0,0,1,0,0,79.8,32.3,0
753,1,0.0,0,0,1,1,0,0,1,0,0,1,0,0,0,82.2,23.9,0
754,1,0.0,0,0,0,1,0,0,1,0,0,1,0,0,0,108.89,52.3,0
755,0,0.0,0,0,1,0,0,0,1,0,0,0,0,1,0,114.32,26.4,0
756,1,0.0,0,0,0,0,1,0,0,0,0,0,0,1,0,116.14,20.9,0
757,1,0.0,0,0,1,1,1,0,0,0,0,1,0,0,0,122.74,23.3,0
758,1,0.0,0,0,1,1,0,0,1,0,0,0,0,1,0,94.04,32.7,0
759,0,0.0,0,0,1,0,0,0,1,0,0,0,0,1,0,86.6,26.5,0
760,0,0.0,0,0,1,0,0,0,1,0,0,1,0,0,0,82.32,27.9,0
761,1,0.0,0,0,1,0,0,0,1,0,0,0,0,1,0,83.83,30.3,0
762,0,0.0,0,0,0,1,1,0,0,0,0,0,0,1,0,106.98,27.6,0
763,1,0.0,0,0,0,1,0,0,0,0,1,1,0,0,0,93.88,14.6,0
764,0,0.0,0,0,1,1,1,0,0,0,0,0,0,0,1,70.53,40.9,0
765,0,0.0,1,0,1,0,1,0,0,0,0,0,0,1,0,212.01,28.4,0
766,0,0.0,0,0,0,0,0,0,0,0,1,1,0,0,0,65.88,23.7,0
767,0,0.0,0,0,0,0,1,0,0,0,0,0,1,0,0,106.97,27.9,0
768,0,0.0,0,0,1,1,0,0,1,0,0,0,0,1,0,126.35,25.2,0
769,1,0.0,0,0,0,1,0,0,1,0,0,1,0,0,0,129.16,34.4,0
770,1,1.0,1,0,1,0,1,0,0,0,0,0,1,0,0,88.66,36.7,0
771,0,1.0,0,0,1,0,1,0,0,0,0,0,1,0,0,112.95,22.2,0
772,0,1.0,0,0,1,1,1,0,0,0,0,0,0,1,0,81.59,27.2,0
773,1,0.0,0,0,1,0,1,0,0,0,0,0,0,1,0,76.82,27.3,0
774,0,0.0,0,0,1,0,1,0,0,0,0,0,0,0,1,73.75,27.3,0
775,1,0.0,1,0,1,1,0,0,1,0,0,0,0,1,0,91.56,42.2,0
776,1,0.0,0,0,1,0,1,0,0,0,0,0,0,1,0,104.55,26.4,0
777,1,1.0,0,0,1,1,1,0,0,0,0,1,0,0,0,84.84,39.4,0
778,0,1.0,1,1,1,0,1,0,0,0,0,0,0,1,0,86.06,34.8,0
779,0,0.0,0,0,0,0,0,0,0,0,1,1,0,0,0,109.1,20.0,0
780,0,0.0,0,0,1,0,0,0,1,0,0,0,0,1,0,68.35,34.1,0
781,1,0.0,0,0,1,1,0,0,1,0,0,1,0,0,0,121.04,31.4,0
782,0,0.0,0,0,0,0,0,0,0,0,1,1,0,0,0,160.83,17.8,0
783,1,0.0,0,0,1,0,0,0,1,0,0,0,0,0,1,85.62,46.1,0
784,1,0.0,0,0,1,1,1,0,0,0,0,0,1,0,0,74.23,28.1,0
785,1,0.0,0,0,0,1,0,0,1,0,0,0,1,0,0,110.76,24.7,0
786,1,0.0,0,0,0,1,1,0,0,0,0,0,0,1,0,79.44,22.7,0
787,1,0.0,0,0,1,0,0,0,1,0,0,0,0,1,0,119.52,34.6,0
788,1,0.0,0,0,1,0,0,0,1,0,0,0,0,1,0,90.42,21.4,0
789,1,0.0,0,0,0,1,0,0,0,0,1,1,0,0,0,109.32,27.4,0
790,0,0.0,1,0,1,0,1,0,0,0,0,0,0,1,0,78.16,36.6,0
791,1,0.0,0,0,0,0,0,0,1,0,0,0,1,0,0,79.13,32.9,0
792,1,0.0,0,0,0,1,0,0,0,1,0,0,0,1,0,84.06,24.7,0
793,0,0.0,0,0,0,0,0,0,0,0,1,1,0,0,0,89.3,21.4,0
794,1,0.0,0,0,1,1,0,0,1,0,0,0,0,1,0,69.21,33.1,0
795,0,1.0,0,0,1,0,1,0,0,0,0,0,0,1,0,186.45,26.7,0
796,0,0.0,0,0,1,1,0,0,1,0,0,0,0,1,0,58.47,24.4,0
797,1,0.0,0,0,1,0,1,0,0,0,0,1,0,0,0,189.49,25.8,0
798,1,1.0,1,0,1,1,0,0,0,1,0,0,1,0,0,99.6,34.3,0
799,1,0.0,0,0,0,0,0,0,0,0,1,1,0,0,0,126.18,18.1,0
800,0,0.0,0,0,1,1,0,0,1,0,0,0,0,0,1,186.32,43.8,0
801,1,0.0,0,0,0,0,0,0,1,0,0,0,0,1,0,62.49,26.9,0
802,1,0.0,0,0,1,0,0,0,1,0,0,0,0,1,0,74.51,36.6,0
803,1,0.0,0,0,1,1,0,0,0,1,0,0,0,1,0,94.63,24.9,0
804,1,0.0,0,0,1,0,0,0,1,0,0,0,0,0,1,91.98,27.6,0
805,0,0.0,0,0,0,0,0,0,0,0,1,1,0,0,0,56.77,20.9,0
806,1,0.0,0,0,1,1,0,0,1,0,0,0,0,1,0,75.87,30.3,0
807,1,0.0,0,0,0,0,0,0,1,0,0,0,0,0,1,77.19,37.4,0
808,0,0.0,0,0,1,1,0,0,1,0,0,0,0,0,1,135.75,35.9,0
809,1,0.0,0,0,1,0,0,0,1,0,0,0,0,0,1,100.15,50.3,0
810,0,1.0,0,0,0,1,0,0,1,0,0,0,0,1,0,95.08,31.5,0
811,1,0.0,0,0,1,1,0,0,1,0,0,0,0,0,1,125.38,24.4,0
812,0,0.0,0,0,1,1,0,0,1,0,0,0,1,0,0,111.71,38.9,0
813,0,1.0,0,0,1,0,0,0,0,1,0,0,0,1,0,94.64,28.6,0
814,1,0.0,0,0,0,1,0,0,1,0,0,0,0,1,0,112.96,27.5,0
815,1,0.0,0,0,1,1,0,0,1,0,0,1,0,0,0,105.36,43.7,0
816,1,0.0,0,0,1,1,0,0,1,0,0,0,0,1,0,84.13,27.0,0
817,0,0.0,0,0,1,0,0,0,1,0,0,0,1,0,0,102.47,29.3,0
818,1,1.0,1,0,1,0,1,0,0,0,0,0,0,1,0,77.04,34.7,0
819,1,0.0,0,0,1,0,0,0,1,0,0,0,0,1,0,87.01,39.9,0
820,0,1.0,0,0,1,0,0,0,1,0,0,0,0,1,0,56.99,26.7,0
821,0,0.0,0,0,1,0,0,0,1,0,0,0,1,0,0,73.01,24.8,0
822,1,0.0,0,0,1,1,0,0,1,0,0,0,0,1,0,106.35,29.7,0
823,1,0.0,0,0,0,0,0,0,0,0,1,1,0,0,0,80.63,15.9,0
824,0,0.0,0,0,0,1,0,0,1,0,0,0,0,1,0,103.61,31.4,0
825,0,0.0,0,0,1,1,1,0,0,0,0,0,0,1,0,194.04,27.8,0
826,1,0.0,0,0,1,0,1,0,0,0,0,0,1,0,0,111.99,35.5,0
827,0,1.0,1,0,1,0,0,0,1,0,0,0,0,0,1,57.51,31.7,0
828,0,0.0,0,0,0,0,0,0,1,0,0,0,0,1,0,68.49,33.2,0
829,1,1.0,0,0,1,1,0,0,1,0,0,0,1,0,0,60.2,27.7,0
830,0,0.0,0,0,1,1,0,0,0,1,0,0,1,0,0,160.0,31.9,0
831,1,0.0,0,0,0,1,0,1,0,0,0,0,0,1,0,86.96,25.8,0
832,1,0.0,0,0,1,0,0,0,1,0,0,0,0,1,0,237.15,27.7,0
833,1,0.0,1,0,1,0,0,0,1,0,0,0,0,1,0,99.06,23.4,0
834,0,1.0,0,1,1,1,0,0,0,1,0,0,1,0,0,56.31,24.3,0
835,0,1.0,1,1,1,1,0,0,0,1,0,0,0,0,1,84.31,30.3,0
836,1,0.0,0,0,1,0,0,0,1,0,0,0,0,1,0,90.92,29.1,0
837,1,0.0,0,0,0,0,0,0,1,0,0,0,0,1,0,104.33,20.1,0
838,1,0.0,0,0,0,1,0,0,0,0,1,1,0,0,0,62.61,21.2,0
839,0,1.0,1,0,1,1,0,0,0,1,0,0,1,0,0,231.19,31.6,0
840,1,0.0,0,0,0,0,0,0,1,0,0,1,0,0,0,94.3,41.6,0
841,0,0.0,0,0,1,0,0,0,1,0,0,0,0,0,1,104.48,36.4,0
842,1,0.0,1,0,1,1,0,0,1,0,0,0,0,1,0,72.62,30.5,0
843,1,0.0,0,0,1,1,0,0,0,1,0,1,0,0,0,81.64,32.8,0
844,1,0.0,0,0,1,0,0,0,1,0,0,0,0,1,0,90.78,32.3,0
845,0,1.0,0,1,1,1,0,0,1,0,0,0,0,1,0,70.71,30.1,0
846,0,0.0,0,0,1,1,0,0,1,0,0,0,0,0,1,72.36,34.7,0
847,1,0.0,0,0,1,1,0,0,0,1,0,1,0,0,0,59.76,29.7,0
848,1,0.0,0,0,1,0,0,0,1,0,0,0,1,0,0,63.64,31.3,0
849,1,0.0,0,0,1,0,0,0,1,0,0,0,0,1,0,76.26,35.6,0
850,1,1.0,0,0,1,0,0,0,1,0,0,0,1,0,0,82.06,35.2,0
851,0,0.0,0,0,0,1,0,0,1,0,0,0,0,1,0,110.91,27.6,0
852,1,0.0,0,0,0,0,0,0,1,0,0,0,0,0,1,77.16,35.2,0
853,1,0.0,0,0,1,0,0,0,1,0,0,1,0,0,0,69.58,28.1,0
854,1,1.0,0,0,1,1,0,0,1,0,0,1,0,0,0,96.26,31.8,0
855,1,1.0,0,0,1,0,0,0,1,0,0,0,0,0,1,87.27,23.3,0
856,1,0.0,0,0,1,1,0,0,1,0,0,0,1,0,0,65.36,28.8,0
857,1,0.0,0,0,0,0,0,0,0,0,1,1,0,0,0,109.51,19.5,0
858,1,0.0,0,0,1,1,0,0,1,0,0,0,0,0,1,89.03,30.0,0
859,1,0.0,0,0,1,1,0,0,1,0,0,0,1,0,0,91.34,25.5,0
860,0,1.0,0,0,1,0,0,0,1,0,0,0,1,0,0,57.82,28.8,0
861,0,0.0,0,0,1,1,0,0,0,1,0,0,1,0,0,81.15,40.2,0
862,1,1.0,0,0,1,0,0,0,1,0,0,1,0,0,0,115.29,32.9,0
863,0,0.0,0,0,0,1,0,0,0,0,1,1,0,0,0,111.02,22.4,0
864,1,0.0,0,0,0,1,1,0,0,0,0,0,0,0,1,111.61,36.9,0
865,1,0.0,0,0,0,0,0,0,0,0,1,1,0,0,0,109.02,19.8,0
866,1,0.0,0,0,0,1,0,0,0,0,1,1,0,0,0,106.51,12.3,0
867,0,1.0,0,1,1,0,0,0,0,1,0,0,0,0,1,207.32,32.4,0
868,1,1.0,0,0,1,1,0,0,1,0,0,0,0,1,0,87.11,24.8,0
869,1,0.0,0,0,0,1,0,0,0,0,1,1,0,0,0,61.68,16.4,0
870,0,0.0,0,0,0,0,0,0,1,0,0,1,0,0,0,119.04,35.9,0
871,0,1.0,0,0,1,1,0,0,1,0,0,1,0,0,0,86.05,23.0,0
872,1,0.0,1,0,0,1,0,0,1,0,0,0,0,0,1,70.03,78.0,0
873,0,1.0,0,1,1,1,0,0,0,1,0,0,1,0,0,207.64,30.5,0
874,0,1.0,0,0,1,0,0,0,0,1,0,0,0,1,0,236.84,26.8,0
875,0,0.0,0,0,1,1,0,0,1,0,0,0,0,1,0,78.11,35.3,0
876,1,0.0,0,0,0,0,1,0,0,0,0,0,0,1,0,100.97,27.9,0
877,1,1.0,0,0,1,1,0,0,0,1,0,0,0,1,0,99.21,22.1,0
878,1,0.0,0,0,1,1,0,0,0,1,0,0,0,1,0,113.21,38.3,0
879,0,0.0,0,0,1,1,0,0,1,0,0,0,0,1,0,92.95,41.0,0
880,0,0.0,0,0,0,0,0,0,1,0,0,1,0,0,0,142.57,22.8,0
881,1,0.0,0,0,0,0,0,0,1,0,0,0,0,1,0,92.87,30.1,0
882,0,0.0,0,0,0,0,0,1,0,0,0,1,0,0,0,111.48,20.8,0
883,1,0.0,0,0,1,1,0,0,1,0,0,0,0,1,0,123.0,31.7,0
884,0,1.0,0,0,1,1,1,0,0,0,0,0,0,1,0,100.54,30.1,0
885,0,1.0,0,1,1,1,0,0,0,1,0,0,0,1,0,106.68,30.8,0
886,1,1.0,0,0,1,1,0,0,1,0,0,0,0,1,0,86.4,42.6,0
887,1,1.0,1,0,1,1,0,0,0,1,0,1,0,0,0,61.81,37.1,0
888,1,0.0,0,0,1,0,0,0,0,1,0,0,0,1,0,128.28,34.2,0
889,1,0.0,0,0,1,0,0,0,1,0,0,0,0,1,0,204.63,43.4,0
890,1,0.0,0,0,1,1,0,0,1,0,0,0,0,0,1,89.98,18.7,0
891,1,0.0,0,0,1,1,0,0,0,1,0,0,0,0,1,232.89,34.0,0
892,1,0.0,0,0,1,0,0,0,1,0,0,0,0,1,0,98.58,23.2,0
893,0,0.0,0,0,0,1,0,0,1,0,0,1,0,0,0,57.94,41.7,0
894,0,0.0,0,0,0,0,0,0,0,0,1,1,0,0,0,123.21,15.1,0
895,1,0.0,0,0,0,1,0,0,1,0,0,0,0,0,1,76.34,20.6,0
896,0,0.0,0,0,0,0,0,0,0,0,1,1,0,0,0,92.98,18.9,0
897,0,0.0,0,0,0,0,1,0,0,0,0,0,0,1,0,92.81,26.6,0
898,0,0.0,0,0,1,1,0,0,1,0,0,0,0,0,1,85.16,30.1,0
899,1,0.0,0,0,0,1,0,0,0,1,0,0,0,1,0,90.1,32.1,0
900,1,0.0,0,0,0,1,0,0,0,0,1,1,0,0,0,65.15,15.1,0
901,0,0.0,0,0,1,1,0,0,1,0,0,0,0,0,1,104.62,33.5,0
902,0,0.0,0,0,0,1,0,1,0,0,0,0,0,1,0,113.25,23.4,0
903,0,0.0,0,0,0,1,0,0,1,0,0,0,0,1,0,59.28,43.2,0
904,1,0.0,0,0,0,1,0,0,0,0,1,1,0,0,0,93.07,19.1,0
905,0,0.0,0,0,0,0,0,0,1,0,0,1,0,0,0,77.42,26.1,0
906,1,0.0,0,0,0,0,0,0,1,0,0,0,0,1,0,73.69,17.3,0
907,0,1.0,1,0,1,0,0,0,1,0,0,0,0,1,0,74.9,32.1,0
908,1,0.0,0,0,0,1,0,0,1,0,0,0,0,1,0,58.39,30.4,0
909,0,0.0,0,0,0,0,0,0,1,0,0,0,0,1,0,102.05,29.9,0
910,1,0.0,0,0,1,0,0,0,1,0,0,0,0,0,1,112.47,32.8,0
911,1,0.0,0,0,0,0,0,0,1,0,0,0,0,1,0,72.84,22.7,0
912,0,1.0,1,1,1,1,0,0,0,1,0,0,1,0,0,195.03,28.7,0
913,1,1.0,0,1,1,1,0,0,1,0,0,0,0,1,0,170.95,35.2,0
914,1,0.0,0,0,0,1,0,0,1,0,0,0,0,1,0,87.98,22.4,0
915,1,0.0,0,0,0,0,0,0,1,0,0,1,0,0,0,65.81,32.3,0
916,1,0.0,0,0,0,1,0,0,0,0,1,1,0,0,0,124.6,18.6,0
917,1,0.0,0,0,1,0,0,0,1,0,0,0,0,0,1,83.65,42.1,0
918,0,0.0,0,0,1,0,1,0,0,0,0,0,1,0,0,88.81,38.0,0
919,1,0.0,0,0,0,1,0,0,0,0,1,1,0,0,0,86.75,22.3,0
920,1,1.0,0,0,1,0,0,0,1,0,0,0,0,1,0,123.36,33.4,0
921,0,0.0,0,0,0,0,0,0,1,0,0,0,0,0,1,89.68,23.2,0
922,1,0.0,0,0,0,0,0,0,0,0,1,1,0,0,0,69.87,18.0,0
923,1,0.0,0,0,1,0,0,0,1,0,0,0,0,1,0,109.22,20.1,0
924,0,0.0,0,0,0,0,0,0,0,0,1,1,0,0,0,157.57,19.2,0
925,0,0.0,0,0,1,1,1,0,0,0,0,0,0,0,1,110.73,28.7,0
926,0,0.0,0,0,1,1,0,0,1,0,0,0,0,1,0,99.14,28.1,0
927,1,0.0,0,0,1,1,0,0,1,0,0,0,0,1,0,59.15,22.6,0
928,1,0.0,0,0,0,0,0,0,0,0,1,1,0,0,0,165.11,18.0,0
929,1,0.0,0,0,1,0,0,0,0,1,0,0,1,0,0,77.44,21.4,0
930,0,0.0,0,0,0,0,0,0,1,0,0,1,0,0,0,100.33,27.8,0
931,0,0.0,0,0,1,1,0,0,1,0,0,1,0,0,0,57.93,27.6,0
932,0,1.0,1,1,0,0,0,0,1,0,0,0,1,0,0,148.24,32.2,0
933,0,0.0,0,0,1,1,0,0,1,0,0,1,0,0,0,91.96,24.9,0
934,0,1.0,0,1,1,0,0,0,0,1,0,0,1,0,0,72.93,27.1,0
935,0,1.0,0,0,1,0,0,0,1,0,0,1,0,0,0,84.27,24.6,0
936,1,0.0,0,0,1,0,1,0,0,0,0,0,0,1,0,124.45,24.6,0
937,0,0.0,0,0,0,1,0,0,0,0,1,1,0,0,0,90.51,18.9,0
938,0,0.0,0,0,0,0,0,0,0,0,1,1,0,0,0,118.87,16.3,0
939,0,0.0,0,0,1,0,0,0,1,0,0,0,0,1,0,56.42,31.8,0
940,1,0.0,0,0,0,1,0,0,1,0,0,1,0,0,0,73.67,21.0,0
941,0,0.0,0,0,0,0,0,0,0,0,1,1,0,0,0,89.11,20.1,0
942,0,1.0,1,0,1,0,0,0,1,0,0,0,0,1,0,74.04,29.1,0
943,0,0.0,0,0,1,1,0,0,1,0,0,0,0,1,0,145.23,32.3,0
944,1,1.0,0,1,1,0,0,0,1,0,0,0,0,1,0,100.8,29.4,0
945,1,0.0,0,0,1,1,0,0,1,0,0,0,0,1,0,85.22,50.2,0
946,0,0.0,0,0,1,0,1,0,0,0,0,0,1,0,0,72.49,44.9,0
947,1,0.0,0,0,0,1,0,0,1,0,0,0,0,0,1,82.61,28.5,0
948,1,0.0,0,0,0,0,0,0,0,0,1,1,0,0,0,72.07,19.5,0
949,1,0.0,0,0,1,0,0,0,1,0,0,1,0,0,0,79.85,45.0,0
950,1,0.0,0,0,1,0,0,0,1,0,0,1,0,0,0,84.86,22.8,0
951,0,0.0,0,0,0,1,0,0,0,0,1,1,0,0,0,131.89,25.5,0
952,0,0.0,0,0,1,1,0,0,1,0,0,0,0,1,0,89.17,31.5,0
953,0,1.0,0,0,1,0,0,0,1,0,0,0,1,0,0,227.91,31.6,0
954,1,0.0,0,0,0,1,0,0,0,0,1,1,0,0,0,131.77,31.0,0
955,1,1.0,1,0,1,1,0,0,0,1,0,1,0,0,0,102.01,29.5,0
956,1,0.0,0,0,1,1,1,0,0,0,0,1,0,0,0,128.63,23.1,0
957,0,0.0,0,0,0,1,0,0,1,0,0,0,0,0,1,144.1,30.7,0
958,1,0.0,0,0,1,1,0,0,0,1,0,0,1,0,0,143.15,44.7,0
959,0,1.0,0,0,1,0,0,0,0,1,0,0,0,1,0,116.67,33.5,0
960,1,1.0,0,0,1,0,0,0,0,1,0,1,0,0,0,85.6,25.9,0
961,1,1.0,0,0,1,1,0,0,0,1,0,0,0,1,0,142.12,28.3,0
962,1,0.0,0,0,0,1,0,0,1,0,0,1,0,0,0,100.81,26.8,0
963,1,0.0,0,0,1,1,1,0,0,0,0,0,0,1,0,69.17,27.8,0
964,0,0.0,0,0,0,0,0,0,1,0,0,0,0,1,0,58.38,36.0,0
965,1,1.0,0,0,1,1,1,0,0,0,0,0,0,1,0,86.34,22.1,0
966,0,0.0,0,0,1,1,0,0,1,0,0,0,0,1,0,95.44,38.4,0
967,1,0.0,0,0,1,1,0,0,1,0,0,1,0,0,0,94.78,30.1,0
968,1,0.0,0,0,1,0,0,0,1,0,0,0,1,0,0,109.59,26.2,0
969,1,1.0,0,0,1,0,0,0,1,0,0,0,0,0,1,79.26,26.6,0
970,1,0.0,0,0,1,1,0,0,1,0,0,0,0,1,0,78.46,32.6,0
971,0,1.0,0,0,1,0,0,0,0,1,0,0,0,1,0,85.29,27.0,0
972,0,0.0,0,0,1,0,0,0,1,0,0,0,0,0,1,156.18,25.3,0
973,0,0.0,1,0,1,1,0,0,1,0,0,0,0,1,0,69.52,31.9,0
974,1,0.0,0,0,0,1,0,0,0,0,1,1,0,0,0,65.32,18.4,0
975,0,0.0,0,0,0,1,0,0,1,0,0,0,0,0,1,108.47,30.4,0
976,0,1.0,0,0,1,1,0,0,1,0,0,0,0,0,1,105.63,28.2,0
977,0,0.0,0,0,1,1,0,0,1,0,0,0,1,0,0,77.93,35.7,0
978,1,1.0,0,0,1,1,0,0,1,0,0,0,0,1,0,95.2,35.0,0
979,0,0.0,0,0,0,0,0,0,1,0,0,0,0,1,0,78.52,27.2,0
980,1,0.0,0,0,1,1,0,0,1,0,0,0,0,1,0,114.89,23.0,0
981,1,0.0,0,0,0,0,0,0,1,0,0,1,0,0,0,95.43,25.0,0
982,1,0.0,0,0,1,0,0,0,1,0,0,1,0,0,0,84.08,24.5,0
983,1,0.0,0,0,1,0,1,0,0,0,0,0,0,0,1,110.55,30.9,0
984,1,1.0,0,0,0,1,0,0,0,1,0,0,0,1,0,82.21,26.0,0
985,1,1.0,0,0,1,1,0,0,1,0,0,0,1,0,0,82.38,27.2,0
986,1,1.0,0,0,1,1,1,0,0,0,0,0,0,1,0,93.89,30.4,0
987,1,0.0,0,0,0,0,0,0,1,0,0,1,0,0,0,75.08,21.7,0
988,0,0.0,0,0,1,1,0,0,1,0,0,1,0,0,0,76.72,29.1,0
989,1,0.0,0,0,0,0,0,0,0,0,1,1,0,0,0,84.93,17.6,0
990,0,0.0,0,1,1,1,0,0,1,0,0,0,1,0,0,76.5,29.2,0
991,1,0.0,0,0,0,1,0,0,1,0,0,0,0,1,0,65.47,28.1,0
992,0,1.0,0,0,1,1,0,0,1,0,0,0,0,0,1,99.16,26.6,0
993,0,0.0,0,0,0,0,0,0,0,1,0,0,0,1,0,63.53,26.9,0
994,1,1.0,0,0,1,0,0,0,1,0,0,0,1,0,0,78.65,36.2,0
995,1,0.0,0,0,1,1,0,0,0,1,0,0,0,1,0,63.78,25.9,0
996,1,1.0,0,0,0,1,0,0,0,1,0,0,1,0,0,77.52,40.9,0
997,0,0.0,0,0,1,0,0,0,1,0,0,0,0,1,0,111.64,31.5,0
998,0,0.0,0,0,0,1,0,0,0,0,1,1,0,0,0,97.84,23.3,0
999,1,0.0,0,0,1,1,0,0,1,0,0,0,0,1,0,113.01,37.6,0
1000,0,0.0,1,0,1,1,0,0,1,0,0,0,0,1,0,56.48,39.8,0
1001,0,1.0,0,0,1,0,0,0,1,0,0,0,1,0,0,204.5,35.1,0
1002,1,0.0,0,0,0,0,0,0,1,0,0,0,0,1,0,96.02,21.9,0
1003,1,0.0,0,0,1,0,0,0,1,0,0,0,1,0,0,206.25,53.4,0
1004,1,1.0,1,1,1,0,0,0,1,0,0,1,0,0,0,115.52,34.4,0
1005,1,0.0,0,0,0,0,0,0,1,0,0,0,0,0,1,60.69,24.0,0
1006,0,0.0,0,0,1,1,0,0,0,1,0,1,0,0,0,93.67,29.3,0
1007,0,1.0,0,0,1,1,1,0,0,0,0,0,1,0,0,67.79,26.0,0
1008,1,0.0,0,0,0,0,0,0,0,1,0,0,0,1,0,56.07,31.3,0
1009,0,1.0,1,1,1,0,0,0,1,0,0,0,0,1,0,254.63,31.0,0
1010,1,1.0,0,0,1,0,0,0,1,0,0,1,0,0,0,96.63,26.5,0
1011,0,0.0,0,0,0,0,0,0,0,0,1,1,0,0,0,84.3,16.0,0
1012,1,1.0,0,0,1,0,0,0,0,1,0,0,0,1,0,246.34,21.1,0
1013,1,0.0,0,0,1,0,0,0,1,0,0,1,0,0,0,195.16,42.2,0
1014,1,1.0,0,0,1,0,1,0,0,0,0,0,0,1,0,93.34,27.7,0
1015,1,0.0,0,0,1,1,0,0,1,0,0,0,0,1,0,162.3,23.6,0
1016,0,0.0,0,0,0,1,0,0,0,0,1,1,0,0,0,106.4,18.3,0
1017,0,0.0,1,0,1,1,0,0,1,0,0,0,0,1,0,110.25,44.3,0
1018,0,0.0,0,0,0,0,0,0,1,0,0,0,0,1,0,69.7,27.3,0
1019,1,0.0,1,0,1,1,0,0,1,0,0,0,1,0,0,87.03,55.2,0
1020,0,0.0,0,0,0,1,0,0,1,0,0,0,0,1,0,112.98,44.7,0
1021,1,0.0,0,0,1,0,1,0,0,0,0,0,0,0,1,82.47,33.1,0
1022,1,0.0,0,0,1,1,0,0,1,0,0,0,0,1,0,75.88,30.0,0
1023,1,0.0,0,0,1,1,0,0,1,0,0,1,0,0,0,84.63,40.1,0
1024,1,0.0,0,0,1,0,1,0,0,0,0,0,0,1,0,109.56,23.1,0
1025,1,1.0,0,0,1,0,0,0,0,1,0,0,1,0,0,89.45,30.3,0
1026,1,1.0,0,0,1,0,0,0,1,0,0,0,0,1,0,91.65,30.5,0
1027,1,0.0,0,0,1,1,0,0,0,1,0,0,0,1,0,121.14,22.8,0
1028,1,0.0,0,0,0,0,0,0,1,0,0,1,0,0,0,87.77,42.0,0
1029,1,0.0,0,0,0,0,0,0,1,0,0,0,0,1,0,106.56,29.9,0
1030,1,0.0,0,0,0,0,0,0,1,0,0,0,1,0,0,93.88,24.0,0
1031,1,0.0,0,0,0,0,0,0,1,0,0,1,0,0,0,153.76,36.7,0
1032,0,0.0,0,0,0,1,0,0,1,0,0,0,0,1,0,88.65,22.2,0
1033,1,0.0,0,0,1,1,0,0,1,0,0,1,0,0,0,111.22,25.5,0
1034,0,1.0,0,0,1,1,0,0,0,1,0,0,1,0,0,223.68,34.3,0
1035,1,0.0,0,0,0,0,0,0,0,0,1,1,0,0,0,55.86,16.0,0
1036,1,0.0,0,0,0,0,0,0,1,0,0,0,0,0,1,63.73,25.6,0
1037,0,0.0,0,0,0,0,0,0,1,0,0,0,0,1,0,103.94,23.3,0
1038,0,0.0,0,0,1,0,0,0,1,0,0,1,0,0,0,92.49,41.6,0
1039,0,0.0,0,0,1,1,0,0,1,0,0,0,1,0,0,229.2,35.6,0
1040,1,1.0,0,0,1,0,0,0,1,0,0,1,0,0,0,75.06,22.0,0
1041,0,0.0,0,0,1,1,0,0,1,0,0,1,0,0,0,85.57,26.8,0
1042,1,1.0,0,0,1,1,0,0,0,1,0,0,0,1,0,68.61,31.9,0
1043,0,0.0,0,0,0,1,0,0,0,0,1,1,0,0,0,56.3,19.7,0
1044,1,0.0,0,0,1,1,0,0,1,0,0,1,0,0,0,65.98,31.1,0
1045,0,1.0,0,0,1,0,1,0,0,0,0,1,0,0,0,204.57,34.4,0
1046,0,0.0,0,0,1,1,1,0,0,0,0,0,0,1,0,64.99,33.2,0
1047,1,0.0,0,0,0,1,0,0,1,0,0,0,0,1,0,73.4,21.6,0
1048,0,0.0,0,0,1,1,1,0,0,0,0,1,0,0,0,82.83,25.4,0
1049,1,0.0,0,0,0,1,0,0,1,0,0,0,0,1,0,93.55,41.6,0
1050,1,0.0,0,0,1,0,0,0,1,0,0,0,1,0,0,90.4,33.1,0
1051,1,0.0,0,0,0,0,0,0,1,0,0,0,0,1,0,98.1,21.8,0
1052,0,0.0,0,0,1,0,0,0,1,0,0,1,0,0,0,142.02,30.0,0
1053,1,1.0,0,0,1,0,0,0,0,1,0,0,0,0,1,251.46,35.2,0
1054,1,0.0,1,0,1,0,0,0,1,0,0,0,0,1,0,89.96,35.6,0
1055,1,0.0,1,0,1,1,1,0,0,0,0,0,0,0,1,82.44,27.8,0
1056,1,1.0,0,0,1,1,0,0,0,1,0,0,1,0,0,80.85,29.3,0
1057,1,1.0,0,0,1,0,0,0,0,1,0,0,0,0,1,220.52,37.2,0
1058,0,0.0,0,0,1,1,0,0,1,0,0,1,0,0,0,86.73,26.1,0
1059,1,0.0,0,0,1,1,0,0,1,0,0,0,0,1,0,76.93,21.6,0
1060,1,1.0,0,0,1,1,0,0,0,1,0,0,0,1,0,113.1,22.7,0
1061,0,0.0,0,0,0,0,0,0,1,0,0,0,1,0,0,96.84,30.2,0
1062,0,0.0,0,0,0,1,0,0,0,0,1,1,0,0,0,100.91,18.0,0
1063,0,0.0,0,0,0,1,0,0,0,0,1,1,0,0,0,116.5,27.8,0
1064,1,0.0,1,0,0,0,0,0,1,0,0,0,0,1,0,57.26,23.5,0
1065,1,1.0,0,0,1,1,0,0,1,0,0,1,0,0,0,129.31,41.2,0
1066,1,0.0,0,0,1,0,0,0,1,0,0,0,0,1,0,56.47,22.7,0
1067,0,0.0,0,0,1,1,1,0,0,0,0,0,1,0,0,86.06,29.2,0
1068,1,0.0,0,0,1,0,0,0,1,0,0,0,0,1,0,86.97,42.2,0
1069,0,1.0,0,0,1,1,0,0,1,0,0,0,1,0,0,78.78,24.0,0
1070,1,0.0,0,0,1,0,0,0,1,0,0,0,0,1,0,195.04,45.5,0
1071,0,0.0,0,0,0,0,0,0,0,0,1,1,0,0,0,103.25,19.4,0
1072,1,0.0,0,0,1,0,0,0,1,0,0,0,0,0,1,134.59,28.2,0
1073,0,0.0,0,0,0,0,0,0,0,0,1,1,0,0,0,93.74,20.1,0
1074,1,0.0,0,0,1,1,0,0,1,0,0,1,0,0,0,90.66,27.2,0
1075,0,1.0,0,0,1,1,1,0,0,0,0,1,0,0,0,91.68,26.5,0
1076,0,0.0,0,0,0,1,0,0,0,0,1,1,0,0,0,75.79,17.6,0
1077,1,0.0,0,0,1,1,0,0,1,0,0,0,1,0,0,91.68,42.8,0
1078,1,0.0,0,0,1,0,0,0,1,0,0,0,0,1,0,106.68,29.3,0
1079,1,1.0,0,0,1,0,0,0,1,0,0,0,0,1,0,82.31,21.3,0
1080,0,0.0,0,0,1,0,0,0,1,0,0,1,0,0,0,90.06,29.8,0
1081,1,0.0,0,0,1,0,0,0,1,0,0,0,0,0,1,65.47,24.1,0
1082,0,0.0,0,0,0,0,0,0,0,0,1,1,0,0,0,58.03,35.2,0
1083,1,0.0,0,0,0,0,0,0,1,0,0,0,0,1,0,83.09,18.8,0
1084,1,0.0,0,0,0,1,0,0,0,0,1,1,0,0,0,88.6,17.4,0
1085,0,0.0,0,0,1,1,0,0,1,0,0,1,0,0,0,63.18,31.5,0
1086,0,0.0,0,0,1,0,0,0,1,0,0,0,0,1,0,78.42,29.9,0
1087,0,1.0,0,0,1,1,0,0,1,0,0,0,1,0,0,65.08,27.3,0
1088,1,0.0,0,0,1,1,1,0,0,0,0,0,0,1,0,79.47,28.1,0
1089,1,0.0,0,0,1,0,0,0,1,0,0,0,0,1,0,95.52,28.9,0
1090,1,0.0,1,0,0,1,0,0,1,0,0,0,0,0,1,73.0,25.2,0
1091,0,0.0,0,0,1,0,0,0,1,0,0,0,0,1,0,138.07,24.3,0
1092,0,0.0,0,0,1,0,1,0,0,0,0,0,0,1,0,86.99,37.9,0
1093,1,0.0,0,0,0,1,0,0,1,0,0,0,0,1,0,112.07,28.2,0
1094,0,0.0,0,0,0,0,0,0,0,0,1,1,0,0,0,105.76,18.4,0
1095,1,0.0,0,0,1,1,0,0,1,0,0,0,0,0,1,55.67,23.1,0
1096,1,1.0,0,0,1,1,0,0,1,0,0,0,1,0,0,90.55,39.4,0
1097,1,0.0,0,0,1,0,0,0,1,0,0,0,0,1,0,218.65,29.5,0
1098,1,0.0,0,0,0,0,0,0,0,0,1,1,0,0,0,111.21,18.3,0
1099,1,1.0,0,0,1,1,1,0,0,0,0,0,0,0,1,83.56,28.7,0
1100,1,1.0,1,0,1,1,0,0,1,0,0,0,1,0,0,116.76,32.9,0
1101,0,1.0,0,0,1,0,0,0,1,0,0,1,0,0,0,83.5,26.7,0
1102,1,0.0,0,0,1,1,0,0,1,0,0,0,0,1,0,69.3,20.1,0
1103,1,0.0,0,0,1,1,0,0,1,0,0,0,1,0,0,67.55,17.6,0
1104,1,0.0,0,0,1,0,0,0,1,0,0,0,0,1,0,80.28,43.7,0
1105,0,1.0,1,0,1,1,0,0,1,0,0,1,0,0,0,211.49,41.1,0
1106,1,1.0,0,0,0,1,0,0,1,0,0,1,0,0,0,67.96,26.8,0
1107,1,0.0,0,0,1,1,0,0,0,1,0,0,0,1,0,99.29,31.2,0
1108,0,0.0,0,0,1,0,0,0,1,0,0,0,0,1,0,140.52,27.4,0
1109,1,1.0,0,0,1,0,0,0,1,0,0,0,0,0,1,75.62,25.1,0
1110,1,0.0,0,0,0,0,1,0,0,0,0,0,0,1,0,120.06,33.0,0
1111,1,0.0,0,0,0,0,0,0,1,0,0,0,0,0,1,117.45,30.7,0
1112,1,0.0,0,0,1,0,0,0,1,0,0,0,0,1,0,224.71,42.9,0
1113,1,0.0,0,0,0,0,0,0,0,0,1,1,0,0,0,122.75,14.3,0
1114,1,0.0,0,0,1,1,1,0,0,0,0,0,0,1,0,82.39,33.2,0
1115,1,0.0,0,0,0,0,1,0,0,0,0,0,1,0,0,57.02,43.0,0
1116,0,0.0,0,0,0,1,0,0,1,0,0,0,0,1,0,115.98,22.3,0
1117,1,0.0,0,0,1,0,0,0,1,0,0,0,1,0,0,226.11,32.8,0
1118,1,0.0,0,0,1,0,0,0,1,0,0,0,0,0,1,97.59,30.5,0
1119,1,1.0,0,0,1,0,0,0,1,0,0,0,1,0,0,82.57,36.0,0
1120,1,0.0,0,0,0,1,0,0,1,0,0,0,1,0,0,79.34,26.5,0
1121,1,0.0,0,0,0,0,0,0,0,0,1,1,0,0,0,125.68,20.1,0
1122,1,1.0,0,0,1,1,0,0,1,0,0,0,0,1,0,65.59,28.1,0
1123,1,0.0,0,0,0,1,0,0,0,0,1,1,0,0,0,120.85,16.2,0
1124,0,0.0,0,0,1,1,1,0,0,0,0,0,0,1,0,101.65,30.0,0
1125,0,0.0,0,0,1,1,1,0,0,0,0,0,0,1,0,210.94,31.3,0
1126,0,1.0,1,0,1,0,0,0,1,0,0,0,0,1,0,77.92,26.7,0
1127,0,1.0,1,1,1,0,0,0,0,1,0,1,0,0,0,230.68,37.7,0
1128,1,0.0,0,0,0,1,0,0,0,1,0,0,0,1,0,62.68,35.8,0
1129,0,0.0,0,0,1,1,0,0,1,0,0,0,0,1,0,55.22,27.0,0
1130,1,0.0,0,0,0,0,0,0,1,0,0,0,0,1,0,78.94,20.7,0
1131,1,0.0,0,1,0,0,0,0,1,0,0,0,0,0,1,109.69,22.2,0
1132,1,0.0,0,0,0,0,0,0,1,0,0,0,0,1,0,79.33,41.5,0
1133,1,0.0,0,0,1,1,0,0,1,0,0,0,0,1,0,79.91,33.5,0
1134,1,0.0,0,0,0,0,0,0,1,0,0,1,0,0,0,84.46,21.8,0
1135,1,1.0,0,1,1,1,0,0,1,0,0,0,1,0,0,68.4,22.1,0
1136,0,1.0,1,0,1,0,0,0,1,0,0,0,0,0,1,78.43,30.2,0
1137,1,1.0,0,0,1,1,0,0,1,0,0,1,0,0,0,198.02,38.7,0
1138,0,0.0,0,0,1,1,0,0,1,0,0,0,0,0,1,85.35,32.1,0
1139,0,1.0,0,0,0,0,0,0,0,1,0,0,1,0,0,204.17,41.3,0
1140,0,0.0,0,0,0,1,0,0,1,0,0,0,1,0,0,82.71,20.1,0
1141,1,0.0,0,0,0,1,0,0,1,0,0,0,0,1,0,121.19,22.1,0
1142,1,0.0,0,0,1,0,0,0,1,0,0,0,0,0,1,106.02,24.9,0
1143,1,0.0,0,0,0,1,0,0,0,0,1,1,0,0,0,66.36,23.0,0
1144,1,0.0,0,0,1,1,0,0,1,0,0,0,1,0,0,267.76,29.3,0
1145,1,0.0,0,0,1,0,0,0,1,0,0,0,0,1,0,107.18,22.8,0
1146,0,0.0,0,0,1,0,0,0,1,0,0,1,0,0,0,74.58,31.6,0
1147,1,0.0,0,0,1,1,0,0,1,0,0,1,0,0,0,80.92,19.4,0
1148,1,1.0,0,0,1,0,0,0,1,0,0,0,0,1,0,90.77,22.5,0
1149,1,0.0,0,0,0,0,0,0,1,0,0,0,0,1,0,90.84,31.6,0
1150,1,1.0,1,0,1,0,0,0,0,1,0,1,0,0,0,59.2,29.1,0
1151,1,0.0,0,0,1,1,0,0,1,0,0,0,0,0,1,133.76,43.4,0
1152,0,1.0,0,0,1,1,0,0,0,1,0,0,1,0,0,61.36,26.5,0
1153,1,0.0,0,0,0,0,0,0,1,0,0,1,0,0,0,118.62,29.7,0
1154,0,0.0,0,0,0,0,0,0,0,0,1,1,0,0,0,77.91,21.8,0
1155,1,0.0,0,0,0,1,1,0,0,0,0,0,1,0,0,68.98,23.4,0
1156,1,0.0,0,0,0,0,0,0,1,0,0,0,0,1,0,112.08,23.0,0
1157,0,0.0,0,0,0,1,0,0,1,0,0,0,0,1,0,96.2,21.5,0
1158,0,0.0,0,0,0,0,0,0,0,0,1,1,0,0,0,93.11,14.6,0
1159,0,0.0,0,0,0,0,0,0,0,0,1,1,0,0,0,115.54,28.5,0
1160,0,1.0,0,0,1,1,0,0,1,0,0,0,0,0,1,88.57,29.0,0
1161,1,1.0,1,0,1,1,0,0,1,0,0,1,0,0,0,180.76,26.9,0
1162,0,0.0,0,0,1,1,0,0,0,1,0,0,1,0,0,83.12,29.6,0
1163,0,0.0,0,0,1,1,0,0,0,1,0,0,0,1,0,94.89,28.5,0
1164,1,1.0,0,0,0,0,0,0,1,0,0,0,0,1,0,239.52,25.5,0
1165,0,0.0,0,0,1,0,0,0,0,1,0,0,1,0,0,99.15,30.5,0
1166,1,0.0,0,0,1,1,0,0,0,1,0,0,0,1,0,124.16,23.0,0
1167,0,0.0,0,0,0,0,0,0,0,0,1,1,0,0,0,86.38,22.8,0
1168,0,0.0,0,0,0,0,0,0,1,0,0,0,0,1,0,93.68,31.4,0
1169,1,0.0,0,0,1,0,1,0,0,0,0,0,0,0,1,229.86,35.2,0
1170,0,0.0,0,0,1,0,1,0,0,0,0,0,0,1,0,78.73,23.3,0
1171,0,1.0,0,0,1,0,1,0,0,0,0,0,1,0,0,93.71,31.2,0
1172,1,0.0,0,0,1,0,1,0,0,0,0,0,0,1,0,76.66,24.8,0
1173,1,0.0,0,0,0,0,0,0,1,0,0,1,0,0,0,112.38,25.8,0
1174,1,0.0,0,0,0,0,0,0,1,0,0,0,0,0,1,89.3,48.4,0
1175,1,1.0,1,0,1,0,1,0,0,0,0,0,1,0,0,103.44,43.1,0
1176,0,0.0,0,0,0,0,0,0,1,0,0,0,0,1,0,61.61,27.8,0
1177,1,0.0,0,0,0,0,0,0,0,0,1,1,0,0,0,94.12,21.4,0
1178,1,0.0,0,0,0,1,0,0,0,0,1,1,0,0,0,62.4,22.1,0
1179,1,1.0,1,0,1,1,0,0,1,0,0,0,0,1,0,210.96,31.8,0
1180,0,0.0,0,0,0,1,0,0,0,0,1,1,0,0,0,76.25,20.1,0
1181,0,0.0,0,0,1,1,0,0,1,0,0,0,0,0,1,103.48,29.1,0
1182,1,0.0,0,0,0,1,0,0,1,0,0,1,0,0,0,96.42,22.6,0
1183,0,0.0,0,0,0,0,0,0,1,0,0,1,0,0,0,78.59,25.1,0
1184,1,1.0,1,0,1,0,0,0,1,0,0,0,0,1,0,195.25,33.3,0
1185,0,0.0,0,0,0,0,0,0,0,0,1,1,0,0,0,103.76,15.9,0
1186,0,0.0,0,0,0,0,0,0,0,0,1,1,0,0,0,68.52,20.8,0
1187,0,0.0,0,0,0,1,0,0,0,0,1,1,0,0,0,92.17,19.5,0
1188,1,0.0,0,0,1,0,0,0,1,0,0,0,0,1,0,81.02,39.0,0
1189,0,0.0,0,0,0,0,1,0,0,0,0,0,0,1,0,94.33,23.1,0
1190,0,1.0,0,0,1,0,0,0,0,1,0,0,0,1,0,78.43,18.8,0
1191,1,0.0,0,0,1,0,0,0,1,0,0,1,0,0,0,217.39,50.6,0
1192,1,0.0,0,0,0,1,0,0,1,0,0,1,0,0,0,82.77,36.3,0
1193,0,0.0,0,0,1,0,0,0,1,0,0,0,0,1,0,88.13,32.8,0
1194,0,0.0,0,0,1,1,0,0,1,0,0,0,0,0,1,102.77,35.8,0
1195,1,0.0,0,0,0,0,0,0,1,0,0,0,0,0,1,101.75,26.7,0
1196,0,1.0,0,0,1,0,0,0,1,0,0,0,1,0,0,113.34,26.3,0
1197,0,0.0,0,0,1,1,0,0,1,0,0,0,0,0,1,63.33,26.5,0
1198,1,0.0,0,0,1,1,0,0,1,0,0,0,0,1,0,69.34,43.7,0
1199,1,0.0,0,0,0,0,0,0,1,0,0,1,0,0,0,118.81,24.7,0
1200,0,1.0,0,0,1,1,1,0,0,0,0,0,0,1,0,66.13,46.2,0
1201,0,0.0,0,0,0,1,0,0,1,0,0,0,1,0,0,67.53,49.5,0
1202,0,0.0,0,0,0,1,0,0,1,0,0,0,0,1,0,96.58,43.3,0
1203,1,1.0,0,0,1,1,0,0,1,0,0,0,1,0,0,57.89,30.9,0
1204,1,0.0,0,0,0,0,0,0,0,0,1,1,0,0,0,78.38,38.7,0
1205,0,0.0,0,0,0,1,0,0,1,0,0,0,0,1,0,94.15,28.6,0
1206,0,0.0,0,0,0,1,0,0,1,0,0,1,0,0,0,89.53,30.2,0
1207,1,0.0,0,0,1,1,0,0,1,0,0,0,0,1,0,127.75,30.5,0
1208,0,0.0,0,0,1,0,0,0,0,1,0,1,0,0,0,76.79,33.9,0
1209,1,0.0,0,0,1,0,0,0,1,0,0,0,0,1,0,141.15,28.6,0
1210,1,1.0,0,0,1,1,1,0,0,0,0,0,0,1,0,88.63,24.5,0
1211,1,0.0,0,0,0,1,0,0,0,0,1,1,0,0,0,130.15,17.2,0
1212,0,1.0,0,0,0,1,0,0,1,0,0,0,0,1,0,108.03,27.2,0
1213,1,1.0,0,0,1,0,0,0,0,1,0,0,1,0,0,104.07,19.3,0
1214,0,0.0,0,0,0,1,0,0,0,0,1,1,0,0,0,88.83,18.5,0
1215,0,0.0,0,1,1,0,0,0,1,0,0,1,0,0,0,197.79,32.0,0
1216,0,1.0,1,1,1,1,0,0,1,0,0,0,1,0,0,150.45,44.5,0
1217,0,0.0,0,0,1,0,0,0,1,0,0,0,0,1,0,100.39,37.0,0
1218,0,0.0,0,0,1,0,1,0,0,0,0,0,1,0,0,79.92,30.8,0
1219,0,1.0,0,1,1,1,0,0,0,1,0,1,0,0,0,96.79,24.7,0
1220,0,0.0,0,0,0,0,0,0,0,0,1,1,0,0,0,86.84,18.3,0
1221,0,0.0,0,0,1,0,0,0,1,0,0,1,0,0,0,61.27,44.0,0
1222,1,1.0,0,0,1,0,0,0,0,1,0,0,0,1,0,72.61,27.6,0
1223,1,0.0,0,0,1,0,0,0,1,0,0,0,0,0,1,82.41,45.4,0
1224,1,0.0,0,0,1,1,1,0,0,0,0,0,0,1,0,74.72,28.5,0
1225,0,0.0,0,0,0,0,0,0,0,0,1,1,0,0,0,57.37,17.6,0
1226,0,1.0,1,0,1,1,0,0,1,0,0,0,0,1,0,88.34,27.5,0
1227,0,1.0,0,0,1,0,0,0,1,0,0,0,0,1,0,101.34,32.8,0
1228,0,0.0,0,0,1,0,0,0,1,0,0,0,0,1,0,119.01,29.5,0
1229,1,1.0,0,0,0,0,0,0,0,1,0,0,0,1,0,71.98,36.4,0
1230,1,0.0,0,0,0,1,0,0,0,0,1,1,0,0,0,84.91,26.1,0
1231,1,0.0,0,0,1,0,0,0,0,1,0,1,0,0,0,91.63,35.3,0
1232,0,0.0,0,0,0,0,0,0,0,0,1,1,0,0,0,145.71,18.1,0
1233,1,1.0,0,0,1,0,0,0,0,1,0,0,0,1,0,167.31,27.1,0
1234,1,1.0,0,0,1,1,0,0,0,1,0,1,0,0,0,63.65,23.0,0
1235,1,0.0,0,0,0,0,0,0,1,0,0,1,0,0,0,79.63,55.0,0
1236,0,0.0,0,0,1,0,1,0,0,0,0,0,0,1,0,87.49,26.6,0
1237,1,0.0,0,0,0,0,0,0,1,0,0,0,0,1,0,92.82,24.1,0
1238,0,0.0,0,0,1,1,1,0,0,0,0,0,1,0,0,72.2,30.3,0
1239,0,1.0,0,1,1,0,1,0,0,0,0,0,1,0,0,181.23,32.2,0
1240,1,0.0,0,0,0,1,0,0,1,0,0,0,0,1,0,63.37,26.5,0
1241,1,1.0,0,0,1,1,0,0,1,0,0,0,0,1,0,74.82,30.6,0
1242,1,0.0,0,0,0,0,0,0,0,0,1,1,0,0,0,97.6,25.8,0
1243,0,0.0,0,0,1,0,0,0,1,0,0,0,0,0,1,93.04,41.9,0
1244,0,0.0,0,0,1,0,0,0,1,0,0,0,0,1,0,97.12,29.2,0
1245,0,0.0,1,0,1,0,0,0,0,1,0,0,0,1,0,82.81,44.3,0
1246,1,0.0,0,0,0,1,0,0,1,0,0,0,0,1,0,134.45,29.1,0
1247,0,0.0,0,0,0,0,0,0,0,0,1,1,0,0,0,98.67,17.5,0
1248,0,0.0,0,1,0,1,0,0,1,0,0,0,0,1,0,85.82,31.9,0
1249,0,1.0,0,1,1,0,0,0,0,1,0,0,0,1,0,189.45,32.2,0
1250,1,0.0,0,1,1,0,0,0,1,0,0,0,0,0,1,144.16,26.0,0
1251,0,0.0,0,0,0,0,0,0,1,0,0,0,1,0,0,82.56,25.4,0
1252,1,0.0,1,0,1,1,0,0,1,0,0,0,0,1,0,206.4,54.8,0
1253,0,0.0,0,0,1,1,0,0,0,1,0,0,0,1,0,67.97,27.9,0
1254,1,1.0,1,0,1,1,0,0,0,1,0,0,0,1,0,71.7,32.8,0
1255,1,0.0,0,0,0,1,0,0,1,0,0,0,1,0,0,72.02,34.0,0
1256,1,0.0,0,0,1,1,0,0,1,0,0,1,0,0,0,61.81,25.5,0
1257,1,0.0,0,0,1,1,0,0,1,0,0,1,0,0,0,103.09,35.6,0
1258,0,0.0,0,0,0,1,0,0,1,0,0,0,0,1,0,73.75,28.3,0
1259,1,0.0,0,0,1,0,0,0,1,0,0,0,0,1,0,156.7,36.9,0
1260,1,0.0,0,0,1,1,0,0,0,1,0,0,1,0,0,70.87,22.1,0
1261,0,0.0,0,0,1,0,0,0,0,1,0,0,0,1,0,138.47,31.5,0
1262,1,0.0,0,1,1,0,0,0,1,0,0,0,1,0,0,64.66,26.7,0
1263,1,0.0,0,0,1,0,0,0,1,0,0,0,1,0,0,91.88,24.9,0
1264,1,1.0,0,0,1,0,0,0,0,1,0,0,0,1,0,74.79,32.4,0
1265,1,0.0,0,0,0,0,0,0,1,0,0,0,0,1,0,78.18,32.2,0
1266,0,1.0,0,0,1,0,0,0,1,0,0,1,0,0,0,77.82,30.3,0
1267,1,0.0,0,0,0,0,0,0,1,0,0,0,0,1,0,112.23,28.7,0
1268,0,0.0,0,1,1,1,0,0,1,0,0,0,0,1,0,178.76,24.1,0
1269,1,0.0,0,0,1,0,0,0,1,0,0,0,0,1,0,121.43,25.3,0
1270,1,0.0,0,0,1,0,0,0,1,0,0,0,0,1,0,94.22,24.8,0
1271,0,1.0,1,0,1,0,0,0,0,1,0,0,1,0,0,197.58,34.8,0
1272,0,0.0,0,0,1,0,0,0,1,0,0,0,0,0,1,86.37,39.2,0
1273,1,0.0,0,0,1,1,0,0,1,0,0,0,0,0,1,112.09,24.7,0
1274,0,0.0,0,0,1,1,0,0,1,0,0,0,0,1,0,199.96,28.6,0
1275,0,1.0,0,0,1,1,0,0,1,0,0,0,0,1,0,85.33,27.7,0
1276,1,1.0,0,0,0,0,0,0,0,1,0,0,0,1,0,86.33,33.1,0
1277,1,0.0,0,0,0,1,0,0,1,0,0,0,0,0,1,80.47,27.3,0
1278,1,1.0,1,0,1,1,0,0,1,0,0,0,1,0,0,62.46,20.3,0
1279,1,1.0,0,0,1,0,1,0,0,0,0,0,0,1,0,78.85,33.9,0
1280,1,0.0,0,0,1,0,0,0,0,1,0,0,0,1,0,103.81,28.3,0
1281,1,0.0,0,0,0,1,0,0,1,0,0,0,0,0,1,78.04,32.4,0
1282,1,1.0,0,0,1,0,0,0,0,1,0,1,0,0,0,94.67,19.7,0
1283,1,0.0,0,0,1,0,1,0,0,0,0,0,0,1,0,62.25,33.7,0
1284,0,1.0,0,0,1,1,0,0,1,0,0,0,0,1,0,155.17,35.5,0
1285,0,0.0,0,0,0,1,0,0,0,0,1,1,0,0,0,83.28,20.0,0
1286,0,0.0,0,0,0,1,0,0,0,0,1,1,0,0,0,132.41,16.3,0
1287,1,1.0,0,0,1,0,0,0,1,0,0,1,0,0,0,62.78,36.4,0
1288,1,0.0,0,0,1,1,0,0,1,0,0,1,0,0,0,89.96,28.1,0
1289,1,1.0,0,0,1,0,0,0,0,1,0,0,1,0,0,103.25,26.9,0
1290,1,1.0,0,0,1,0,0,0,1,0,0,0,1,0,0,126.99,29.4,0
1291,1,0.0,0,0,0,0,0,0,0,0,1,0,0,1,0,102.27,17.2,0
1292,0,1.0,0,1,1,0,0,0,0,1,0,1,0,0,0,113.63,26.5,0
1293,0,0.0,0,0,0,1,0,0,0,0,1,1,0,0,0,86.09,19.5,0
1294,0,0.0,0,0,1,0,0,0,1,0,0,0,1,0,0,108.08,30.6,0
1295,0,0.0,0,0,1,1,0,0,1,0,0,0,0,1,0,108.34,31.9,0
1296,0,0.0,0,0,1,0,0,0,1,0,0,0,0,1,0,56.07,26.6,0
1297,1,0.0,0,0,0,1,0,0,0,0,1,1,0,0,0,82.91,19.9,0
1298,0,0.0,0,0,0,1,0,0,0,0,1,1,0,0,0,94.75,18.0,0
1299,0,0.0,0,0,1,0,0,0,1,0,0,1,0,0,0,101.79,26.7,0
1300,1,1.0,0,0,1,0,0,0,1,0,0,0,1,0,0,88.41,25.3,0
1301,0,0.0,0,0,1,1,1,0,0,0,0,1,0,0,0,101.05,31.4,0
1302,0,0.0,0,0,0,1,0,0,1,0,0,0,0,1,0,85.07,21.1,0
1303,1,1.0,0,0,0,0,1,0,0,0,0,0,0,1,0,108.1,17.9,0
1304,1,0.0,0,0,0,0,0,0,0,1,0,0,0,0,1,93.17,27.5,0
1305,1,0.0,0,0,1,1,0,0,1,0,0,0,0,0,1,158.89,37.6,0
1306,0,0.0,0,0,1,0,0,0,1,0,0,0,0,1,0,205.77,24.1,0
1307,1,0.0,0,0,0,1,0,0,0,0,1,1,0,0,0,112.34,18.1,0
1308,1,1.0,0,0,1,1,0,0,1,0,0,0,0,1,0,119.03,31.0,0
1309,1,1.0,0,0,1,1,0,0,1,0,0,0,0,0,1,237.21,26.6,0
1310,1,0.0,0,0,1,1,0,0,1,0,0,0,0,1,0,89.68,38.7,0
1311,0,0.0,1,1,1,0,0,0,1,0,0,0,1,0,0,246.53,27.2,0
1312,1,0.0,0,0,1,1,0,0,1,0,0,0,1,0,0,89.05,27.8,0
1313,0,0.0,0,0,0,0,0,0,0,0,1,1,0,0,0,81.74,28.3,0
1314,1,0.0,0,0,1,0,0,0,1,0,0,0,0,1,0,98.12,27.5,0
1315,1,0.0,0,0,1,0,0,0,0,1,0,0,0,0,1,105.59,43.3,0
1316,0,0.0,0,0,0,0,0,0,0,0,1,0,1,0,0,86.0,20.1,0
1317,0,0.0,0,0,0,1,0,0,0,0,1,1,0,0,0,65.51,25.9,0
1318,0,1.0,0,0,1,1,0,0,0,1,0,1,0,0,0,61.78,25.8,0
1319,1,0.0,0,0,0,0,0,0,0,0,1,1,0,0,0,109.56,16.4,0
1320,1,0.0,0,0,1,1,0,0,0,1,0,0,0,1,0,65.82,29.4,0
1321,1,0.0,0,0,0,1,0,0,1,0,0,0,0,0,1,90.16,28.9,0
1322,1,0.0,0,0,1,1,0,0,1,0,0,0,0,1,0,64.45,26.7,0
1323,1,0.0,0,0,0,1,0,0,0,0,1,0,0,1,0,91.85,27.8,0
1324,1,0.0,0,0,1,0,0,0,1,0,0,0,1,0,0,97.89,38.7,0
1325,0,1.0,0,0,1,0,1,0,0,0,0,0,0,1,0,206.33,26.8,0
1326,0,0.0,0,0,1,0,1,0,0,0,0,0,0,1,0,74.29,36.1,0
1327,1,0.0,0,0,1,0,0,0,1,0,0,0,0,0,1,107.4,26.7,0
1328,0,0.0,0,0,1,1,0,0,1,0,0,1,0,0,0,87.72,27.0,0
1329,0,0.0,0,0,1,0,0,0,1,0,0,1,0,0,0,85.99,21.2,0
1330,1,0.0,0,0,1,1,0,0,1,0,0,0,0,1,0,100.84,21.0,0
1331,0,0.0,0,0,0,1,0,0,1,0,0,1,0,0,0,124.61,37.4,0
1332,1,0.0,0,0,0,1,0,0,0,0,1,1,0,0,0,86.55,26.5,0
1333,0,0.0,0,0,0,0,0,0,0,0,1,1,0,0,0,90.42,28.9,0
1334,1,1.0,0,0,1,0,0,0,1,0,0,0,0,0,1,100.85,29.5,0
1335,0,0.0,0,0,0,1,0,0,0,0,1,1,0,0,0,87.74,17.7,0
1336,0,1.0,1,0,1,0,0,0,1,0,0,0,1,0,0,80.15,34.9,0
1337,1,0.0,0,0,1,1,0,0,1,0,0,0,0,1,0,107.29,28.1,0
1338,0,1.0,0,0,1,1,0,0,1,0,0,0,0,0,1,206.98,36.8,0
1339,0,1.0,1,0,1,0,0,0,1,0,0,0,0,1,0,227.28,33.3,0
1340,0,1.0,0,1,1,0,0,0,1,0,0,1,0,0,0,80.43,29.2,0
1341,0,1.0,0,1,1,1,0,0,0,1,0,1,0,0,0,228.7,34.0,0
1342,0,0.0,0,0,1,1,0,0,1,0,0,0,0,0,1,120.07,33.9,0
1343,1,0.0,0,0,1,0,0,0,1,0,0,0,0,1,0,93.47,28.7,0
1344,1,0.0,0,0,1,1,0,0,1,0,0,0,0,1,0,80.77,21.1,0
1345,0,0.0,0,0,1,0,0,0,1,0,0,0,0,0,1,150.27,38.2,0
1346,0,0.0,0,0,1,1,0,0,1,0,0,0,0,0,1,81.94,27.7,0
1347,1,0.0,0,0,1,1,0,0,1,0,0,1,0,0,0,70.75,35.8,0
1348,0,0.0,0,0,0,1,0,0,0,0,1,1,0,0,0,83.83,27.1,0
1349,1,0.0,0,0,0,1,0,0,0,0,1,0,0,1,0,73.66,20.5,0
1350,0,0.0,1,0,1,1,0,0,1,0,0,0,0,1,0,102.37,35.6,0
1351,1,0.0,0,0,0,0,0,0,0,0,1,1,0,0,0,77.83,15.6,0
1352,1,0.0,0,0,0,1,0,0,1,0,0,1,0,0,0,70.01,43.0,0
1353,1,0.0,0,0,0,0,0,0,0,0,1,1,0,0,0,119.88,17.8,0
1354,1,0.0,0,0,1,0,0,0,1,0,0,0,0,1,0,169.97,25.8,0
1355,0,0.0,0,0,0,0,0,0,1,0,0,1,0,0,0,123.79,20.5,0
1356,0,0.0,0,0,0,1,0,0,0,0,1,1,0,0,0,80.98,19.9,0
1357,1,1.0,0,0,1,0,1,0,0,0,0,0,0,1,0,84.21,24.4,0
1358,0,0.0,0,0,0,1,0,0,0,0,1,1,0,0,0,101.31,18.3,0
1359,0,0.0,0,0,1,1,0,0,1,0,0,0,1,0,0,86.26,35.1,0
1360,1,0.0,0,0,1,1,0,0,1,0,0,0,1,0,0,92.86,35.1,0
1361,1,0.0,0,1,1,1,0,0,1,0,0,0,1,0,0,140.28,37.1,0
1362,0,1.0,0,0,1,0,1,0,0,0,0,0,1,0,0,244.28,29.4,0
1363,0,0.0,0,0,1,1,0,0,1,0,0,0,0,1,0,124.16,31.7,0
1364,0,0.0,0,0,1,0,0,0,1,0,0,0,0,1,0,93.55,31.4,0
1365,0,0.0,0,0,1,1,0,0,1,0,0,0,0,1,0,99.34,33.1,0
1366,0,1.0,0,0,1,1,0,0,1,0,0,0,0,0,1,59.87,28.5,0
1367,1,0.0,0,0,1,0,0,0,1,0,0,0,1,0,0,72.76,24.0,0
1368,1,0.0,0,0,0,0,0,0,0,0,1,1,0,0,0,68.34,18.0,0
1369,0,1.0,0,0,1,1,0,0,0,1,0,0,0,0,1,61.1,27.6,0
1370,1,0.0,0,0,0,0,0,0,1,0,0,0,0,1,0,120.77,16.9,0
1371,0,0.0,0,0,0,0,0,0,0,0,1,1,0,0,0,60.39,16.4,0
1372,1,0.0,0,0,1,1,1,0,0,0,0,0,0,1,0,126.34,35.1,0
1373,1,1.0,0,0,1,0,0,0,1,0,0,0,0,1,0,93.24,28.8,0
1374,1,1.0,0,0,1,0,0,0,1,0,0,0,0,1,0,154.75,17.6,0
1375,1,0.0,0,0,0,0,0,0,1,0,0,0,0,1,0,62.81,21.3,0
1376,1,0.0,0,0,0,0,0,0,0,0,1,1,0,0,0,65.96,19.7,0
1377,1,1.0,0,0,1,0,0,0,1,0,0,0,0,1,0,79.53,37.3,0
1378,1,0.0,0,0,1,0,0,0,1,0,0,0,0,1,0,96.85,35.5,0
1379,1,1.0,0,0,1,1,1,0,0,0,0,0,0,1,0,251.99,25.5,0
1380,0,1.0,0,0,1,0,0,0,1,0,0,0,0,0,1,115.13,30.0,0
1381,0,0.0,0,0,0,1,0,0,0,0,1,1,0,0,0,102.3,21.9,0
1382,0,1.0,0,0,1,1,0,0,0,1,0,0,0,1,0,78.99,45.5,0
1383,1,0.0,1,0,1,0,0,0,0,1,0,0,0,1,0,68.8,34.9,0
1384,1,0.0,0,0,1,0,1,0,0,0,0,0,1,0,0,83.84,19.3,0
1385,0,0.0,0,0,1,1,0,0,1,0,0,0,1,0,0,94.66,32.1,0
1386,1,0.0,0,0,0,0,0,0,1,0,0,0,0,1,0,107.98,26.9,0
1387,0,0.0,0,0,0,0,0,1,0,0,0,1,0,0,0,61.01,32.5,0
1388,1,0.0,0,0,0,1,0,0,1,0,0,0,0,1,0,135.64,19.5,0
1389,0,0.0,0,0,0,1,0,0,0,0,1,0,0,1,0,92.65,31.7,0
1390,1,0.0,0,0,0,0,0,0,1,0,0,1,0,0,0,121.11,21.0,0
1391,0,0.0,0,0,0,1,0,0,0,0,1,1,0,0,0,107.69,20.3,0
1392,1,0.0,0,0,0,0,0,0,1,0,0,1,0,0,0,70.15,21.5,0
1393,0,0.0,0,0,0,1,0,0,1,0,0,1,0,0,0,83.02,40.4,0
1394,0,1.0,1,0,1,1,1,0,0,0,0,0,0,1,0,222.29,30.1,0
1395,0,0.0,1,0,1,1,1,0,0,0,0,0,1,0,0,139.43,40.2,0
1396,1,1.0,0,0,1,1,0,0,1,0,0,0,0,1,0,213.11,34.7,0
1397,0,0.0,0,0,1,0,0,0,1,0,0,0,0,0,1,77.23,25.9,0
1398,1,0.0,0,0,1,1,0,0,1,0,0,0,0,1,0,58.48,23.7,0
1399,1,0.0,0,0,0,0,1,0,0,0,0,0,0,1,0,87.33,34.3,0
1400,0,0.0,0,0,1,0,0,0,1,0,0,0,0,1,0,102.34,34.3,0
1401,1,1.0,0,0,1,0,0,0,0,1,0,0,0,1,0,151.3,26.3,0
1402,1,1.0,0,0,1,1,0,0,0,1,0,0,1,0,0,144.23,22.1,0
1403,1,0.0,0,0,1,0,1,0,0,0,0,0,1,0,0,110.6,33.3,0
1404,1,0.0,0,0,1,1,1,0,0,0,0,0,0,1,0,80.28,37.3,0
1405,0,0.0,0,0,0,0,0,0,0,0,1,1,0,0,0,111.02,20.5,0
1406,1,0.0,0,0,0,0,0,0,0,0,1,1,0,0,0,114.88,19.1,0
1407,0,0.0,1,0,1,1,0,0,0,1,0,0,1,0,0,227.51,34.7,0
1408,0,0.0,0,0,0,1,0,0,0,0,1,1,0,0,0,111.65,16.3,0
1409,0,1.0,1,1,1,1,0,0,1,0,0,0,0,1,0,201.01,28.0,0
1410,1,0.0,0,0,0,1,0,0,0,0,1,1,0,0,0,129.01,17.2,0
1411,1,0.0,0,0,1,0,0,0,1,0,0,1,0,0,0,124.08,41.1,0
1412,1,0.0,1,0,1,0,1,0,0,0,0,1,0,0,0,107.91,25.0,0
1413,0,1.0,1,0,1,0,0,0,1,0,0,0,0,1,0,95.4,27.5,0
1414,1,0.0,0,0,0,0,0,0,1,0,0,0,0,1,0,65.9,21.5,0
1415,0,0.0,0,0,0,1,0,0,0,0,1,1,0,0,0,78.98,15.1,0
1416,0,0.0,0,0,0,0,0,0,0,1,0,0,1,0,0,111.33,29.6,0
1417,1,0.0,0,0,1,0,0,0,1,0,0,0,0,1,0,104.36,30.2,0
1418,1,1.0,0,0,1,1,1,0,0,0,0,1,0,0,0,123.87,34.9,0
1419,0,1.0,0,0,1,0,0,0,0,1,0,0,1,0,0,210.0,30.7,0
1420,0,0.0,0,0,0,0,0,0,1,0,0,1,0,0,0,86.86,36.5,0
1421,1,0.0,0,0,0,0,0,0,0,0,1,1,0,0,0,113.96,21.5,0
1422,1,0.0,0,0,1,0,0,0,1,0,0,0,0,0,1,81.28,33.2,0
1423,1,0.0,0,0,1,0,0,0,1,0,0,0,0,1,0,102.5,50.2,0
1424,1,0.0,0,0,0,0,0,0,1,0,0,0,0,1,0,78.05,22.3,0
1425,0,0.0,0,0,1,1,0,0,0,1,0,1,0,0,0,86.07,27.3,0
1426,0,0.0,0,0,1,0,0,0,1,0,0,0,1,0,0,59.05,28.3,0
1427,0,1.0,0,1,1,0,0,0,0,1,0,1,0,0,0,95.88,31.9,0
1428,1,0.0,0,0,1,0,1,0,0,0,0,1,0,0,0,70.18,24.9,0
1429,0,0.0,0,0,1,0,0,0,1,0,0,0,1,0,0,111.13,32.7,0
1430,1,1.0,0,0,1,1,0,0,1,0,0,1,0,0,0,79.3,26.4,0
1431,1,0.0,0,0,0,1,0,0,0,1,0,0,0,0,1,65.84,24.8,0
1432,1,1.0,0,1,1,0,0,0,1,0,0,0,0,0,1,123.49,30.7,0
1433,1,0.0,0,0,0,0,0,0,0,0,1,0,0,0,1,207.45,25.4,0
1434,0,0.0,0,0,0,0,0,0,1,0,0,0,0,0,1,143.45,32.0,0
1435,1,0.0,0,0,1,0,1,0,0,0,0,0,0,1,0,89.11,24.4,0
1436,1,1.0,0,0,1,0,1,0,0,0,0,0,0,1,0,58.3,20.4,0
1437,0,0.0,1,0,1,1,0,0,0,1,0,0,0,1,0,78.68,29.5,0
1438,0,1.0,0,0,1,1,1,0,0,0,0,0,0,1,0,98.91,24.4,0
1439,1,0.0,0,0,0,0,0,0,1,0,0,0,0,0,1,67.92,22.8,0
1440,1,0.0,0,0,0,0,0,0,1,0,0,0,0,1,0,73.0,20.0,0
1441,0,0.0,0,0,1,0,0,0,1,0,0,0,1,0,0,97.5,36.3,0
1442,0,1.0,0,0,1,1,0,0,1,0,0,0,0,0,1,108.43,32.8,0
1443,0,1.0,0,0,1,1,0,0,1,0,0,0,1,0,0,90.43,34.4,0
1444,1,0.0,0,0,0,1,0,0,1,0,0,0,0,1,0,76.3,30.5,0
1445,0,1.0,0,0,1,0,0,0,1,0,0,0,0,0,1,121.27,29.7,0
1446,0,0.0,0,0,0,1,0,0,1,0,0,1,0,0,0,119.67,36.9,0
1447,1,0.0,0,1,1,1,1,0,0,0,0,0,0,0,1,226.93,34.2,0
1448,1,1.0,0,1,1,0,1,0,0,0,0,1,0,0,0,76.11,37.0,0
1449,1,1.0,0,0,1,1,0,0,1,0,0,1,0,0,0,253.16,47.5,0
1450,1,0.0,0,0,1,1,0,0,1,0,0,0,0,0,1,101.02,24.2,0
1451,1,1.0,1,0,1,0,0,0,0,1,0,0,0,1,0,238.53,30.6,0
1452,1,0.0,0,0,1,0,0,0,1,0,0,0,1,0,0,79.18,52.8,0
1453,1,0.0,0,0,1,1,0,0,1,0,0,0,0,1,0,207.79,38.6,0
1454,1,0.0,0,0,1,0,0,0,1,0,0,0,0,1,0,196.2,32.8,0
1455,1,0.0,0,0,1,1,0,0,1,0,0,0,0,1,0,231.76,42.9,0
1456,1,0.0,0,0,0,0,0,0,0,0,1,1,0,0,0,93.3,25.9,0
1457,1,0.0,0,0,1,1,0,0,1,0,0,0,0,0,1,110.47,24.7,0
1458,1,0.0,0,0,1,0,0,0,0,1,0,0,0,1,0,77.52,35.8,0
1459,1,0.0,0,0,1,0,0,0,1,0,0,1,0,0,0,216.92,31.2,0
1460,1,0.0,0,0,1,1,0,0,1,0,0,0,0,0,1,157.01,26.1,0
1461,0,0.0,0,0,1,1,0,0,1,0,0,0,0,1,0,93.51,30.8,0
1462,0,1.0,1,0,1,0,0,0,0,1,0,0,0,1,0,102.54,40.5,0
1463,1,0.0,0,0,1,0,0,0,1,0,0,0,1,0,0,87.78,25.2,0
1464,1,0.0,0,0,0,1,0,0,1,0,0,0,0,0,1,126.67,28.7,0
1465,0,0.0,0,1,1,0,0,0,0,1,0,1,0,0,0,194.98,30.4,0
1466,0,0.0,0,0,0,0,0,0,0,0,1,1,0,0,0,99.96,15.2,0
1467,0,1.0,0,0,1,1,0,0,1,0,0,0,0,1,0,58.87,36.6,0
1468,1,0.0,0,0,0,1,0,0,0,1,0,1,0,0,0,77.67,34.5,0
1469,0,0.0,0,0,1,1,0,0,1,0,0,0,0,1,0,83.14,23.7,0
1470,0,0.0,0,0,1,1,0,0,0,1,0,0,0,0,1,69.18,35.7,0
1471,0,1.0,0,0,1,0,1,0,0,0,0,0,0,0,1,218.54,38.9,0
1472,1,0.0,1,0,0,1,0,0,1,0,0,0,0,1,0,71.22,40.0,0
1473,0,0.0,0,0,0,1,0,0,0,0,1,1,0,0,0,82.41,18.4,0
1474,0,0.0,0,0,0,0,0,0,0,1,0,0,0,1,0,82.07,29.0,0
1475,1,0.0,0,0,1,1,0,0,0,1,0,0,0,1,0,73.0,20.6,0
1476,0,0.0,0,0,0,0,0,0,0,0,1,1,0,0,0,127.25,28.2,0
1477,1,0.0,0,0,1,0,0,0,1,0,0,1,0,0,0,72.63,66.8,0
1478,1,0.0,0,0,0,0,0,0,1,0,0,0,0,1,0,108.2,26.2,0
1479,0,1.0,1,1,1,1,0,0,1,0,0,0,1,0,0,123.95,34.8,0
1480,1,1.0,1,0,1,1,0,0,1,0,0,0,0,1,0,58.71,34.5,0
1481,0,1.0,0,0,1,0,0,0,1,0,0,0,0,1,0,98.46,30.6,0
1482,1,0.0,0,0,1,0,0,0,1,0,0,0,1,0,0,68.78,55.1,0
1483,0,0.0,0,0,0,0,0,0,0,0,1,1,0,0,0,133.63,18.8,0
1484,0,1.0,0,1,1,0,0,0,0,1,0,1,0,0,0,101.43,29.1,0
1485,1,0.0,0,0,0,0,0,0,1,0,0,0,0,0,1,65.3,22.1,0
1486,1,1.0,0,0,1,1,0,0,1,0,0,0,0,0,1,72.49,28.9,0
1487,1,0.0,0,0,1,1,0,0,1,0,0,1,0,0,0,65.49,34.7,0
1488,1,0.0,0,0,0,1,1,0,0,0,0,0,0,0,1,63.4,20.3,0
1489,1,1.0,0,0,1,0,0,0,0,1,0,0,1,0,0,105.29,25.1,0
1490,0,0.0,0,0,0,1,0,0,0,0,1,1,0,0,0,64.08,18.2,0
1491,1,0.0,0,0,0,1,0,0,1,0,0,0,0,1,0,78.34,25.5,0
1492,1,1.0,0,0,1,0,0,0,1,0,0,0,1,0,0,66.32,34.4,0
1493,1,0.0,0,0,0,0,0,0,1,0,0,0,0,1,0,168.15,48.5,0
1494,1,1.0,0,0,1,0,0,0,1,0,0,0,1,0,0,93.48,25.2,0
1495,0,0.0,1,0,1,1,0,0,0,1,0,0,0,1,0,79.2,32.5,0
1496,0,0.0,0,0,1,0,0,0,1,0,0,0,1,0,0,107.45,42.1,0
1497,0,0.0,0,0,0,0,0,0,1,0,0,0,0,1,0,83.86,19.5,0
1498,0,0.0,0,0,1,0,0,0,1,0,0,0,0,1,0,119.96,27.7,0
1499,1,0.0,0,0,1,0,0,0,1,0,0,0,0,1,0,70.58,25.1,0
1500,1,1.0,0,0,0,0,0,0,1,0,0,0,0,1,0,87.7,29.6,0
1501,1,0.0,0,0,1,1,1,0,0,0,0,0,0,1,0,65.29,32.9,0
1502,1,0.0,0,0,1,1,0,0,1,0,0,0,0,1,0,97.14,55.9,0
1503,0,1.0,0,0,1,1,0,0,1,0,0,0,1,0,0,110.68,25.1,0
1504,1,0.0,0,0,1,1,1,0,0,0,0,0,0,0,1,91.93,24.7,0
1505,0,0.0,0,0,0,1,0,0,0,0,1,1,0,0,0,88.54,17.5,0
1506,1,1.0,1,0,1,1,0,0,1,0,0,1,0,0,0,183.0,20.8,0
1507,1,0.0,0,0,0,0,1,0,0,0,0,0,0,1,0,115.93,23.3,0
1508,1,0.0,0,0,0,1,0,0,0,0,1,1,0,0,0,99.13,22.8,0
1509,1,0.0,0,0,1,0,0,0,1,0,0,0,0,1,0,69.24,26.6,0
1510,1,0.0,0,0,1,0,0,0,1,0,0,0,0,1,0,102.28,25.5,0
1511,0,0.0,0,0,1,1,0,0,1,0,0,0,0,1,0,71.31,25.8,0
1512,0,1.0,0,0,1,0,0,0,1,0,0,0,0,1,0,89.75,25.4,0
1513,0,0.0,0,0,1,1,0,0,1,0,0,0,0,1,0,87.66,57.3,0
1514,1,0.0,0,0,0,1,0,0,0,0,1,1,0,0,0,81.11,20.2,0
1515,0,0.0,0,0,1,1,0,0,1,0,0,0,0,1,0,178.33,27.7,0
1516,1,1.0,0,0,1,0,0,0,1,0,0,1,0,0,0,81.38,23.1,0
1517,0,0.0,0,0,0,1,0,0,0,0,1,1,0,0,0,109.56,14.3,0
1518,1,0.0,0,0,0,0,0,0,1,0,0,0,0,0,1,70.45,23.3,0
1519,1,1.0,0,0,1,0,1,0,0,0,0,1,0,0,0,73.44,23.4,0
1520,1,0.0,0,0,1,1,0,0,1,0,0,0,1,0,0,146.44,22.8,0
1521,1,0.0,0,0,1,1,0,0,1,0,0,0,0,1,0,65.04,30.9,0
1522,1,0.0,0,0,1,0,0,0,0,1,0,1,0,0,0,151.25,28.4,0
1523,0,0.0,0,0,0,0,0,0,1,0,0,0,0,0,1,106.41,41.9,0
1524,0,1.0,1,0,1,1,0,0,1,0,0,1,0,0,0,197.09,34.3,0
1525,0,0.0,0,0,1,1,0,0,1,0,0,0,0,0,1,93.58,25.1,0
1526,1,0.0,0,0,0,0,0,0,0,0,1,1,0,0,0,122.04,10.3,0
1527,1,0.0,0,0,0,0,0,0,1,0,0,1,0,0,0,80.06,31.8,0
1528,1,1.0,0,1,1,1,0,0,1,0,0,1,0,0,0,84.93,31.8,0
1529,0,0.0,0,0,0,1,0,0,0,1,0,0,0,1,0,68.4,23.0,0
1530,1,1.0,0,0,0,1,1,0,0,0,0,0,1,0,0,62.99,25.4,0
1531,1,0.0,0,0,0,1,0,0,0,0,1,1,0,0,0,139.67,14.1,0
1532,0,0.0,0,0,1,1,1,0,0,0,0,0,0,0,1,113.4,35.1,0
1533,0,0.0,0,0,1,1,0,0,0,1,0,1,0,0,0,101.92,26.9,0
1534,0,1.0,1,0,1,1,0,0,1,0,0,0,1,0,0,65.98,33.0,0
1535,0,0.0,0,0,1,1,0,0,1,0,0,1,0,0,0,84.3,22.1,0
1536,1,0.0,0,0,0,1,0,0,0,0,1,1,0,0,0,61.42,20.8,0
1537,1,1.0,0,0,1,0,1,0,0,0,0,0,0,1,0,85.52,30.0,0
1538,1,0.0,0,0,1,1,1,0,0,0,0,1,0,0,0,83.79,44.0,0
1539,1,0.0,0,0,0,1,0,0,1,0,0,1,0,0,0,73.83,16.6,0
1540,1,0.0,0,0,0,0,0,0,1,0,0,0,0,1,0,69.38,28.4,0
1541,0,0.0,0,0,1,1,0,0,1,0,0,0,0,1,0,66.11,26.3,0
1542,0,0.0,0,0,1,1,0,0,1,0,0,0,1,0,0,149.62,39.4,0
1543,1,0.0,0,0,1,1,0,0,1,0,0,0,0,0,1,242.84,15.7,0
1544,1,0.0,1,0,1,1,0,0,1,0,0,0,0,0,1,202.66,34.1,0
1545,0,1.0,0,1,1,0,0,0,1,0,0,0,1,0,0,216.9,29.8,0
1546,1,0.0,0,0,0,1,0,0,1,0,0,1,0,0,0,103.78,23.6,0
1547,1,1.0,0,0,1,0,0,0,0,1,0,0,1,0,0,114.88,18.3,0
1548,1,0.0,0,0,0,1,0,0,1,0,0,0,0,1,0,75.94,28.3,0
1549,1,0.0,0,0,0,0,0,0,0,0,1,1,0,0,0,55.51,18.5,0
1550,0,0.0,0,0,0,0,0,0,0,0,1,1,0,0,0,93.74,18.4,0
1551,0,1.0,0,0,1,1,0,0,1,0,0,0,0,0,1,71.44,24.1,0
1552,1,0.0,0,0,1,1,1,0,0,0,0,0,1,0,0,58.29,25.5,0
1553,0,0.0,0,0,1,1,0,0,1,0,0,0,0,1,0,115.83,25.3,0
1554,1,1.0,0,0,1,1,0,0,1,0,0,0,1,0,0,102.71,39.9,0
1555,0,0.0,0,0,1,1,1,0,0,0,0,0,0,0,1,99.69,28.8,0
1556,1,0.0,0,0,1,0,0,0,0,1,0,0,1,0,0,102.89,37.2,0
1557,1,0.0,0,0,0,0,1,0,0,0,0,0,0,1,0,56.63,49.8,0
1558,0,0.0,0,0,1,0,0,0,1,0,0,0,1,0,0,87.34,34.3,0
1559,0,0.0,0,0,1,0,0,0,1,0,0,0,0,1,0,109.51,29.0,0
1560,1,0.0,0,0,0,1,0,0,1,0,0,0,0,1,0,78.59,37.2,0
1561,1,0.0,0,0,0,1,0,0,0,0,1,1,0,0,0,78.26,19.4,0
1562,0,0.0,0,0,0,0,0,0,1,0,0,0,0,1,0,105.47,26.2,0
1563,1,0.0,0,0,0,1,0,0,1,0,0,0,0,1,0,68.19,21.1,0
1564,1,1.0,0,0,1,0,0,0,0,1,0,0,0,0,1,114.47,31.6,0
1565,0,1.0,0,0,1,1,0,0,1,0,0,1,0,0,0,66.85,29.3,0
1566,0,0.0,0,0,1,0,0,0,1,0,0,0,0,0,1,94.71,28.4,0
1567,1,1.0,0,1,1,1,0,0,1,0,0,0,0,0,1,208.05,35.3,0
1568,1,0.0,0,0,1,0,0,0,1,0,0,0,0,0,1,222.6,40.1,0
1569,0,0.0,0,0,1,1,0,0,1,0,0,0,1,0,0,80.81,39.0,0
1570,0,0.0,0,0,1,0,0,0,1,0,0,0,0,1,0,64.51,31.5,0
1571,1,0.0,1,0,1,1,0,0,1,0,0,1,0,0,0,151.56,28.5,0
1572,0,1.0,0,0,1,1,0,0,1,0,0,0,0,1,0,199.14,28.5,0
1573,1,0.0,0,0,0,0,0,0,0,1,0,0,0,0,1,73.41,56.0,0
1574,1,1.0,0,0,1,1,0,0,1,0,0,0,1,0,0,109.65,28.6,0
1575,1,0.0,0,0,1,0,1,0,0,0,0,0,0,1,0,69.11,35.2,0
1576,1,1.0,0,0,1,1,0,0,1,0,0,0,0,1,0,114.41,32.5,0
1577,1,1.0,0,0,1,1,0,0,1,0,0,0,0,1,0,103.46,35.9,0
1578,1,0.0,0,0,1,0,0,0,1,0,0,0,0,1,0,95.36,25.1,0
1579,1,0.0,0,0,0,1,0,0,0,0,1,1,0,0,0,57.33,16.8,0
1580,1,0.0,0,0,1,0,0,0,1,0,0,0,0,0,1,191.48,27.9,0
1581,1,0.0,0,0,0,0,0,0,0,0,1,1,0,0,0,71.63,16.3,0
1582,1,1.0,0,0,1,1,0,0,1,0,0,1,0,0,0,84.75,21.4,0
1583,1,0.0,0,0,0,0,0,0,1,0,0,0,1,0,0,89.24,32.7,0
1584,1,0.0,0,0,1,1,0,0,1,0,0,0,0,1,0,70.13,23.6,0
1585,1,1.0,0,0,1,1,0,0,1,0,0,0,1,0,0,82.26,19.8,0
1586,0,0.0,1,0,1,1,0,0,1,0,0,0,0,1,0,200.16,33.1,0
1587,0,0.0,0,0,1,1,0,0,1,0,0,0,0,0,1,80.73,28.1,0
1588,1,0.0,0,0,1,1,0,0,1,0,0,0,1,0,0,75.09,38.9,0
1589,1,1.0,0,0,1,1,0,0,0,1,0,0,0,1,0,80.57,23.8,0
1590,1,1.0,1,0,0,0,0,0,1,0,0,0,1,0,0,77.04,33.8,0
1591,0,0.0,0,0,1,1,0,0,1,0,0,1,0,0,0,145.26,26.7,0
1592,0,1.0,0,0,1,1,0,0,0,1,0,0,1,0,0,82.08,32.2,0
1593,1,0.0,0,0,0,0,0,0,1,0,0,0,1,0,0,103.35,28.1,0
1594,0,0.0,0,0,0,1,0,0,0,0,1,1,0,0,0,97.46,21.3,0
1595,1,0.0,0,0,1,1,0,0,1,0,0,0,0,0,1,123.65,44.0,0
1596,1,0.0,0,0,0,1,0,0,0,0,1,0,1,0,0,87.96,21.5,0
1597,1,0.0,0,0,1,1,0,0,0,1,0,0,0,0,1,85.92,37.3,0
1598,1,0.0,0,0,1,1,0,0,1,0,0,0,0,1,0,80.8,44.8,0
1599,1,0.0,0,0,1,0,0,0,0,1,0,0,0,1,0,99.3,21.4,0
1600,0,1.0,0,0,1,0,0,0,1,0,0,0,0,1,0,62.56,32.3,0
1601,0,1.0,0,0,1,1,0,0,1,0,0,0,0,0,1,144.2,35.4,0
1602,1,1.0,0,0,1,1,0,0,1,0,0,0,0,1,0,71.38,19.7,0
1603,1,0.0,0,0,0,1,0,0,1,0,0,1,0,0,0,95.5,31.3,0
1604,1,0.0,0,0,1,1,1,0,0,0,0,0,0,1,0,67.06,35.5,0
1605,0,0.0,0,0,1,0,0,0,1,0,0,0,1,0,0,70.16,25.8,0
1606,1,0.0,0,0,1,1,1,0,0,0,0,1,0,0,0,104.24,32.8,0
1607,0,0.0,0,0,1,0,0,0,1,0,0,0,0,0,1,122.48,35.9,0
1608,1,0.0,0,0,0,1,1,0,0,0,0,0,0,0,1,215.9,41.8,0
1609,1,0.0,0,0,1,0,1,0,0,0,0,0,1,0,0,108.56,27.3,0
1610,0,0.0,0,0,1,1,0,0,1,0,0,1,0,0,0,69.88,27.7,0
1611,0,0.0,0,0,0,0,0,0,0,0,1,1,0,0,0,91.54,13.4,0
1612,0,0.0,0,0,0,0,0,0,0,0,1,1,0,0,0,65.85,17.0,0
1613,1,0.0,0,0,1,0,0,0,1,0,0,0,0,1,0,60.74,20.0,0
1614,0,0.0,0,0,0,0,0,0,1,0,0,0,0,1,0,233.52,40.9,0
1615,1,0.0,0,0,0,1,0,0,1,0,0,0,0,1,0,110.7,38.5,0
1616,1,0.0,0,0,1,0,1,0,0,0,0,0,1,0,0,78.93,30.9,0
1617,1,0.0,0,0,0,1,0,0,1,0,0,1,0,0,0,124.5,33.4,0
1618,0,0.0,0,0,0,1,0,0,0,0,1,1,0,0,0,57.95,17.1,0
1619,0,0.0,0,0,1,0,0,0,1,0,0,1,0,0,0,92.82,28.6,0
1620,0,0.0,0,0,1,0,0,0,1,0,0,0,0,0,1,58.25,24.0,0
1621,1,0.0,1,0,1,0,0,0,1,0,0,0,0,1,0,213.54,32.0,0
1622,0,0.0,0,0,0,1,0,0,1,0,0,0,0,1,0,74.86,28.4,0
1623,1,0.0,0,0,0,1,0,0,1,0,0,1,0,0,0,78.35,20.3,0
1624,0,0.0,0,0,0,1,0,0,0,0,1,1,0,0,0,101.26,33.8,0
1625,1,0.0,0,0,1,1,0,0,1,0,0,1,0,0,0,86.87,43.2,0
1626,1,0.0,0,0,1,0,0,0,1,0,0,1,0,0,0,124.01,22.7,0
1627,1,0.0,0,0,1,1,0,0,1,0,0,0,0,1,0,83.41,29.9,0
1628,1,0.0,0,0,0,0,0,0,0,1,0,1,0,0,0,70.65,29.9,0
1629,1,0.0,0,0,0,0,0,0,0,1,0,1,0,0,0,92.4,22.7,0
1630,1,1.0,0,0,1,1,0,0,0,1,0,0,0,1,0,73.36,16.1,0
1631,1,0.0,0,0,1,1,1,0,0,0,0,0,1,0,0,219.5,33.8,0
1632,0,0.0,0,0,0,0,0,0,0,0,1,0,0,1,0,105.73,22.6,0
1633,0,0.0,0,0,1,0,0,0,1,0,0,0,0,0,1,83.79,25.5,0
1634,1,0.0,0,0,0,1,0,0,1,0,0,1,0,0,0,58.02,22.5,0
1635,1,1.0,0,0,1,0,1,0,0,0,0,0,1,0,0,61.94,27.9,0
1636,0,0.0,0,0,0,0,0,0,0,0,1,1,0,0,0,99.71,23.5,0
1637,1,1.0,0,0,1,0,0,0,0,1,0,0,0,1,0,63.19,32.2,0
1638,1,0.0,0,0,0,1,0,0,1,0,0,0,0,0,1,56.84,29.9,0
1639,0,1.0,0,0,1,0,1,0,0,0,0,0,1,0,0,217.66,28.7,0
1640,1,0.0,0,0,1,0,0,0,1,0,0,0,0,0,1,77.19,37.2,0
1641,0,0.0,0,0,0,0,0,0,1,0,0,0,1,0,0,76.22,22.2,0
1642,0,1.0,0,0,1,0,0,0,0,1,0,0,1,0,0,155.32,26.6,0
1643,1,0.0,0,0,1,1,0,0,1,0,0,0,0,0,1,70.67,24.6,0
1644,1,1.0,1,1,1,1,0,0,1,0,0,0,0,1,0,227.16,41.7,0
1645,1,1.0,0,0,1,0,0,0,1,0,0,0,1,0,0,58.69,26.2,0
1646,1,0.0,0,0,0,1,0,0,0,1,0,1,0,0,0,88.85,27.1,0
1647,1,0.0,1,0,1,1,0,0,1,0,0,0,0,1,0,137.94,41.8,0
1648,1,0.0,0,0,1,1,0,0,1,0,0,0,0,1,0,60.6,34.2,0
1649,1,0.0,0,0,1,0,0,0,1,0,0,0,0,1,0,93.67,19.2,0
1650,0,0.0,0,0,1,1,0,0,1,0,0,0,0,1,0,79.56,25.2,0
1651,0,0.0,0,0,0,0,0,0,1,0,0,0,0,1,0,122.46,18.7,0
1652,0,0.0,0,0,1,1,0,0,1,0,0,0,0,1,0,92.32,43.0,0
1653,0,0.0,1,0,1,0,0,0,1,0,0,0,0,0,1,80.63,28.2,0
1654,0,0.0,0,0,1,1,1,0,0,0,0,0,0,0,1,92.32,34.7,0
1655,1,0.0,1,0,1,1,1,0,0,0,0,0,0,1,0,59.89,25.5,0
1656,1,0.0,0,0,1,1,0,0,1,0,0,0,0,0,1,80.57,39.8,0
1657,1,1.0,0,0,1,1,0,0,0,1,0,0,1,0,0,88.52,20.8,0
1658,1,1.0,0,0,1,1,0,0,1,0,0,0,1,0,0,88.82,28.2,0
1659,1,1.0,1,1,1,0,0,0,1,0,0,0,0,0,1,102.08,31.0,0
1660,1,0.0,0,0,1,0,1,0,0,0,0,0,0,1,0,84.9,21.6,0
1661,1,1.0,0,0,1,1,0,0,0,1,0,1,0,0,0,82.21,26.2,0
1662,0,0.0,0,0,1,1,0,0,1,0,0,1,0,0,0,74.05,26.0,0
1663,0,0.0,0,0,0,1,0,0,0,0,1,1,0,0,0,90.46,22.5,0
1664,1,0.0,0,0,1,0,0,0,1,0,0,0,1,0,0,176.48,24.0,0
1665,0,0.0,0,0,1,1,0,0,0,1,0,0,0,1,0,94.07,31.5,0
1666,0,1.0,0,0,1,1,0,0,0,1,0,0,1,0,0,85.12,36.3,0
1667,1,0.0,0,0,0,1,0,0,1,0,0,1,0,0,0,71.81,25.4,0
1668,0,0.0,0,0,0,0,0,0,1,0,0,0,0,1,0,111.93,32.2,0
1669,1,0.0,0,0,1,1,1,0,0,0,0,1,0,0,0,94.4,39.8,0
1670,0,0.0,0,0,0,1,0,0,0,0,1,1,0,0,0,70.0,18.6,0
1671,0,0.0,0,0,1,0,0,0,1,0,0,0,0,0,1,95.57,30.7,0
1672,0,0.0,0,0,0,1,0,0,0,0,1,1,0,0,0,91.98,16.4,0
1673,1,0.0,0,0,0,1,0,0,1,0,0,0,0,0,1,66.29,20.5,0
1674,1,1.0,0,1,1,0,0,0,0,1,0,0,0,1,0,211.88,28.7,0
1675,1,0.0,0,0,1,0,0,0,1,0,0,0,0,0,1,76.55,29.0,0
1676,1,0.0,0,0,1,1,0,0,1,0,0,0,0,1,0,56.67,24.4,0
1677,0,0.0,0,0,1,0,0,0,1,0,0,1,0,0,0,100.52,29.9,0
1678,0,0.0,0,0,0,0,0,0,1,0,0,1,0,0,0,58.96,25.3,0
1679,1,0.0,0,0,0,0,0,0,0,0,1,0,1,0,0,81.66,23.5,0
1680,1,1.0,1,0,1,0,0,0,1,0,0,0,0,1,0,96.77,20.5,0
1681,1,1.0,1,0,1,0,0,0,1,0,0,0,0,0,1,91.63,33.5,0
1682,0,0.0,0,0,0,1,0,0,0,0,1,1,0,0,0,97.51,22.0,0
1683,0,1.0,1,0,1,0,0,0,1,0,0,0,0,1,0,225.6,29.0,0
1684,1,1.0,1,0,1,0,0,0,0,1,0,0,0,1,0,210.23,30.7,0
1685,1,0.0,0,0,1,1,0,0,1,0,0,0,0,1,0,92.82,37.4,0
1686,1,0.0,0,0,1,0,0,0,1,0,0,0,0,1,0,234.82,51.8,0
1687,0,0.0,0,0,0,0,0,0,0,0,1,1,0,0,0,65.67,16.6,0
1688,1,0.0,0,0,1,1,0,0,1,0,0,1,0,0,0,74.51,29.5,0
1689,1,1.0,0,1,1,0,0,0,1,0,0,0,1,0,0,81.99,27.3,0
1690,1,1.0,0,0,1,1,0,0,0,1,0,0,1,0,0,87.69,27.5,0
1691,0,0.0,0,0,0,0,0,0,1,0,0,0,0,1,0,125.29,33.9,0
1692,1,0.0,0,0,1,0,1,0,0,0,0,1,0,0,0,111.64,27.9,0
1693,1,0.0,0,0,0,1,0,1,0,0,0,0,0,1,0,70.93,22.9,0
1694,0,0.0,1,0,1,1,0,0,1,0,0,0,0,1,0,89.93,32.1,0
1695,0,0.0,0,0,0,0,0,0,0,0,1,1,0,0,0,137.45,18.2,0
1696,1,0.0,0,0,0,0,0,0,1,0,0,0,1,0,0,72.06,30.2,0
1697,1,1.0,0,0,1,0,0,0,1,0,0,0,1,0,0,97.9,31.3,0
1698,0,0.0,0,0,0,1,0,0,0,0,1,1,0,0,0,84.85,20.3,0
1699,0,0.0,0,0,1,0,0,0,1,0,0,0,1,0,0,230.59,23.2,0
1700,0,0.0,0,0,1,0,0,0,1,0,0,1,0,0,0,92.81,30.8,0
1701,1,0.0,0,0,0,1,0,0,1,0,0,0,0,1,0,168.15,22.9,0
1702,1,0.0,0,0,1,1,0,0,0,1,0,0,0,1,0,224.63,42.8,0
1703,0,0.0,0,0,1,1,0,0,1,0,0,1,0,0,0,108.12,22.2,0
1704,0,0.0,0,0,0,0,0,0,1,0,0,0,0,0,1,85.17,28.7,0
1705,0,1.0,0,0,0,1,0,0,1,0,0,0,0,1,0,84.14,32.3,0
1706,0,0.0,0,0,0,0,0,0,1,0,0,0,1,0,0,85.57,24.2,0
1707,0,0.0,0,0,1,1,0,0,1,0,0,0,0,1,0,82.81,23.9,0
1708,0,0.0,1,0,0,1,0,0,1,0,0,0,0,1,0,110.53,34.2,0
1709,1,0.0,0,0,1,0,0,0,1,0,0,1,0,0,0,61.88,29.0,0
1710,1,0.0,0,0,0,1,0,0,0,0,1,0,0,1,0,85.04,29.9,0
1711,1,0.0,0,0,0,1,0,0,1,0,0,0,0,0,1,140.4,23.0,0
1712,1,0.0,0,0,0,1,0,0,0,0,1,1,0,0,0,62.27,17.3,0
1713,0,0.0,0,0,0,0,0,0,1,0,0,0,0,1,0,99.44,21.0,0
1714,1,1.0,0,1,1,0,0,0,0,1,0,1,0,0,0,88.9,34.3,0
1715,1,0.0,0,0,0,1,0,0,1,0,0,1,0,0,0,64.1,19.8,0
1716,1,0.0,0,0,0,1,0,0,1,0,0,1,0,0,0,97.58,24.3,0
1717,1,1.0,1,0,1,0,0,0,1,0,0,0,0,1,0,58.66,16.4,0
1718,0,0.0,0,0,1,1,1,0,0,0,0,1,0,0,0,88.24,32.6,0
1719,0,1.0,0,0,1,1,0,0,1,0,0,0,0,0,1,61.32,23.7,0
1720,0,0.0,0,0,1,0,0,0,1,0,0,0,1,0,0,62.99,27.0,0
1721,0,1.0,1,0,1,1,0,0,1,0,0,0,0,0,1,86.04,25.6,0
1722,1,0.0,0,0,1,0,0,0,1,0,0,0,1,0,0,83.3,34.0,0
1723,1,0.0,0,0,0,1,0,0,1,0,0,0,0,1,0,208.17,24.9,0
1724,0,0.0,0,0,0,0,0,0,1,0,0,1,0,0,0,133.2,26.3,0
1725,1,0.0,0,0,0,0,0,0,1,0,0,1,0,0,0,81.54,43.1,0
1726,1,0.0,0,0,1,0,0,0,1,0,0,0,0,1,0,146.61,39.6,0
1727,1,0.0,0,0,0,1,0,0,0,0,1,1,0,0,0,79.33,15.2,0
1728,1,0.0,0,0,1,0,0,0,1,0,0,0,0,1,0,84.56,41.8,0
1729,0,0.0,0,0,0,0,0,0,1,0,0,0,0,1,0,103.44,20.1,0
1730,1,1.0,0,0,1,1,0,0,1,0,0,0,0,1,0,185.31,39.3,0
1731,0,1.0,1,0,1,1,0,0,1,0,0,0,1,0,0,102.53,28.3,0
1732,1,1.0,0,0,1,1,0,0,1,0,0,1,0,0,0,65.78,27.5,0
1733,0,0.0,0,0,0,0,0,0,1,0,0,0,0,1,0,62.6,33.9,0
1734,1,0.0,0,0,0,0,0,0,0,0,1,1,0,0,0,81.18,20.0,0
1735,1,0.0,0,0,1,0,0,0,1,0,0,0,0,0,1,76.68,34.8,0
1736,0,0.0,0,0,0,1,0,0,0,0,1,0,1,0,0,92.86,20.7,0
1737,0,0.0,0,0,0,1,0,0,1,0,0,0,0,0,1,90.95,24.6,0
1738,1,0.0,0,1,1,1,0,0,1,0,0,0,0,1,0,85.66,39.4,0
1739,1,0.0,0,0,1,0,0,0,0,1,0,0,0,0,1,68.37,29.4,0
1740,1,1.0,1,0,1,1,0,0,0,1,0,1,0,0,0,77.32,24.8,0
1741,0,1.0,0,0,1,0,1,0,0,0,0,0,0,1,0,187.87,32.3,0
1742,0,0.0,0,0,0,0,0,0,0,0,1,0,0,1,0,213.87,25.3,0
1743,1,1.0,1,0,1,0,0,0,1,0,0,1,0,0,0,119.62,39.0,0
1744,0,1.0,0,0,1,1,0,0,1,0,0,0,1,0,0,222.85,29.4,0
1745,1,0.0,0,0,0,0,0,0,1,0,0,1,0,0,0,100.82,31.9,0
1746,1,0.0,0,0,0,0,0,0,1,0,0,1,0,0,0,136.1,26.4,0
1747,0,0.0,0,0,0,0,0,0,0,0,1,1,0,0,0,149.42,20.6,0
1748,1,0.0,0,0,1,0,0,0,0,1,0,0,0,1,0,79.99,26.3,0
1749,0,0.0,0,0,1,0,0,0,1,0,0,1,0,0,0,118.21,23.6,0
1750,0,0.0,0,0,0,0,0,0,0,0,1,1,0,0,0,56.3,18.0,0
1751,1,1.0,0,0,1,0,0,0,0,1,0,0,0,1,0,84.49,26.4,0
1752,0,0.0,0,0,0,0,0,0,1,0,0,0,0,1,0,89.61,22.0,0
1753,0,1.0,0,0,1,0,0,0,1,0,0,1,0,0,0,100.09,30.5,0
1754,1,0.0,0,0,1,1,1,0,0,0,0,0,0,0,1,198.36,29.1,0
1755,1,1.0,0,0,1,0,0,0,0,1,0,0,0,1,0,93.61,24.9,0
1756,1,0.0,0,0,1,0,0,0,1,0,0,0,0,0,1,75.43,36.4,0
1757,1,0.0,0,0,1,1,1,0,0,0,0,0,0,0,1,100.31,31.2,0
1758,1,0.0,0,0,1,0,0,0,1,0,0,0,0,1,0,105.63,32.8,0
1759,0,0.0,0,0,1,0,0,0,0,1,0,0,0,1,0,82.84,31.6,0
1760,1,1.0,0,0,1,1,1,0,0,0,0,1,0,0,0,58.88,35.8,0
1761,0,1.0,0,0,1,1,0,0,1,0,0,0,1,0,0,92.27,35.2,0
1762,1,0.0,0,0,1,1,0,0,1,0,0,0,0,1,0,115.23,28.0,0
1763,1,0.0,1,1,1,1,0,0,1,0,0,0,0,0,1,196.25,24.9,0
1764,1,0.0,0,0,0,0,0,0,0,0,1,1,0,0,0,85.97,35.7,0
1765,1,0.0,0,0,1,1,0,0,1,0,0,0,0,0,1,114.33,30.7,0
1766,1,0.0,0,0,1,0,0,0,1,0,0,0,0,1,0,72.52,33.9,0
1767,1,0.0,0,0,1,0,0,0,1,0,0,1,0,0,0,63.47,27.8,0
1768,1,0.0,0,0,1,1,1,0,0,0,0,1,0,0,0,90.58,23.2,0
1769,1,0.0,0,0,0,0,0,0,1,0,0,1,0,0,0,92.26,17.1,0
1770,1,0.0,0,0,1,1,0,0,0,1,0,0,0,0,1,113.74,31.6,0
1771,0,0.0,1,0,1,1,1,0,0,0,0,0,0,0,1,72.79,23.8,0
1772,1,0.0,0,0,1,0,0,0,0,1,0,0,0,0,1,94.71,29.6,0
1773,1,1.0,0,0,1,0,0,0,1,0,0,0,0,1,0,194.53,45.0,0
1774,1,0.0,0,0,1,1,0,0,1,0,0,1,0,0,0,72.65,25.6,0
1775,0,1.0,1,1,1,1,0,0,1,0,0,0,1,0,0,86.68,27.7,0
1776,1,0.0,0,0,1,0,0,0,0,1,0,0,0,1,0,140.39,25.5,0
1777,1,0.0,0,0,0,0,0,0,0,0,1,1,0,0,0,77.87,18.3,0
1778,0,1.0,0,0,1,0,0,0,0,1,0,0,1,0,0,104.7,21.0,0
1779,1,1.0,1,0,1,1,0,0,1,0,0,0,0,1,0,95.82,28.6,0
1780,1,1.0,0,0,1,1,1,0,0,0,0,0,0,1,0,204.05,23.5,0
1781,0,1.0,0,0,1,1,0,0,0,1,0,1,0,0,0,130.56,36.1,0
1782,1,0.0,0,0,1,1,0,0,1,0,0,0,0,0,1,67.78,29.2,0
1783,1,0.0,0,0,1,1,0,0,1,0,0,0,1,0,0,105.29,27.6,0
1784,0,0.0,0,0,1,1,0,0,0,1,0,0,0,0,1,135.19,36.0,0
1785,0,0.0,0,0,0,1,0,0,1,0,0,0,0,0,1,116.12,20.4,0
1786,1,0.0,0,0,0,0,0,0,1,0,0,0,0,1,0,59.63,19.9,0
1787,0,1.0,0,0,1,0,0,0,0,1,0,0,1,0,0,56.43,29.2,0
1788,1,0.0,0,0,0,0,0,0,1,0,0,0,0,1,0,199.18,27.9,0
1789,0,1.0,0,0,1,0,0,0,1,0,0,0,1,0,0,209.26,38.1,0
1790,1,0.0,0,0,1,1,1,0,0,0,0,0,0,1,0,91.21,24.1,0
1791,0,1.0,0,0,1,1,1,0,0,0,0,0,1,0,0,95.16,37.8,0
1792,1,0.0,0,0,1,1,0,0,1,0,0,0,0,1,0,217.11,29.1,0
1793,0,0.0,0,1,1,1,1,0,0,0,0,0,0,1,0,222.46,35.7,0
1794,0,0.0,0,0,1,0,0,0,1,0,0,0,0,1,0,82.44,34.5,0
1795,1,0.0,0,0,0,0,1,0,0,0,0,0,0,0,1,74.11,34.1,0
1796,1,0.0,0,0,0,1,0,0,1,0,0,1,0,0,0,131.23,21.1,0
1797,0,1.0,0,0,1,1,1,0,0,0,0,0,0,1,0,187.52,57.7,0
1798,1,0.0,0,0,0,0,0,0,1,0,0,0,0,1,0,83.26,22.2,0
1799,0,0.0,0,0,0,0,0,0,0,0,1,1,0,0,0,99.07,20.5,0
1800,1,0.0,0,0,0,1,0,0,1,0,0,0,0,1,0,76.63,26.2,0
1801,0,0.0,0,0,0,0,0,0,1,0,0,0,0,1,0,65.09,23.5,0
1802,0,0.0,0,0,1,1,0,0,1,0,0,0,0,0,1,142.31,29.1,0
1803,0,0.0,1,0,0,1,0,0,1,0,0,1,0,0,0,80.99,39.8,0
1804,0,0.0,0,0,1,0,1,0,0,0,0,0,0,1,0,237.74,21.2,0
1805,1,0.0,0,0,0,0,0,0,1,0,0,0,1,0,0,154.08,20.2,0
1806,0,0.0,0,0,1,0,0,0,1,0,0,0,0,1,0,78.29,30.8,0
1807,0,0.0,0,0,1,1,0,0,1,0,0,1,0,0,0,164.67,33.8,0
1808,1,0.0,0,0,0,0,0,0,0,0,1,1,0,0,0,59.61,17.1,0
1809,1,0.0,0,0,1,1,0,0,0,1,0,0,1,0,0,67.75,21.3,0
1810,1,0.0,0,0,1,1,0,0,1,0,0,0,0,1,0,90.35,22.3,0
1811,0,0.0,0,0,1,0,0,0,1,0,0,0,0,1,0,77.86,28.9,0
1812,1,1.0,0,0,1,0,0,0,1,0,0,0,0,1,0,71.88,26.7,0
1813,0,0.0,1,0,1,1,1,0,0,0,0,0,0,0,1,118.82,41.0,0
1814,1,0.0,0,0,0,1,0,0,0,0,1,1,0,0,0,67.33,16.7,0
1815,1,1.0,0,0,0,1,1,0,0,0,0,0,0,0,1,121.66,29.1,0
1816,1,0.0,0,0,0,0,0,0,0,0,1,1,0,0,0,111.92,23.6,0
1817,0,0.0,0,1,1,1,0,0,0,1,0,0,1,0,0,92.82,27.8,0
1818,0,0.0,0,0,1,0,0,0,1,0,0,0,0,0,1,95.46,31.4,0
1819,0,0.0,0,0,0,1,0,1,0,0,0,0,0,1,0,59.99,28.2,0
1820,1,1.0,0,0,1,0,0,0,0,1,0,1,0,0,0,68.96,30.8,0
1821,1,0.0,0,0,1,1,0,0,1,0,0,0,0,1,0,90.26,36.1,0
1822,1,0.0,0,0,1,0,0,0,1,0,0,0,1,0,0,91.9,32.7,0
1823,1,0.0,0,0,1,1,0,0,1,0,0,0,0,1,0,91.08,26.4,0
1824,1,0.0,0,0,0,0,0,0,0,0,1,1,0,0,0,118.55,20.7,0
1825,1,0.0,0,0,0,0,0,0,0,0,1,1,0,0,0,102.04,18.5,0
1826,0,0.0,0,0,0,0,0,0,0,0,1,1,0,0,0,65.52,33.5,0
1827,1,1.0,0,0,1,1,0,0,1,0,0,0,0,1,0,82.09,14.1,0
1828,1,0.0,0,0,1,0,0,0,1,0,0,1,0,0,0,149.9,23.4,0
1829,1,0.0,0,0,1,0,0,0,1,0,0,0,0,1,0,100.33,23.2,0
1830,1,1.0,0,0,1,1,0,0,1,0,0,1,0,0,0,91.25,36.0,0
1831,0,0.0,0,0,1,0,0,0,1,0,0,0,0,1,0,89.81,35.6,0
1832,1,0.0,0,0,1,1,0,0,1,0,0,0,0,0,1,97.32,21.8,0
1833,1,0.0,0,0,0,0,0,0,1,0,0,0,0,1,0,75.53,34.9,0
1834,1,0.0,0,0,1,0,0,0,1,0,0,0,0,1,0,121.44,20.4,0
1835,0,1.0,0,0,1,1,0,0,0,1,0,0,0,1,0,83.52,25.0,0
1836,1,0.0,0,0,1,0,1,0,0,0,0,1,0,0,0,57.92,22.3,0
1837,1,0.0,0,0,0,0,0,0,0,1,0,0,0,1,0,75.27,27.3,0
1838,1,0.0,0,0,0,1,0,0,1,0,0,0,0,1,0,80.24,28.9,0
1839,0,0.0,0,0,0,1,0,0,0,0,1,1,0,0,0,88.69,30.4,0
1840,0,0.0,0,0,0,1,0,0,1,0,0,0,1,0,0,69.09,36.9,0
1841,1,1.0,0,0,1,0,0,0,0,1,0,0,0,1,0,62.67,27.7,0
1842,0,0.0,0,0,1,1,0,0,1,0,0,0,0,1,0,98.74,44.4,0
1843,1,0.0,0,0,1,0,0,0,1,0,0,0,0,0,1,56.51,28.2,0
1844,1,0.0,0,0,0,0,0,0,1,0,0,0,0,1,0,65.95,35.0,0
1845,1,0.0,0,0,0,1,0,0,0,0,1,1,0,0,0,129.07,20.6,0
1846,1,0.0,0,0,1,1,0,0,1,0,0,0,0,1,0,62.47,26.5,0
1847,1,0.0,0,0,0,1,0,0,0,0,1,0,0,1,0,69.82,25.1,0
1848,1,1.0,0,0,1,1,0,0,1,0,0,1,0,0,0,99.68,22.2,0
1849,0,0.0,0,0,1,1,1,0,0,0,0,0,1,0,0,223.35,27.3,0
1850,0,1.0,0,1,1,0,0,0,0,1,0,0,0,1,0,74.36,27.3,0
1851,0,0.0,0,1,1,0,0,0,0,1,0,0,1,0,0,102.97,41.9,0
1852,1,1.0,1,0,1,1,1,0,0,0,0,0,0,1,0,153.38,38.8,0
1853,1,0.0,0,0,0,0,0,0,1,0,0,0,0,1,0,87.1,18.3,0
1854,1,0.0,0,0,0,1,0,0,0,0,1,1,0,0,0,113.4,19.5,0
1855,0,0.0,0,0,0,0,0,0,0,0,1,1,0,0,0,94.88,17.2,0
1856,0,0.0,0,0,0,1,0,0,0,0,1,1,0,0,0,82.73,20.8,0
1857,0,0.0,0,0,0,0,0,0,1,0,0,1,0,0,0,67.8,23.8,0
1858,1,0.0,0,0,1,1,0,0,0,1,0,0,0,1,0,84.85,24.7,0
1859,0,0.0,0,0,1,0,0,0,1,0,0,0,1,0,0,135.89,23.1,0
1860,1,0.0,0,0,0,1,0,0,1,0,0,0,0,1,0,106.13,22.4,0
1861,1,0.0,0,0,1,0,0,0,0,1,0,0,0,0,1,74.33,29.9,0
1862,1,0.0,0,0,0,0,0,0,0,0,1,1,0,0,0,109.4,20.0,0
1863,0,0.0,0,0,1,0,0,0,1,0,0,1,0,0,0,75.4,28.7,0
1864,0,1.0,0,0,1,0,0,0,1,0,0,0,1,0,0,87.69,26.2,0
1865,0,0.0,0,0,1,1,0,0,1,0,0,0,0,0,1,95.85,29.6,0
1866,0,0.0,0,0,1,1,0,0,1,0,0,0,1,0,0,90.36,30.8,0
1867,1,0.0,0,0,0,0,0,0,1,0,0,0,1,0,0,63.45,32.7,0
1868,1,1.0,1,0,1,0,0,0,0,1,0,1,0,0,0,201.07,21.8,0
1869,1,0.0,0,0,1,1,0,0,1,0,0,0,0,1,0,122.91,35.7,0
1870,1,0.0,0,0,0,0,0,0,1,0,0,1,0,0,0,55.41,25.4,0
1871,0,0.0,1,0,1,1,0,0,1,0,0,1,0,0,0,60.99,32.8,0
1872,0,0.0,0,0,0,0,0,0,0,0,1,1,0,0,0,111.77,21.1,0
1873,1,0.0,0,0,0,1,0,0,1,0,0,0,0,1,0,77.63,31.7,0
1874,0,0.0,0,0,1,1,0,0,1,0,0,0,0,1,0,70.61,20.0,0
1875,1,0.0,0,0,1,1,0,0,0,1,0,0,1,0,0,124.34,34.7,0
1876,0,0.0,0,0,0,1,0,0,1,0,0,0,0,1,0,103.44,28.0,0
1877,1,0.0,0,0,0,1,0,0,0,0,1,1,0,0,0,124.5,16.4,0
1878,0,0.0,0,0,0,1,1,0,0,0,0,0,0,1,0,75.5,24.6,0
1879,1,0.0,0,0,1,1,0,0,0,1,0,0,0,1,0,98.85,24.6,0
1880,0,0.0,0,1,1,0,0,0,1,0,0,1,0,0,0,96.06,30.3,0
1881,1,0.0,0,0,0,0,0,0,1,0,0,1,0,0,0,93.74,23.7,0
1882,1,0.0,0,0,1,1,0,0,1,0,0,0,0,1,0,65.6,33.5,0
1883,0,0.0,0,0,0,1,0,0,1,0,0,1,0,0,0,113.24,24.9,0
1884,1,0.0,0,0,1,0,0,0,1,0,0,1,0,0,0,94.77,48.9,0
1885,1,0.0,0,0,1,1,0,0,1,0,0,1,0,0,0,145.22,31.4,0
1886,0,0.0,0,0,0,1,0,0,0,0,1,1,0,0,0,112.92,18.4,0
1887,1,0.0,0,0,1,0,0,0,1,0,0,0,1,0,0,84.79,24.2,0
1888,0,1.0,0,1,1,1,0,0,1,0,0,0,0,0,1,103.28,34.3,0
1889,0,0.0,0,0,0,0,1,0,0,0,0,0,0,1,0,96.18,25.1,0
1890,0,1.0,1,0,1,0,0,0,1,0,0,0,0,1,0,186.95,33.3,0
1891,1,0.0,0,0,1,1,0,0,1,0,0,1,0,0,0,68.66,22.6,0
1892,1,0.0,0,0,1,0,0,0,0,1,0,0,0,0,1,128.72,26.3,0
1893,1,1.0,0,0,1,1,0,0,1,0,0,0,1,0,0,85.04,29.7,0
1894,0,0.0,0,0,0,0,0,0,0,0,1,1,0,0,0,146.97,18.5,0
1895,0,0.0,0,0,1,1,0,0,1,0,0,0,0,1,0,65.69,21.4,0
1896,1,0.0,0,0,1,0,0,0,1,0,0,0,1,0,0,97.52,45.5,0
1897,1,1.0,0,0,1,0,0,0,0,1,0,0,0,1,0,90.43,34.2,0
1898,1,0.0,0,0,1,1,1,0,0,0,0,1,0,0,0,81.71,32.7,0
1899,0,0.0,0,0,1,0,0,0,1,0,0,0,0,1,0,198.24,38.1,0
1900,0,0.0,0,0,1,0,0,0,1,0,0,0,0,1,0,90.51,26.7,0
1901,0,0.0,0,0,0,1,0,0,1,0,0,0,0,0,1,97.78,22.6,0
1902,0,1.0,0,0,1,1,0,0,1,0,0,1,0,0,0,80.74,27.7,0
1903,0,0.0,0,0,0,0,0,0,0,0,1,1,0,0,0,57.02,20.7,0
1904,1,0.0,0,0,0,0,0,0,1,0,0,0,0,1,0,93.0,25.7,0
1905,1,1.0,0,0,1,0,0,0,1,0,0,1,0,0,0,95.37,17.3,0
1906,0,0.0,0,0,1,0,1,0,0,0,0,0,1,0,0,96.25,23.3,0
1907,0,0.0,0,0,0,0,0,0,0,0,1,1,0,0,0,86.74,16.2,0
1908,0,0.0,0,0,0,1,0,0,0,0,1,0,0,0,1,63.08,20.5,0
1909,0,1.0,0,0,1,1,0,0,1,0,0,0,0,0,1,129.16,33.6,0
1910,0,0.0,0,0,0,1,0,0,0,0,1,1,0,0,0,99.79,20.2,0
1911,0,0.0,1,0,1,1,0,0,0,1,0,0,0,1,0,83.34,49.3,0
1912,1,0.0,0,0,1,1,0,0,1,0,0,0,1,0,0,95.01,26.2,0
1913,0,1.0,1,0,1,1,0,0,1,0,0,0,0,0,1,229.21,30.1,0
1914,1,0.0,0,0,0,1,0,0,1,0,0,0,0,1,0,80.08,25.1,0
1915,1,0.0,0,0,0,0,0,0,1,0,0,0,0,0,1,62.0,32.7,0
1916,0,0.0,0,0,1,0,0,0,1,0,0,1,0,0,0,118.69,26.4,0
1917,1,0.0,0,0,0,0,0,0,1,0,0,1,0,0,0,77.57,21.0,0
1918,1,0.0,0,0,0,0,0,0,1,0,0,1,0,0,0,108.75,24.1,0
1919,1,0.0,0,0,0,1,1,0,0,0,0,1,0,0,0,108.23,20.4,0
1920,1,0.0,0,0,1,0,0,0,1,0,0,0,1,0,0,151.33,30.9,0
1921,0,0.0,0,0,1,0,0,0,0,1,0,1,0,0,0,82.43,39.1,0
1922,1,0.0,0,0,1,0,0,0,1,0,0,1,0,0,0,107.17,27.7,0
1923,1,0.0,0,0,1,0,0,0,1,0,0,0,0,1,0,91.46,29.5,0
1924,0,1.0,0,0,1,1,0,0,1,0,0,1,0,0,0,81.05,30.3,0
1925,1,0.0,0,0,0,1,0,0,1,0,0,1,0,0,0,114.37,37.8,0
1926,1,0.0,0,0,1,1,0,0,1,0,0,0,0,1,0,100.29,30.2,0
1927,1,1.0,0,0,1,1,0,0,1,0,0,0,0,0,1,68.37,24.2,0
1928,0,0.0,0,0,0,0,0,0,0,1,0,0,0,1,0,87.95,25.2,0
1929,1,0.0,0,0,1,1,0,0,1,0,0,0,0,0,1,73.27,22.2,0
1930,0,0.0,0,0,0,0,0,0,0,0,1,1,0,0,0,131.43,17.7,0
1931,1,0.0,0,0,1,1,0,0,1,0,0,0,0,1,0,107.29,29.6,0
1932,0,1.0,0,0,1,0,0,0,1,0,0,1,0,0,0,68.24,32.2,0
1933,1,1.0,0,0,1,1,0,0,1,0,0,0,0,0,1,74.01,28.7,0
1934,1,0.0,0,0,1,1,0,0,1,0,0,1,0,0,0,95.4,19.5,0
1935,0,0.0,0,0,0,0,1,0,0,0,0,0,0,0,1,95.75,38.5,0
1936,0,0.0,0,0,0,1,0,0,0,0,1,1,0,0,0,104.51,20.6,0
1937,0,0.0,0,0,0,0,0,0,1,0,0,1,0,0,0,108.87,21.5,0
1938,0,0.0,0,0,1,1,0,0,1,0,0,1,0,0,0,209.06,43.8,0
1939,0,0.0,0,0,0,0,0,0,0,0,1,1,0,0,0,86.57,18.0,0
1940,1,0.0,0,0,1,1,0,0,1,0,0,1,0,0,0,120.25,28.2,0
1941,1,1.0,0,0,1,0,0,0,0,1,0,0,0,0,1,85.51,26.6,0
1942,1,0.0,0,0,1,0,0,0,1,0,0,0,0,1,0,84.18,35.5,0
1943,1,0.0,0,0,1,1,1,0,0,0,0,0,0,1,0,82.37,30.7,0
1944,0,0.0,0,0,0,0,0,0,0,0,1,1,0,0,0,96.15,18.7,0
1945,1,0.0,0,0,1,0,0,0,1,0,0,0,0,1,0,74.55,22.4,0
1946,1,0.0,0,0,1,1,0,0,0,1,0,0,0,0,1,114.45,25.2,0
1947,0,1.0,0,0,1,0,1,0,0,0,0,0,0,1,0,113.68,24.2,0
1948,1,0.0,0,0,1,0,0,0,1,0,0,0,0,1,0,107.91,20.5,0
1949,1,1.0,0,0,1,0,0,0,1,0,0,0,0,1,0,83.85,24.5,0
1950,1,0.0,0,0,0,1,0,0,0,0,1,1,0,0,0,101.3,24.8,0
1951,1,0.0,0,0,1,0,1,0,0,0,0,0,0,1,0,72.13,42.6,0
1952,1,0.0,1,0,1,1,0,0,1,0,0,0,0,1,0,94.98,23.8,0
1953,0,1.0,1,0,1,0,0,0,1,0,0,0,1,0,0,228.42,42.3,0
1954,0,0.0,0,0,1,0,0,0,1,0,0,0,0,1,0,93.9,42.2,0
1955,1,1.0,0,0,1,1,0,0,0,1,0,1,0,0,0,93.13,26.1,0
1956,1,0.0,0,0,0,1,0,0,1,0,0,0,0,1,0,121.6,22.8,0
1957,0,0.0,0,0,1,0,1,0,0,0,0,0,1,0,0,84.4,42.3,0
1958,0,1.0,0,0,1,0,0,0,1,0,0,0,0,1,0,82.13,28.5,0
1959,0,0.0,0,0,0,1,0,0,1,0,0,0,0,1,0,73.33,23.0,0
1960,1,0.0,0,0,1,1,0,0,1,0,0,1,0,0,0,75.88,32.8,0
1961,1,0.0,0,0,1,0,0,0,0,1,0,0,1,0,0,212.97,49.8,0
1962,1,0.0,0,0,1,0,1,0,0,0,0,0,0,1,0,100.41,23.8,0
1963,1,1.0,0,0,1,1,0,0,1,0,0,0,0,0,1,202.05,31.7,0
1964,0,0.0,0,0,1,1,0,0,1,0,0,0,0,0,1,71.42,34.9,0
1965,1,0.0,1,0,1,0,1,0,0,0,0,0,0,1,0,107.5,54.0,0
1966,1,1.0,0,0,1,0,1,0,0,0,0,0,1,0,0,55.57,26.8,0
1967,1,0.0,0,0,0,1,0,0,0,0,1,0,0,1,0,58.14,21.3,0
1968,0,0.0,0,0,0,0,0,0,0,0,1,1,0,0,0,78.53,19.8,0
1969,1,0.0,0,0,1,1,0,0,1,0,0,0,0,0,1,78.79,42.4,0
1970,1,0.0,0,0,0,1,0,0,0,0,1,1,0,0,0,96.62,16.4,0
1971,0,1.0,0,0,1,0,0,0,1,0,0,0,0,1,0,65.28,28.2,0
1972,0,1.0,0,0,1,0,0,0,1,0,0,0,1,0,0,92.67,26.3,0
1973,1,0.0,0,0,0,0,0,0,0,0,1,1,0,0,0,206.25,17.0,0
1974,1,0.0,0,0,0,1,0,0,1,0,0,0,0,1,0,114.18,23.3,0
1975,0,1.0,0,0,1,0,1,0,0,0,0,0,1,0,0,231.69,56.1,0
1976,1,0.0,0,1,0,0,0,0,1,0,0,0,0,0,1,101.89,25.1,0
1977,1,0.0,1,0,0,1,0,0,1,0,0,0,0,0,1,107.22,35.3,0
1978,0,0.0,0,0,0,0,0,0,1,0,0,0,0,1,0,101.99,36.3,0
1979,0,1.0,0,0,1,0,0,0,1,0,0,0,1,0,0,72.56,30.4,0
1980,0,0.0,1,1,1,1,0,0,1,0,0,0,0,1,0,94.47,43.9,0
1981,1,0.0,0,0,1,1,0,0,0,1,0,0,0,0,1,98.76,26.4,0
1982,1,0.0,1,0,0,0,0,0,1,0,0,0,0,1,0,116.93,28.3,0
1983,1,0.0,0,0,0,0,0,0,1,0,0,0,0,1,0,219.96,42.3,0
1984,0,0.0,0,0,0,1,0,0,1,0,0,0,0,1,0,75.77,38.0,0
1985,0,0.0,0,0,0,1,0,0,0,0,1,1,0,0,0,124.35,32.7,0
1986,1,0.0,0,0,1,1,0,0,0,1,0,0,0,1,0,88.97,28.8,0
1987,1,0.0,0,0,1,0,0,0,0,1,0,0,0,1,0,72.49,38.5,0
1988,1,0.0,0,0,1,0,1,0,0,0,0,1,0,0,0,107.27,30.1,0
1989,1,1.0,0,0,1,0,0,0,1,0,0,0,0,1,0,97.96,31.3,0
1990,0,1.0,0,0,1,1,0,0,1,0,0,0,0,0,1,197.69,28.4,0
1991,1,0.0,0,0,0,0,0,0,1,0,0,1,0,0,0,112.3,26.6,0
1992,1,0.0,0,0,1,1,0,0,0,1,0,0,1,0,0,75.77,20.4,0
1993,0,0.0,0,0,1,1,0,0,1,0,0,1,0,0,0,76.51,34.7,0
1994,1,0.0,0,0,1,1,0,0,1,0,0,0,0,1,0,93.14,32.5,0
1995,1,0.0,0,0,0,0,0,0,1,0,0,1,0,0,0,80.84,30.7,0
1996,0,1.0,1,1,1,0,0,0,0,1,0,0,1,0,0,199.88,29.6,0
1997,1,0.0,1,0,1,0,0,0,1,0,0,0,0,1,0,65.34,39.4,0
1998,1,0.0,0,0,1,1,0,0,1,0,0,0,1,0,0,98.71,26.1,0
1999,1,0.0,1,0,0,0,0,0,1,0,0,0,1,0,0,170.22,27.2,0
2000,1,0.0,0,0,0,1,0,0,1,0,0,0,0,0,1,73.5,41.3,0
2001,0,1.0,0,1,1,1,0,0,1,0,0,0,1,0,0,102.96,20.9,0
2002,0,0.0,1,0,1,1,0,0,1,0,0,0,1,0,0,80.72,41.5,0
2003,0,0.0,0,0,0,1,0,0,0,1,0,0,1,0,0,74.19,31.1,0
2004,0,0.0,0,0,0,1,0,0,1,0,0,0,1,0,0,77.12,24.5,0
2005,1,0.0,0,0,1,1,0,0,1,0,0,1,0,0,0,81.2,23.0,0
2006,1,0.0,0,0,1,0,0,0,1,0,0,0,0,1,0,114.76,24.7,0
2007,0,0.0,0,0,0,1,0,0,0,0,1,1,0,0,0,109.97,19.3,0
2008,0,0.0,0,0,0,1,0,0,0,1,0,0,0,1,0,92.87,37.0,0
2009,0,0.0,1,0,0,1,1,0,0,0,0,0,0,0,1,113.05,31.0,0
2010,0,0.0,0,0,1,1,0,0,1,0,0,0,1,0,0,68.24,33.1,0
2011,1,0.0,0,0,0,0,0,0,1,0,0,0,0,0,1,74.35,26.6,0
2012,0,0.0,0,0,1,1,0,0,1,0,0,0,0,1,0,91.08,27.7,0
2013,0,1.0,0,1,1,1,0,0,0,1,0,0,0,0,1,88.83,40.3,0
2014,1,0.0,0,0,0,0,0,0,1,0,0,1,0,0,0,134.33,19.5,0
2015,0,1.0,0,0,1,0,0,0,1,0,0,1,0,0,0,208.78,26.7,0
2016,0,0.0,0,0,1,0,0,0,1,0,0,0,0,1,0,66.17,26.1,0
2017,1,0.0,0,0,1,0,0,0,1,0,0,0,0,1,0,222.29,38.2,0
2018,1,0.0,0,0,1,0,0,0,1,0,0,0,0,0,1,114.16,21.3,0
2019,0,0.0,1,0,0,0,0,0,1,0,0,1,0,0,0,61.67,97.6,0
2020,0,0.0,1,0,1,0,0,0,1,0,0,0,1,0,0,220.36,40.9,0
2021,0,0.0,0,0,1,1,0,0,1,0,0,0,0,1,0,76.03,27.3,0
2022,1,0.0,0,0,0,1,0,0,0,1,0,0,0,1,0,73.06,20.9,0
2023,1,1.0,0,1,1,1,0,0,1,0,0,0,1,0,0,187.88,29.2,0
2024,1,0.0,0,0,0,1,0,0,1,0,0,1,0,0,0,79.89,17.9,0
2025,0,0.0,0,0,0,0,0,0,0,1,0,1,0,0,0,79.02,38.0,0
2026,0,0.0,0,0,1,0,0,0,1,0,0,0,0,0,1,191.66,26.1,0
2027,1,0.0,0,0,1,1,0,0,1,0,0,1,0,0,0,76.74,53.9,0
2028,0,0.0,0,0,0,1,0,0,1,0,0,1,0,0,0,72.29,22.2,0
2029,0,1.0,0,0,1,1,0,0,1,0,0,0,1,0,0,92.59,24.6,0
2030,0,0.0,0,0,1,0,0,0,0,1,0,0,1,0,0,80.42,33.4,0
2031,1,0.0,0,0,0,0,0,0,0,1,0,0,1,0,0,62.47,34.4,0
2032,1,0.0,0,0,1,0,0,0,1,0,0,0,0,1,0,63.94,17.6,0
2033,1,0.0,0,0,1,0,0,0,1,0,0,0,0,1,0,77.73,19.2,0
2034,0,0.0,0,0,1,0,0,0,0,1,0,1,0,0,0,115.79,31.8,0
2035,1,0.0,0,0,1,1,0,0,1,0,0,0,0,0,1,96.3,28.1,0
2036,1,0.0,0,0,1,0,0,0,1,0,0,0,0,1,0,107.46,32.1,0
2037,0,0.0,0,0,0,0,0,0,0,0,1,0,0,1,0,108.33,17.4,0
2038,1,0.0,0,0,0,0,1,0,0,0,0,0,0,1,0,89.37,20.2,0
2039,1,0.0,0,0,0,1,0,0,0,0,1,1,0,0,0,93.64,23.4,0
2040,0,0.0,0,0,1,1,0,0,1,0,0,0,0,1,0,217.75,39.5,0
2041,1,0.0,0,0,1,0,0,0,1,0,0,1,0,0,0,83.44,21.5,0
2042,0,0.0,0,0,1,0,0,0,1,0,0,0,0,0,1,93.88,24.3,0
2043,0,0.0,0,0,0,1,0,0,0,0,1,1,0,0,0,55.34,15.3,0
2044,1,0.0,0,0,1,0,1,0,0,0,0,1,0,0,0,102.61,32.4,0
2045,0,0.0,0,0,0,0,0,0,0,0,1,1,0,0,0,62.08,16.1,0
2046,1,0.0,0,0,1,0,0,0,0,1,0,0,1,0,0,81.76,34.3,0
2047,1,0.0,0,0,1,1,0,0,0,1,0,0,0,1,0,59.2,43.8,0
2048,0,0.0,0,0,0,1,0,0,0,0,1,1,0,0,0,55.61,19.6,0
2049,1,1.0,0,0,1,1,0,0,0,1,0,0,1,0,0,226.88,36.7,0
2050,1,0.0,0,0,1,1,1,0,0,0,0,0,0,1,0,65.66,33.7,0
2051,0,0.0,0,0,1,1,0,0,1,0,0,0,0,0,1,58.7,38.9,0
2052,1,0.0,1,0,1,1,1,0,0,0,0,0,0,1,0,186.4,28.0,0
2053,1,0.0,0,0,1,1,1,0,0,0,0,1,0,0,0,122.32,23.9,0
2054,0,0.0,0,0,0,1,0,0,0,0,1,1,0,0,0,59.05,16.6,0
2055,1,0.0,0,0,1,1,0,0,0,1,0,0,0,0,1,149.13,42.9,0
2056,1,0.0,0,0,0,1,0,0,0,0,1,0,0,1,0,82.39,17.1,0
2057,0,0.0,0,0,1,0,0,0,1,0,0,1,0,0,0,169.49,27.2,0
2058,0,0.0,0,0,1,0,0,0,1,0,0,0,1,0,0,80.25,30.3,0
2059,0,0.0,0,0,1,1,0,0,1,0,0,0,1,0,0,203.81,33.9,0
2060,0,0.0,0,0,0,1,0,0,0,0,1,1,0,0,0,170.76,20.0,0
2061,1,1.0,0,0,1,0,0,0,1,0,0,1,0,0,0,80.85,19.4,0
2062,0,0.0,0,0,0,0,0,0,1,0,0,0,0,1,0,120.58,21.5,0
2063,0,1.0,0,0,1,0,0,0,1,0,0,0,1,0,0,86.57,28.5,0
2064,1,1.0,1,0,1,1,0,0,1,0,0,0,0,0,1,90.01,34.4,0
2065,0,0.0,0,0,1,0,0,0,0,1,0,0,1,0,0,68.84,43.7,0
2066,1,0.0,0,0,0,0,0,0,0,0,1,1,0,0,0,155.14,13.7,0
2067,1,0.0,0,0,1,1,0,0,1,0,0,0,1,0,0,158.48,33.7,0
2068,0,0.0,0,0,0,0,0,0,0,0,1,1,0,0,0,92.56,18.0,0
2069,1,0.0,0,0,0,0,0,0,1,0,0,0,1,0,0,90.15,27.9,0
2070,0,1.0,0,0,1,0,0,0,1,0,0,0,0,1,0,80.09,21.8,0
2071,1,0.0,0,0,1,0,0,0,1,0,0,0,0,1,0,189.44,35.8,0
2072,1,0.0,0,0,0,0,0,0,1,0,0,0,0,0,1,70.03,23.1,0
2073,1,1.0,0,0,1,0,0,0,0,1,0,0,0,0,1,249.29,30.3,0
2074,1,0.0,0,0,0,0,0,0,1,0,0,1,0,0,0,72.52,32.0,0
2075,0,0.0,0,0,1,1,0,0,1,0,0,0,0,0,1,96.93,25.0,0
2076,0,1.0,0,1,1,1,0,0,1,0,0,0,1,0,0,211.35,30.7,0
2077,0,0.0,0,0,0,0,0,0,0,0,1,1,0,0,0,85.87,24.3,0
2078,0,0.0,0,0,1,0,0,0,1,0,0,0,0,1,0,60.96,11.5,0
2079,0,1.0,0,1,1,1,0,0,1,0,0,0,0,1,0,120.09,30.7,0
2080,1,1.0,1,0,1,1,1,0,0,0,0,0,0,1,0,92.13,33.7,0
2081,0,1.0,1,0,1,1,0,0,0,1,0,0,0,0,1,83.07,26.5,0
2082,1,0.0,0,0,0,0,0,0,0,0,1,1,0,0,0,77.67,17.6,0
2083,1,0.0,0,0,0,1,0,0,1,0,0,0,0,1,0,97.24,22.5,0
2084,0,0.0,0,0,0,0,0,0,0,0,1,1,0,0,0,127.29,18.5,0
2085,0,0.0,0,0,0,1,0,0,1,0,0,0,0,1,0,134.8,22.4,0
2086,1,0.0,0,0,1,1,0,0,1,0,0,0,1,0,0,74.65,25.3,0
2087,0,0.0,0,0,1,1,0,0,1,0,0,0,0,1,0,85.84,37.3,0
2088,0,0.0,1,0,1,1,0,0,0,1,0,0,0,0,1,90.43,39.7,0
2089,1,0.0,0,0,0,1,0,0,1,0,0,0,0,1,0,74.35,28.0,0
2090,1,0.0,0,0,1,1,0,0,0,1,0,0,0,0,1,206.59,41.4,0
2091,1,1.0,0,1,1,1,0,0,1,0,0,0,0,1,0,196.33,25.3,0
2092,0,1.0,0,1,1,0,1,0,0,0,0,0,0,1,0,70.23,28.1,0
2093,1,0.0,0,0,1,1,0,0,0,1,0,0,0,1,0,242.94,41.2,0
2094,1,1.0,0,1,1,0,0,0,0,1,0,0,0,1,0,103.06,28.8,0
2095,1,1.0,0,0,1,1,1,0,0,0,0,0,0,0,1,80.86,31.0,0
2096,1,0.0,0,0,1,1,1,0,0,0,0,0,0,0,1,114.32,28.3,0
2097,1,0.0,0,0,1,1,1,0,0,0,0,1,0,0,0,83.91,23.9,0
2098,1,1.0,0,0,1,0,1,0,0,0,0,0,1,0,0,152.02,44.2,0
2099,0,1.0,1,0,1,0,0,0,0,1,0,0,0,1,0,75.19,27.6,0
2100,1,0.0,0,0,1,1,0,0,1,0,0,0,1,0,0,60.61,35.7,0
2101,1,0.0,0,0,1,0,0,0,0,1,0,0,1,0,0,89.14,37.4,0
2102,1,0.0,0,0,1,1,0,0,1,0,0,1,0,0,0,97.23,27.5,0
2103,1,0.0,0,0,0,0,0,0,1,0,0,0,0,1,0,135.19,23.4,0
2104,0,1.0,0,0,1,1,0,0,0,1,0,0,1,0,0,78.48,25.8,0
2105,0,0.0,0,0,0,1,0,0,1,0,0,0,0,1,0,75.92,22.8,0
2106,1,0.0,0,0,0,1,0,0,0,0,1,1,0,0,0,93.3,19.5,0
2107,1,0.0,0,0,1,1,1,0,0,0,0,1,0,0,0,97.39,38.0,0
2108,0,0.0,0,0,1,0,0,0,1,0,0,0,0,1,0,134.61,23.4,0
2109,0,0.0,0,0,1,0,0,0,1,0,0,0,0,1,0,104.02,29.5,0
2110,0,0.0,0,1,0,1,0,0,1,0,0,0,0,1,0,56.9,28.2,0
2111,0,0.0,0,0,0,0,0,0,0,0,1,1,0,0,0,112.66,14.2,0
2112,1,0.0,0,0,0,0,0,0,1,0,0,1,0,0,0,226.75,28.9,0
2113,0,0.0,0,0,1,0,0,0,1,0,0,0,1,0,0,76.28,31.4,0
2114,1,1.0,0,0,1,1,0,0,1,0,0,0,1,0,0,90.01,32.4,0
2115,1,0.0,0,0,1,0,1,0,0,0,0,0,1,0,0,107.84,22.0,0
2116,1,1.0,0,0,1,0,0,0,1,0,0,0,0,1,0,71.06,26.4,0
2117,0,0.0,1,0,1,1,0,0,1,0,0,0,0,1,0,185.0,26.1,0
2118,0,0.0,1,0,1,0,0,0,0,1,0,0,0,0,1,104.42,37.6,0
2119,0,0.0,0,0,0,1,0,0,0,0,1,1,0,0,0,89.57,18.8,0
2120,0,0.0,1,0,1,0,0,0,1,0,0,1,0,0,0,136.2,23.8,0
2121,1,0.0,0,0,1,1,1,0,0,0,0,0,0,1,0,128.23,49.4,0
2122,1,1.0,0,0,1,0,0,0,0,1,0,0,0,0,1,104.23,23.8,0
2123,1,0.0,0,0,1,1,0,0,1,0,0,0,0,1,0,133.82,20.4,0
2124,1,0.0,0,0,1,0,0,0,1,0,0,0,0,1,0,80.82,40.3,0
2125,0,0.0,0,0,1,0,0,0,1,0,0,0,0,1,0,102.35,23.6,0
2126,0,0.0,0,0,1,0,0,0,0,1,0,0,0,1,0,88.48,34.3,0
2127,0,0.0,0,0,1,0,0,0,1,0,0,1,0,0,0,88.81,32.7,0
2128,1,0.0,0,0,1,0,0,0,1,0,0,0,0,1,0,75.09,28.7,0
2129,1,0.0,0,0,0,1,0,0,0,0,1,1,0,0,0,199.83,24.5,0
2130,1,0.0,0,0,0,0,0,0,0,0,1,1,0,0,0,73.69,24.8,0
2131,0,0.0,0,0,0,1,0,0,0,0,1,1,0,0,0,111.27,23.2,0
2132,1,0.0,0,0,1,0,0,0,0,1,0,0,0,0,1,68.44,23.0,0
2133,1,0.0,0,0,1,1,0,0,1,0,0,0,0,1,0,65.36,39.3,0
2134,1,0.0,0,0,0,1,0,0,0,0,1,0,0,1,0,94.12,20.1,0
2135,1,1.0,0,0,1,0,0,0,1,0,0,0,0,1,0,96.24,25.4,0
2136,0,0.0,0,0,0,0,0,0,0,0,1,1,0,0,0,91.25,23.8,0
2137,1,0.0,0,0,0,0,0,0,1,0,0,0,0,1,0,77.29,28.4,0
2138,1,0.0,0,0,0,0,0,0,0,0,1,1,0,0,0,125.09,15.4,0
2139,1,1.0,0,1,1,1,0,0,1,0,0,0,0,1,0,107.18,28.2,0
2140,0,0.0,0,0,1,1,0,0,1,0,0,0,0,1,0,130.07,26.0,0
2141,1,0.0,0,0,1,1,0,0,1,0,0,0,0,1,0,57.3,41.5,0
2142,1,0.0,0,0,0,0,1,0,0,0,0,0,0,1,0,101.35,32.2,0
2143,1,0.0,0,0,0,0,0,0,1,0,0,0,0,1,0,94.03,25.7,0
2144,0,0.0,0,1,1,1,0,0,0,1,0,0,1,0,0,227.81,33.0,0
2145,0,1.0,0,0,1,1,1,0,0,0,0,0,0,0,1,66.67,35.0,0
2146,1,1.0,0,0,1,1,0,0,1,0,0,0,0,1,0,240.81,27.4,0
2147,0,0.0,0,0,0,1,0,0,0,0,1,1,0,0,0,88.02,16.4,0
2148,1,0.0,0,0,0,1,0,0,1,0,0,1,0,0,0,152.87,31.5,0
2149,1,0.0,0,0,1,1,0,0,1,0,0,1,0,0,0,96.04,29.2,0
2150,0,0.0,0,0,1,1,0,0,1,0,0,0,1,0,0,60.35,25.9,0
2151,0,0.0,0,0,0,1,1,0,0,0,0,0,0,1,0,118.66,32.3,0
2152,0,1.0,0,0,1,1,0,0,1,0,0,0,1,0,0,58.51,30.4,0
2153,0,1.0,0,0,1,1,0,0,0,1,0,0,1,0,0,96.04,45.1,0
2154,1,0.0,0,0,1,0,0,0,0,1,0,1,0,0,0,110.92,25.9,0
2155,1,0.0,0,0,0,0,0,0,1,0,0,0,0,1,0,92.72,36.6,0
2156,1,0.0,0,0,0,0,0,0,0,0,1,1,0,0,0,108.23,18.6,0
2157,1,1.0,0,0,1,0,0,0,1,0,0,1,0,0,0,56.34,27.5,0
2158,1,0.0,0,0,1,0,0,0,1,0,0,0,0,1,0,61.83,31.3,0
2159,1,0.0,0,0,1,0,0,0,1,0,0,0,0,1,0,131.99,37.5,0
2160,1,1.0,0,0,1,0,0,0,0,1,0,0,0,0,1,136.81,23.1,0
2161,0,0.0,0,0,1,0,0,0,1,0,0,0,0,1,0,239.28,35.0,0
2162,0,0.0,0,0,1,1,1,0,0,0,0,0,0,1,0,131.3,27.0,0
2163,1,1.0,0,0,1,0,0,0,0,1,0,0,0,1,0,117.75,29.8,0
2164,1,0.0,0,0,0,1,0,0,1,0,0,1,0,0,0,78.46,23.5,0
2165,1,0.0,0,0,1,0,0,0,1,0,0,0,1,0,0,83.53,48.5,0
2166,0,0.0,0,0,1,0,0,0,1,0,0,0,1,0,0,145.5,31.8,0
2167,1,0.0,0,0,1,1,0,0,1,0,0,1,0,0,0,88.33,20.0,0
2168,0,1.0,0,0,1,0,0,0,0,1,0,0,1,0,0,101.25,29.4,0
2169,1,0.0,0,0,1,1,0,0,1,0,0,0,0,1,0,131.43,24.3,0
2170,1,0.0,0,0,1,0,0,0,1,0,0,0,0,1,0,231.5,45.4,0
2171,0,1.0,0,1,1,0,0,0,1,0,0,0,0,1,0,82.89,29.5,0
2172,0,0.0,1,0,1,0,0,0,0,1,0,0,0,1,0,192.37,49.2,0
2173,0,0.0,0,0,1,0,0,0,1,0,0,1,0,0,0,82.88,29.4,0
2174,1,1.0,1,0,1,0,0,0,1,0,0,0,0,1,0,99.4,29.1,0
2175,0,0.0,0,0,0,1,0,0,1,0,0,0,0,0,1,77.75,38.8,0
2176,0,0.0,0,0,0,0,0,0,1,0,0,0,0,1,0,75.03,23.4,0
2177,1,1.0,0,0,1,0,0,0,1,0,0,0,0,1,0,220.47,48.7,0
2178,0,0.0,0,0,0,0,0,0,0,0,1,1,0,0,0,196.91,19.7,0
2179,1,1.0,0,0,1,1,0,0,0,1,0,0,0,1,0,180.8,20.3,0
2180,0,1.0,0,0,1,1,0,0,1,0,0,0,0,0,1,247.48,33.5,0
2181,0,0.0,0,0,1,1,1,0,0,0,0,0,0,0,1,216.0,36.7,0
2182,0,0.0,1,0,1,1,0,0,1,0,0,0,0,1,0,75.64,24.4,0
2183,1,0.0,0,0,1,1,1,0,0,0,0,0,1,0,0,95.07,38.8,0
2184,1,1.0,1,0,1,1,0,0,1,0,0,0,0,0,1,129.97,44.2,0
2185,0,1.0,0,0,1,1,0,0,1,0,0,0,0,1,0,124.26,33.4,0
2186,1,0.0,0,0,1,1,0,0,1,0,0,1,0,0,0,87.92,32.5,0
2187,1,0.0,0,0,0,0,0,0,0,0,1,1,0,0,0,85.15,15.1,0
2188,1,1.0,0,0,1,0,0,0,1,0,0,0,0,0,1,95.36,21.5,0
2189,0,0.0,0,0,1,1,0,0,0,1,0,0,1,0,0,87.16,30.4,0
2190,1,1.0,0,0,1,0,1,0,0,0,0,0,0,0,1,219.39,33.4,0
2191,0,0.0,0,0,0,1,0,0,0,0,1,1,0,0,0,71.92,18.2,0
2192,0,0.0,0,0,0,1,0,0,0,0,1,1,0,0,0,167.66,18.7,0
2193,1,0.0,0,0,0,0,0,0,1,0,0,1,0,0,0,87.21,38.4,0
2194,0,0.0,0,0,1,0,0,0,0,1,0,0,0,0,1,220.47,36.4,0
2195,1,0.0,0,0,0,1,0,0,0,0,1,1,0,0,0,80.47,20.6,0
2196,1,0.0,0,0,1,1,1,0,0,0,0,0,1,0,0,89.95,48.9,0
2197,0,0.0,0,0,0,0,0,0,0,0,1,1,0,0,0,111.32,18.2,0
2198,1,0.0,0,0,0,1,0,0,0,0,1,1,0,0,0,65.01,17.0,0
2199,1,1.0,0,0,1,1,0,0,0,1,0,0,0,1,0,110.07,31.8,0
2200,0,0.0,0,0,0,1,0,0,1,0,0,0,0,1,0,60.56,33.0,0
2201,0,1.0,0,0,1,1,0,0,1,0,0,0,0,0,1,89.83,24.7,0
2202,1,1.0,0,0,1,0,0,0,0,1,0,1,0,0,0,90.35,28.1,0
2203,1,0.0,0,0,1,1,0,0,1,0,0,0,0,0,1,71.5,40.3,0
2204,0,0.0,0,0,1,1,1,0,0,0,0,0,0,0,1,71.71,35.2,0
2205,1,0.0,1,0,1,1,0,0,1,0,0,0,1,0,0,173.96,31.2,0
2206,0,1.0,1,0,1,1,0,0,1,0,0,0,0,1,0,96.06,37.6,0
2207,1,0.0,0,0,1,1,0,0,1,0,0,0,0,0,1,113.2,38.7,0
2208,1,0.0,0,0,0,0,0,0,1,0,0,0,0,0,1,73.29,28.1,0
2209,1,1.0,0,0,1,1,0,0,0,1,0,0,0,0,1,65.71,29.2,0
2210,1,0.0,0,0,1,0,0,0,1,0,0,1,0,0,0,60.41,31.1,0
2211,1,0.0,0,0,0,1,0,0,1,0,0,0,0,1,0,89.11,24.1,0
2212,1,1.0,0,0,1,1,0,0,1,0,0,0,1,0,0,63.32,18.7,0
2213,0,0.0,0,0,1,1,0,0,0,1,0,0,0,1,0,85.68,39.6,0
2214,1,0.0,0,0,0,1,0,0,0,0,1,1,0,0,0,162.93,15.7,0
2215,0,0.0,0,0,1,0,0,0,1,0,0,1,0,0,0,89.22,53.8,0
2216,0,0.0,0,0,1,0,0,0,1,0,0,0,1,0,0,91.68,32.4,0
2217,1,1.0,0,1,0,1,0,0,1,0,0,0,0,0,1,198.33,42.7,0
2218,1,0.0,0,0,0,0,0,0,0,0,1,1,0,0,0,85.81,18.6,0
2219,0,1.0,0,0,0,0,1,0,0,0,0,0,0,0,1,79.59,31.4,0
2220,0,0.0,0,0,1,0,0,0,1,0,0,0,1,0,0,106.74,33.7,0
2221,1,1.0,1,0,1,1,0,0,0,1,0,0,0,1,0,191.33,24.5,0
2222,1,0.0,0,0,0,0,0,0,1,0,0,0,0,1,0,59.52,33.7,0
2223,0,0.0,0,0,1,0,0,0,1,0,0,0,0,0,1,206.52,35.4,0
2224,0,0.0,0,0,0,0,0,0,1,0,0,1,0,0,0,64.92,22.5,0
2225,1,1.0,0,0,1,1,0,0,1,0,0,0,0,1,0,80.0,33.6,0
2226,1,1.0,0,0,1,1,0,0,0,1,0,1,0,0,0,75.06,29.7,0
2227,1,0.0,0,0,0,1,0,0,0,1,0,0,0,1,0,91.18,25.7,0
2228,1,0.0,0,0,1,0,0,0,1,0,0,0,1,0,0,85.81,20.2,0
2229,1,0.0,0,0,0,1,0,1,0,0,0,0,0,1,0,148.37,22.7,0
2230,0,0.0,0,0,0,0,0,0,0,0,1,1,0,0,0,64.55,17.4,0
2231,1,0.0,0,0,0,0,0,0,0,0,1,1,0,0,0,97.31,22.2,0
2232,0,0.0,0,0,0,0,0,0,1,0,0,0,0,1,0,111.15,23.8,0
2233,0,0.0,0,0,1,1,0,0,1,0,0,0,0,1,0,80.97,28.7,0
2234,1,0.0,0,0,1,0,0,0,1,0,0,0,1,0,0,89.88,33.1,0
2235,1,1.0,0,0,1,0,0,0,1,0,0,0,1,0,0,62.66,28.0,0
2236,1,0.0,0,0,0,1,0,0,0,0,1,1,0,0,0,122.25,16.7,0
2237,0,0.0,0,0,0,0,0,0,1,0,0,0,0,1,0,87.08,27.1,0
2238,1,1.0,0,0,1,0,0,0,1,0,0,0,0,0,1,85.0,26.4,0
2239,1,1.0,0,0,1,1,0,0,0,1,0,0,0,0,1,100.49,23.7,0
2240,0,1.0,0,0,1,1,0,0,1,0,0,1,0,0,0,145.37,33.3,0
2241,0,0.0,0,0,0,1,0,0,0,0,1,1,0,0,0,112.19,18.9,0
2242,0,0.0,1,0,1,0,1,0,0,0,0,0,0,0,1,79.73,25.5,0
2243,0,1.0,0,1,1,0,0,0,0,1,0,0,1,0,0,101.13,35.9,0
2244,1,0.0,0,0,1,1,0,0,1,0,0,1,0,0,0,101.98,23.2,0
2245,1,1.0,0,1,1,0,0,0,0,1,0,0,0,0,1,98.39,22.2,0
2246,1,1.0,0,0,1,0,0,0,0,1,0,0,0,0,1,128.04,34.0,0
2247,0,0.0,0,0,0,1,0,0,0,0,1,1,0,0,0,98.12,20.4,0
2248,1,0.0,0,0,0,1,0,0,1,0,0,1,0,0,0,216.96,34.5,0
2249,0,1.0,0,0,1,0,0,0,0,1,0,1,0,0,0,94.92,31.9,0
2250,1,0.0,0,0,1,0,0,0,1,0,0,0,1,0,0,83.27,19.8,0
2251,1,0.0,0,0,0,0,0,0,1,0,0,1,0,0,0,96.86,29.0,0
2252,0,1.0,0,0,1,0,0,0,0,1,0,0,1,0,0,99.73,36.7,0
2253,1,0.0,0,0,0,0,0,0,0,0,1,1,0,0,0,91.71,21.3,0
2254,0,0.0,0,0,0,0,0,0,1,0,0,0,0,0,1,65.77,23.7,0
2255,1,0.0,0,0,1,1,0,0,1,0,0,0,0,0,1,161.57,25.7,0
2256,1,1.0,1,0,1,0,0,0,0,1,0,0,0,1,0,74.32,34.0,0
2257,0,0.0,0,0,0,0,0,0,0,1,0,1,0,0,0,170.93,30.7,0
2258,1,0.0,0,0,1,1,0,0,1,0,0,0,0,1,0,74.43,44.8,0
2259,0,0.0,0,0,1,0,0,0,1,0,0,0,1,0,0,86.36,27.7,0
2260,1,0.0,0,0,1,0,0,0,1,0,0,1,0,0,0,97.06,23.2,0
2261,0,0.0,0,0,1,0,0,0,1,0,0,1,0,0,0,110.38,30.1,0
2262,1,0.0,0,0,0,0,0,0,1,0,0,1,0,0,0,79.03,29.3,0
2263,1,0.0,0,0,1,0,0,0,1,0,0,0,0,1,0,62.48,29.5,0
2264,0,0.0,0,0,1,0,0,0,1,0,0,0,0,1,0,55.62,25.8,0
2265,1,0.0,0,0,1,0,0,0,1,0,0,0,0,1,0,84.9,26.2,0
2266,0,0.0,0,0,1,0,0,0,1,0,0,1,0,0,0,232.81,28.8,0
2267,1,0.0,0,0,0,0,0,0,1,0,0,0,0,0,1,86.55,29.8,0
2268,1,0.0,0,0,0,0,1,0,0,0,0,0,0,1,0,118.61,26.5,0
2269,1,0.0,0,0,0,0,0,0,1,0,0,0,1,0,0,80.21,27.8,0
2270,1,0.0,1,0,0,0,0,0,1,0,0,0,0,1,0,65.96,29.0,0
2271,1,0.0,0,0,0,1,0,0,0,0,1,1,0,0,0,61.34,19.1,0
2272,1,0.0,0,0,0,1,0,0,0,0,1,1,0,0,0,116.6,17.1,0
2273,1,1.0,0,0,1,1,0,0,1,0,0,1,0,0,0,85.13,24.6,0
2274,1,0.0,0,0,0,0,0,0,1,0,0,1,0,0,0,86.32,18.3,0
2275,0,0.0,0,0,1,0,0,0,1,0,0,0,0,1,0,69.22,42.8,0
2276,1,0.0,0,0,1,1,0,0,1,0,0,1,0,0,0,140.93,46.5,0
2277,1,0.0,0,0,0,1,0,0,1,0,0,1,0,0,0,83.43,38.4,0
2278,1,1.0,0,0,1,1,0,0,1,0,0,0,1,0,0,207.95,26.0,0
2279,1,0.0,0,0,1,0,0,0,1,0,0,0,0,0,1,134.29,26.8,0
2280,0,0.0,0,0,0,1,0,0,0,0,1,1,0,0,0,115.12,21.1,0
2281,1,0.0,0,0,1,1,1,0,0,0,0,0,0,1,0,86.25,29.0,0
2282,1,0.0,0,0,1,0,0,0,0,1,0,0,0,1,0,112.94,43.0,0
2283,1,0.0,0,0,1,0,1,0,0,0,0,0,0,0,1,73.54,36.6,0
2284,0,0.0,0,0,0,1,0,0,1,0,0,1,0,0,0,80.86,27.5,0
2285,0,0.0,0,0,1,0,0,0,1,0,0,1,0,0,0,83.91,40.2,0
2286,1,1.0,0,0,0,0,0,0,1,0,0,0,0,1,0,69.91,37.1,0
2287,0,0.0,0,0,0,0,0,0,1,0,0,0,0,0,1,95.62,32.0,0
2288,0,1.0,1,0,0,1,0,0,1,0,0,0,0,1,0,63.95,32.2,0
2289,0,0.0,0,0,1,0,0,0,1,0,0,1,0,0,0,122.5,20.6,0
2290,0,0.0,0,0,1,0,1,0,0,0,0,0,0,1,0,86.0,24.1,0
2291,0,0.0,0,0,1,1,1,0,0,0,0,0,0,1,0,120.27,25.0,0
2292,1,0.0,0,0,1,1,1,0,0,0,0,1,0,0,0,56.71,25.2,0
2293,1,0.0,0,0,1,0,0,0,1,0,0,0,0,1,0,131.63,27.6,0
2294,0,0.0,0,0,0,1,0,0,1,0,0,0,0,1,0,79.36,48.8,0
2295,1,0.0,0,0,0,1,0,0,1,0,0,0,0,1,0,120.77,27.6,0
2296,1,0.0,0,0,1,0,0,0,1,0,0,0,0,0,1,100.42,39.5,0
2297,1,0.0,1,0,1,1,0,0,1,0,0,0,0,0,1,155.86,27.2,0
2298,0,0.0,0,0,1,0,1,0,0,0,0,0,0,0,1,66.01,26.3,0
2299,1,0.0,0,0,1,1,0,0,1,0,0,0,0,0,1,86.99,28.9,0
2300,1,0.0,0,0,1,1,1,0,0,0,0,0,0,1,0,90.55,30.0,0
2301,1,1.0,0,1,1,0,0,0,0,1,0,1,0,0,0,229.58,23.7,0
2302,1,0.0,0,0,1,1,0,0,1,0,0,0,0,0,1,60.06,25.5,0
2303,1,0.0,0,0,1,0,0,0,1,0,0,0,1,0,0,65.66,24.6,0
2304,1,0.0,0,0,1,1,0,0,1,0,0,0,0,0,1,104.7,20.7,0
2305,0,1.0,1,0,1,1,0,0,0,1,0,0,0,1,0,113.86,36.4,0
2306,1,0.0,0,0,0,0,0,0,0,0,1,1,0,0,0,99.49,23.4,0
2307,0,0.0,1,0,1,1,0,0,1,0,0,0,0,1,0,165.99,32.3,0
2308,0,0.0,0,0,0,1,0,0,0,0,1,1,0,0,0,114.99,18.8,0
2309,1,0.0,0,0,0,1,0,0,0,0,1,1,0,0,0,79.58,15.5,0
2310,1,0.0,0,0,0,0,1,0,0,0,0,0,0,1,0,77.37,21.4,0
2311,0,1.0,0,0,0,1,1,0,0,0,0,0,0,1,0,93.55,31.7,0
2312,0,0.0,0,0,0,1,0,0,0,1,0,1,0,0,0,187.22,29.7,0
2313,1,1.0,0,0,1,0,1,0,0,0,0,0,1,0,0,167.59,34.3,0
2314,0,0.0,0,0,1,1,0,0,1,0,0,0,0,0,1,98.03,22.1,0
2315,1,0.0,0,0,0,1,0,0,0,0,1,1,0,0,0,88.79,21.5,0
2316,0,1.0,1,1,0,1,0,0,0,1,0,0,0,0,1,92.9,30.4,0
2317,1,0.0,0,0,1,1,1,0,0,0,0,0,0,1,0,117.34,21.6,0
2318,0,0.0,0,0,1,1,0,0,1,0,0,0,0,1,0,80.75,30.9,0
2319,0,0.0,0,0,0,0,0,0,0,0,1,1,0,0,0,77.51,21.9,0
2320,0,0.0,0,0,0,1,0,0,0,0,1,1,0,0,0,105.63,19.2,0
2321,1,1.0,0,0,1,1,0,0,1,0,0,0,0,0,1,114.34,30.3,0
2322,1,0.0,0,0,1,0,0,0,1,0,0,0,0,0,1,227.04,23.0,0
2323,1,1.0,0,0,1,1,0,0,0,1,0,0,0,1,0,87.56,24.1,0
2324,1,1.0,0,0,1,1,1,0,0,0,0,0,0,0,1,84.47,52.7,0
2325,1,0.0,0,0,1,0,0,0,0,1,0,1,0,0,0,96.26,27.6,0
2326,0,0.0,0,0,0,0,0,0,0,0,1,1,0,0,0,116.64,23.9,0
2327,1,1.0,0,0,1,1,0,0,1,0,0,0,0,1,0,79.57,26.9,0
2328,0,0.0,0,0,1,0,0,0,1,0,0,0,0,1,0,78.44,23.9,0
2329,1,1.0,0,0,1,1,0,0,0,1,0,0,0,1,0,64.15,40.5,0
2330,1,1.0,0,0,0,1,0,0,1,0,0,0,0,1,0,74.5,32.0,0
2331,1,0.0,0,0,0,1,0,0,1,0,0,1,0,0,0,70.32,20.5,0
2332,1,0.0,0,0,1,1,0,0,1,0,0,0,0,1,0,84.48,44.5,0
2333,0,0.0,0,0,0,1,0,0,0,0,1,0,1,0,0,144.08,16.2,0
2334,1,0.0,0,0,1,0,0,0,0,1,0,0,0,1,0,78.14,35.8,0
2335,1,0.0,0,0,0,1,1,0,0,0,0,0,0,1,0,133.58,24.0,0
2336,0,1.0,0,0,1,1,0,0,1,0,0,0,1,0,0,214.42,33.9,0
2337,1,0.0,0,0,1,1,0,0,1,0,0,0,0,0,1,80.63,36.0,0
2338,1,0.0,0,0,0,0,0,0,1,0,0,0,0,1,0,233.71,22.9,0
2339,1,1.0,1,0,0,1,0,0,1,0,0,0,0,0,1,96.0,44.5,0
2340,1,0.0,0,0,0,1,0,0,0,0,1,1,0,0,0,74.52,17.5,0
2341,1,0.0,0,0,1,0,0,0,1,0,0,0,0,1,0,131.4,32.3,0
2342,0,1.0,0,0,1,1,0,0,1,0,0,0,0,1,0,216.4,30.3,0
2343,1,1.0,0,0,1,0,0,0,1,0,0,1,0,0,0,108.8,33.5,0
2344,1,1.0,1,0,1,1,0,0,1,0,0,0,0,1,0,97.06,30.9,0
2345,1,1.0,0,0,0,0,1,0,0,0,0,0,0,1,0,266.59,25.5,0
2346,1,0.0,0,0,0,0,0,0,1,0,0,0,0,1,0,55.58,30.0,0
2347,0,0.0,0,0,1,1,1,0,0,0,0,0,1,0,0,65.87,32.2,0
2348,1,0.0,0,0,0,1,0,0,1,0,0,0,0,0,1,89.28,21.7,0
2349,0,1.0,0,0,1,1,1,0,0,0,0,1,0,0,0,56.12,24.7,0
2350,0,1.0,0,0,1,1,0,0,1,0,0,0,1,0,0,74.7,28.8,0
2351,0,1.0,0,0,1,1,0,0,0,1,0,1,0,0,0,83.06,27.0,0
2352,0,1.0,0,0,1,1,0,0,1,0,0,1,0,0,0,227.94,26.0,0
2353,1,0.0,0,0,1,0,0,0,0,1,0,0,0,1,0,84.88,27.1,0
2354,0,0.0,0,0,0,1,0,0,0,0,1,1,0,0,0,64.2,18.5,0
2355,0,0.0,0,0,0,0,0,0,0,0,1,1,0,0,0,137.22,18.8,0
2356,1,0.0,0,0,1,1,0,0,1,0,0,0,1,0,0,81.44,31.5,0
2357,0,0.0,0,0,0,0,0,0,0,0,1,1,0,0,0,90.26,18.1,0
2358,1,0.0,0,0,1,1,0,0,1,0,0,0,0,1,0,68.48,24.3,0
2359,1,0.0,0,0,1,1,0,0,1,0,0,0,0,1,0,100.02,28.0,0
2360,1,0.0,0,0,0,1,0,0,0,0,1,1,0,0,0,156.82,17.3,0
2361,1,0.0,0,0,0,1,0,0,0,0,1,1,0,0,0,81.66,17.2,0
2362,0,0.0,0,0,0,0,0,0,0,0,1,1,0,0,0,112.22,26.9,0
2363,0,0.0,0,0,0,1,0,0,0,0,1,1,0,0,0,90.62,22.4,0
2364,1,0.0,0,0,1,0,0,0,1,0,0,0,0,1,0,72.49,25.8,0
2365,1,0.0,0,0,1,1,1,0,0,0,0,1,0,0,0,107.47,21.3,0
2366,1,0.0,0,0,0,0,0,0,1,0,0,0,0,1,0,92.11,43.0,0
2367,1,0.0,0,0,0,0,0,0,1,0,0,0,1,0,0,70.54,24.4,0
2368,1,0.0,0,0,1,0,0,0,0,1,0,0,0,1,0,205.0,30.1,0
2369,0,1.0,0,0,1,0,0,0,0,1,0,0,0,0,1,126.39,21.3,0
2370,1,0.0,0,0,0,0,0,0,0,0,1,1,0,0,0,89.72,17.8,0
2371,0,0.0,0,0,1,1,0,0,1,0,0,0,0,0,1,92.08,28.4,0
2372,0,0.0,0,0,0,1,0,0,0,0,1,1,0,0,0,85.38,23.4,0
2373,1,0.0,0,0,1,0,0,0,0,1,0,0,0,1,0,95.25,24.3,0
2374,1,0.0,0,0,1,0,1,0,0,0,0,1,0,0,0,75.91,27.8,0
2375,0,1.0,0,0,1,0,1,0,0,0,0,0,1,0,0,203.44,30.5,0
2376,0,0.0,0,0,1,1,0,0,1,0,0,1,0,0,0,88.23,25.8,0
2377,1,0.0,0,0,1,0,0,0,1,0,0,0,0,1,0,97.47,26.7,0
2378,1,1.0,1,1,1,0,0,0,1,0,0,0,0,1,0,59.28,28.1,0
2379,1,0.0,0,0,0,0,0,0,0,0,1,1,0,0,0,101.15,22.2,0
2380,0,1.0,0,0,1,1,0,0,0,1,0,1,0,0,0,68.38,25.1,0
2381,1,0.0,0,0,1,0,0,0,0,1,0,0,0,1,0,55.46,20.9,0
2382,1,0.0,0,0,1,1,0,0,1,0,0,0,0,1,0,113.87,28.9,0
2383,0,0.0,0,0,1,0,0,0,1,0,0,0,0,1,0,96.35,35.9,0
2384,1,0.0,0,0,0,1,0,0,1,0,0,0,0,0,1,127.21,29.8,0
2385,1,0.0,0,0,1,1,0,0,1,0,0,0,0,1,0,78.9,26.7,0
2386,0,0.0,0,0,1,1,0,0,1,0,0,0,1,0,0,59.91,28.4,0
2387,0,0.0,0,0,0,1,0,0,1,0,0,0,0,0,1,160.94,26.7,0
2388,0,1.0,0,0,1,0,0,0,1,0,0,1,0,0,0,59.61,32.5,0
2389,1,0.0,0,0,1,1,0,0,1,0,0,0,0,1,0,87.94,43.8,0
2390,1,0.0,0,0,1,0,0,0,1,0,0,0,1,0,0,97.55,28.3,0
2391,0,0.0,0,0,0,1,0,0,1,0,0,0,1,0,0,116.02,36.6,0
2392,1,0.0,0,0,1,0,0,0,1,0,0,0,0,0,1,127.32,33.1,0
2393,0,0.0,0,0,0,1,0,0,1,0,0,0,0,0,1,75.5,27.0,0
2394,0,0.0,0,0,0,1,0,0,1,0,0,1,0,0,0,79.35,23.6,0
2395,0,0.0,0,0,0,0,0,0,1,0,0,0,0,1,0,108.56,21.8,0
2396,0,0.0,1,0,1,1,0,0,1,0,0,0,0,0,1,168.06,23.5,0
2397,1,0.0,0,0,1,1,0,0,1,0,0,0,1,0,0,75.52,28.7,0
2398,0,1.0,0,1,1,0,0,0,1,0,0,0,1,0,0,82.15,31.6,0
2399,0,0.0,0,0,0,1,0,0,0,1,0,0,1,0,0,200.28,31.9,0
2400,0,1.0,0,1,1,0,0,0,1,0,0,0,0,0,1,62.44,25.2,0
2401,1,0.0,0,0,1,0,0,0,1,0,0,0,0,0,1,84.31,25.9,0
2402,0,1.0,1,1,1,0,0,0,1,0,0,1,0,0,0,221.43,32.5,0
2403,0,1.0,0,0,1,1,0,0,1,0,0,1,0,0,0,165.47,28.1,0
2404,1,0.0,0,0,0,0,0,0,1,0,0,0,0,0,1,96.69,27.4,0
2405,1,0.0,0,0,0,1,0,0,0,0,1,0,1,0,0,63.98,21.2,0
2406,0,1.0,0,1,1,1,0,0,1,0,0,0,1,0,0,145.03,26.8,0
2407,1,0.0,0,0,0,1,0,0,1,0,0,0,0,1,0,98.53,18.5,0
2408,0,0.0,0,0,0,0,0,0,0,0,1,1,0,0,0,134.23,30.6,0
2409,0,0.0,0,0,0,0,0,0,0,0,1,1,0,0,0,62.48,19.9,0
2410,0,1.0,0,0,1,0,0,0,1,0,0,0,1,0,0,70.52,26.5,0
2411,1,0.0,1,0,1,1,0,0,1,0,0,0,0,1,0,93.21,43.8,0
2412,0,0.0,0,0,0,0,0,0,1,0,0,1,0,0,0,82.39,31.8,0
2413,0,0.0,0,0,0,0,0,0,1,0,0,0,0,0,1,88.29,36.6,0
2414,1,1.0,0,0,1,0,0,0,0,1,0,0,1,0,0,80.18,22.9,0
2415,0,0.0,0,0,0,0,0,0,0,0,1,0,0,1,0,84.02,18.7,0
2416,1,0.0,0,0,1,0,0,0,0,1,0,0,0,1,0,69.72,29.6,0
2417,0,0.0,0,0,1,1,0,0,0,1,0,0,0,1,0,192.16,43.6,0
2418,0,0.0,0,0,0,1,0,0,0,0,1,0,0,1,0,101.87,20.3,0
2419,1,0.0,0,0,0,0,0,0,0,0,1,1,0,0,0,77.55,21.3,0
2420,0,1.0,0,1,1,1,0,0,1,0,0,0,0,0,1,215.72,39.2,0
2421,1,1.0,0,0,1,0,0,0,1,0,0,1,0,0,0,87.84,52.8,0
2422,0,0.0,0,0,0,0,1,0,0,0,0,0,0,1,0,91.93,30.2,0
2423,0,0.0,0,0,1,1,1,0,0,0,0,0,0,1,0,58.63,35.3,0
2424,0,0.0,1,0,1,1,0,0,1,0,0,0,0,0,1,173.14,37.0,0
2425,1,0.0,0,0,1,1,0,0,1,0,0,0,1,0,0,106.83,32.1,0
2426,0,0.0,0,0,1,1,0,0,1,0,0,0,1,0,0,84.44,30.5,0
2427,1,0.0,0,0,1,1,0,0,1,0,0,0,0,1,0,92.16,22.8,0
2428,0,0.0,0,0,0,1,0,0,1,0,0,0,1,0,0,85.96,34.5,0
2429,0,1.0,1,0,1,0,0,0,0,1,0,0,0,1,0,202.57,37.4,0
2430,1,0.0,0,0,0,0,0,0,0,0,1,1,0,0,0,65.41,19.5,0
2431,1,0.0,0,0,1,1,1,0,0,0,0,1,0,0,0,102.51,55.7,0
2432,0,1.0,0,0,1,0,0,0,1,0,0,1,0,0,0,62.6,30.4,0
2433,0,0.0,0,0,1,1,0,0,1,0,0,0,0,1,0,150.1,25.3,0
2434,1,0.0,0,0,1,0,0,0,1,0,0,0,0,0,1,94.15,23.1,0
2435,0,0.0,1,0,1,1,0,0,1,0,0,0,0,1,0,65.5,30.7,0
2436,1,0.0,0,0,0,1,0,0,0,0,1,0,0,1,0,81.31,18.8,0
2437,1,1.0,0,0,1,0,0,0,1,0,0,0,0,1,0,78.96,28.6,0
2438,1,0.0,0,0,1,0,0,0,1,0,0,1,0,0,0,123.47,27.5,0
2439,0,0.0,0,0,1,1,0,0,1,0,0,0,0,1,0,90.4,26.5,0
2440,1,0.0,0,0,0,1,0,0,1,0,0,0,0,1,0,71.59,40.3,0
2441,0,0.0,0,0,1,0,0,0,1,0,0,0,1,0,0,209.5,37.9,0
2442,0,0.0,0,0,0,1,0,0,0,0,1,1,0,0,0,86.6,17.1,0
2443,1,0.0,0,0,1,1,0,0,1,0,0,0,1,0,0,57.43,53.5,0
2444,0,1.0,1,0,1,0,0,0,1,0,0,0,0,1,0,87.93,33.6,0
2445,0,0.0,0,0,1,0,0,0,1,0,0,1,0,0,0,203.16,43.4,0
2446,1,1.0,1,0,1,0,0,0,0,1,0,0,0,1,0,112.12,30.5,0
2447,0,0.0,0,0,1,1,0,0,1,0,0,0,0,1,0,92.02,38.1,0
2448,1,1.0,1,0,1,0,0,0,1,0,0,0,1,0,0,60.98,29.9,0
2449,1,0.0,0,0,0,1,0,0,1,0,0,0,0,1,0,86.35,32.7,0
2450,0,0.0,0,0,0,0,0,0,1,0,0,1,0,0,0,71.26,28.6,0
2451,0,0.0,0,0,0,1,0,0,1,0,0,0,0,1,0,72.61,38.5,0
2452,1,1.0,0,1,0,1,0,0,0,1,0,0,0,1,0,110.78,22.9,0
2453,1,1.0,0,0,1,1,0,0,1,0,0,0,0,1,0,99.78,38.0,0
2454,1,0.0,0,0,1,0,0,0,0,1,0,0,0,0,1,201.45,43.8,0
2455,0,0.0,0,0,0,1,0,0,0,0,1,1,0,0,0,127.78,20.8,0
2456,0,0.0,0,0,1,0,0,0,1,0,0,0,0,1,0,121.32,26.8,0
2457,1,0.0,0,0,1,1,0,0,1,0,0,0,0,1,0,83.89,25.5,0
2458,1,1.0,0,1,1,1,0,0,1,0,0,0,0,1,0,206.15,25.4,0
2459,1,1.0,0,0,1,0,0,0,1,0,0,1,0,0,0,102.9,26.7,0
2460,1,0.0,0,0,1,1,0,0,1,0,0,0,0,1,0,65.48,50.5,0
2461,1,0.0,0,0,0,1,1,0,0,0,0,1,0,0,0,123.23,21.3,0
2462,0,0.0,0,0,1,0,0,0,1,0,0,0,0,1,0,71.3,34.7,0
2463,0,0.0,0,0,0,0,0,0,0,0,1,1,0,0,0,79.05,17.9,0
2464,1,1.0,0,0,1,0,0,0,0,1,0,0,0,1,0,102.21,36.3,0
2465,1,0.0,0,0,0,1,0,0,0,0,1,1,0,0,0,105.22,18.4,0
2466,0,0.0,0,0,1,0,1,0,0,0,0,1,0,0,0,84.58,34.5,0
2467,0,0.0,0,1,1,1,1,0,0,0,0,0,0,1,0,77.3,33.4,0
2468,0,0.0,0,0,0,0,0,0,0,0,1,1,0,0,0,74.79,19.4,0
2469,1,0.0,0,0,1,0,0,0,1,0,0,1,0,0,0,88.75,25.6,0
2470,0,0.0,0,0,0,0,0,0,0,0,1,0,0,1,0,97.97,24.5,0
2471,1,0.0,0,0,1,0,0,0,1,0,0,1,0,0,0,79.18,30.0,0
2472,1,0.0,0,0,1,1,0,0,1,0,0,0,0,1,0,81.33,28.9,0
2473,1,0.0,0,0,1,1,0,0,1,0,0,0,0,1,0,126.68,28.1,0
2474,1,1.0,0,0,1,1,0,0,1,0,0,0,0,1,0,196.61,23.0,0
2475,1,0.0,0,0,1,1,0,0,0,1,0,0,1,0,0,219.92,33.5,0
2476,1,1.0,0,0,1,0,1,0,0,0,0,0,1,0,0,79.16,34.8,0
2477,1,1.0,0,0,1,1,0,0,0,1,0,0,1,0,0,99.68,17.6,0
2478,1,1.0,0,0,1,1,0,0,0,1,0,0,1,0,0,79.55,21.1,0
2479,0,1.0,0,0,1,0,0,0,1,0,0,0,1,0,0,87.86,29.0,0
2480,0,0.0,0,0,0,1,0,0,0,0,1,1,0,0,0,76.92,15.8,0
2481,0,0.0,1,0,1,0,0,0,0,1,0,1,0,0,0,77.24,41.2,0
2482,0,0.0,0,0,0,1,0,0,1,0,0,0,1,0,0,120.94,29.7,0
2483,1,0.0,0,0,1,0,0,0,1,0,0,0,0,1,0,77.66,40.8,0
2484,0,0.0,0,0,1,0,1,0,0,0,0,0,0,1,0,231.95,33.2,0
2485,1,1.0,0,0,1,1,0,0,1,0,0,0,0,0,1,111.48,37.0,0
2486,1,0.0,0,0,1,1,0,0,1,0,0,1,0,0,0,84.25,24.5,0
2487,0,1.0,0,0,1,0,0,0,0,1,0,0,0,1,0,216.38,34.5,0
2488,0,0.0,0,0,0,0,0,0,1,0,0,0,0,1,0,95.01,28.0,0
2489,1,0.0,0,0,1,1,0,0,1,0,0,0,1,0,0,105.74,26.8,0
2490,1,0.0,0,0,1,0,0,0,1,0,0,1,0,0,0,58.41,21.0,0
2491,1,0.0,0,0,1,1,1,0,0,0,0,0,0,0,1,56.89,23.8,0
2492,0,0.0,0,0,1,1,0,0,1,0,0,0,0,1,0,86.25,29.3,0
2493,1,0.0,0,0,1,0,0,0,1,0,0,1,0,0,0,86.49,24.4,0
2494,0,0.0,0,0,0,0,0,0,0,0,1,1,0,0,0,115.47,22.6,0
2495,1,0.0,0,0,0,0,0,0,0,0,1,1,0,0,0,92.22,22.8,0
2496,1,1.0,0,0,1,0,0,0,1,0,0,0,0,0,1,83.16,29.7,0
2497,0,0.0,0,0,1,0,0,0,1,0,0,0,1,0,0,110.68,32.4,0
2498,1,1.0,0,0,1,0,0,0,1,0,0,1,0,0,0,70.06,35.8,0
2499,0,1.0,1,0,1,1,0,0,0,1,0,0,1,0,0,213.33,31.1,0
2500,0,0.0,0,0,1,1,0,0,1,0,0,1,0,0,0,93.52,31.9,0
2501,1,0.0,0,0,1,0,1,0,0,0,0,0,0,0,1,87.62,33.7,0
2502,1,0.0,0,0,1,0,1,0,0,0,0,0,0,1,0,77.67,25.6,0
2503,1,0.0,0,0,0,0,0,0,1,0,0,0,0,0,1,95.66,19.9,0
2504,1,0.0,0,0,1,1,0,0,1,0,0,0,1,0,0,172.33,45.3,0
2505,1,0.0,0,0,0,1,0,0,0,0,1,1,0,0,0,106.59,15.5,0
2506,0,0.0,0,0,1,1,0,0,1,0,0,0,0,1,0,87.06,28.3,0
2507,0,1.0,0,1,1,0,0,0,1,0,0,0,1,0,0,93.02,40.2,0
2508,1,1.0,0,0,1,1,0,0,0,1,0,0,0,1,0,243.59,24.3,0
2509,0,0.0,0,0,0,1,0,0,1,0,0,1,0,0,0,86.7,24.6,0
2510,1,1.0,0,0,1,0,0,0,0,1,0,0,1,0,0,97.81,26.6,0
2511,1,1.0,0,0,1,1,0,0,1,0,0,0,0,1,0,116.04,30.9,0
2512,0,1.0,0,1,1,1,0,0,0,1,0,0,1,0,0,169.43,23.5,0
2513,1,0.0,0,0,1,0,0,0,1,0,0,0,0,0,1,68.41,23.9,0
2514,1,0.0,0,0,1,0,0,0,1,0,0,1,0,0,0,94.44,34.2,0
2515,0,0.0,0,0,1,1,1,0,0,0,0,0,0,0,1,73.48,34.9,0
2516,1,0.0,0,0,1,0,1,0,0,0,0,0,0,1,0,183.87,26.2,0
2517,1,1.0,0,0,1,0,0,0,1,0,0,0,0,1,0,66.08,36.2,0
2518,1,1.0,0,0,1,0,0,0,1,0,0,1,0,0,0,72.19,22.4,0
2519,1,0.0,0,0,0,0,0,0,1,0,0,0,0,0,1,101.09,19.3,0
2520,1,1.0,1,0,1,1,1,0,0,0,0,0,0,1,0,88.83,41.7,0
2521,1,0.0,0,0,1,0,0,0,1,0,0,0,0,0,1,69.99,46.0,0
2522,0,0.0,0,0,1,1,1,0,0,0,0,0,0,0,1,102.4,26.9,0
2523,0,0.0,0,0,1,0,1,0,0,0,0,0,0,0,1,87.26,40.1,0
2524,1,0.0,0,0,0,1,0,0,1,0,0,1,0,0,0,146.59,27.7,0
2525,0,1.0,0,0,1,0,1,0,0,0,0,1,0,0,0,59.0,29.5,0
2526,1,1.0,0,0,1,1,0,0,1,0,0,0,0,1,0,76.83,26.0,0
2527,0,0.0,0,0,0,1,0,0,0,0,1,1,0,0,0,101.83,22.7,0
2528,1,0.0,0,0,0,1,1,0,0,0,0,0,0,1,0,90.92,16.0,0
2529,0,0.0,0,0,1,1,1,0,0,0,0,0,0,0,1,67.5,27.7,0
2530,1,0.0,0,0,1,1,1,0,0,0,0,1,0,0,0,97.16,33.1,0
2531,0,0.0,1,0,1,1,1,0,0,0,0,0,1,0,0,85.62,33.1,0
2532,1,0.0,0,0,1,0,1,0,0,0,0,0,0,1,0,129.43,29.7,0
2533,1,1.0,0,0,1,1,1,0,0,0,0,0,0,0,1,106.01,34.0,0
2534,1,0.0,0,0,0,0,0,0,0,0,1,1,0,0,0,114.82,33.3,0
2535,1,0.0,0,0,0,1,0,0,0,0,1,1,0,0,0,121.39,27.0,0
2536,0,1.0,0,0,1,1,0,0,1,0,0,1,0,0,0,227.98,14.2,0
2537,0,0.0,0,0,0,1,0,0,1,0,0,0,0,1,0,78.97,19.4,0
2538,1,0.0,0,0,0,1,0,0,0,0,1,1,0,0,0,84.12,15.3,0
2539,0,0.0,0,0,1,1,0,0,0,1,0,0,0,1,0,95.04,28.7,0
2540,1,0.0,0,0,0,0,1,0,0,0,0,0,0,0,1,103.15,21.0,0
2541,0,1.0,1,0,1,1,0,0,1,0,0,0,1,0,0,82.91,28.9,0
2542,0,0.0,0,0,0,1,0,0,0,0,1,1,0,0,0,70.93,20.3,0
2543,1,1.0,0,0,1,0,0,0,1,0,0,0,1,0,0,153.6,28.0,0
2544,1,0.0,0,0,0,1,0,0,1,0,0,0,0,1,0,129.43,29.6,0
2545,1,0.0,0,0,1,0,1,0,0,0,0,0,1,0,0,81.0,30.2,0
2546,1,0.0,0,0,0,0,1,0,0,0,0,1,0,0,0,71.81,22.2,0
2547,1,0.0,0,0,0,1,1,0,0,0,0,0,1,0,0,84.46,28.4,0
2548,1,1.0,0,0,1,0,0,0,0,1,0,0,1,0,0,101.32,29.6,0
2549,0,0.0,0,0,1,1,0,0,1,0,0,0,0,1,0,62.56,28.6,0
2550,1,1.0,1,0,1,1,1,0,0,0,0,0,1,0,0,208.2,32.6,0
2551,0,0.0,0,0,1,1,0,0,1,0,0,0,0,1,0,199.42,29.0,0
2552,1,1.0,0,0,1,1,0,0,1,0,0,1,0,0,0,91.28,30.1,0
2553,1,0.0,0,0,1,1,0,0,1,0,0,0,1,0,0,77.99,31.2,0
2554,0,0.0,0,0,0,1,0,0,1,0,0,0,0,1,0,190.13,20.7,0
2555,0,0.0,1,0,1,1,0,0,1,0,0,0,0,1,0,149.68,45.1,0
2556,1,0.0,0,0,0,0,0,0,0,0,1,1,0,0,0,92.3,14.8,0
2557,0,1.0,0,0,0,0,0,0,0,1,0,0,1,0,0,235.54,37.4,0
2558,1,1.0,0,0,1,0,0,0,1,0,0,1,0,0,0,84.46,19.9,0
2559,1,0.0,0,0,1,0,0,0,1,0,0,1,0,0,0,68.7,16.0,0
2560,0,1.0,1,0,1,1,0,0,0,1,0,1,0,0,0,178.89,27.4,0
2561,0,0.0,0,0,1,0,0,0,1,0,0,0,0,0,1,227.74,33.4,0
2562,1,0.0,0,0,0,0,0,0,0,0,1,1,0,0,0,100.66,18.5,0
2563,0,0.0,0,0,1,1,1,0,0,0,0,1,0,0,0,73.62,33.4,0
2564,1,0.0,0,0,1,0,0,0,1,0,0,0,0,0,1,100.05,20.8,0
2565,0,1.0,0,1,1,0,0,0,1,0,0,0,0,1,0,213.8,22.0,0
2566,1,0.0,0,0,0,0,0,0,1,0,0,0,0,0,1,103.94,32.5,0
2567,1,0.0,0,0,0,1,0,0,0,0,1,1,0,0,0,84.2,19.2,0
2568,1,1.0,0,0,1,1,0,0,1,0,0,0,0,1,0,250.8,32.9,0
2569,1,0.0,0,0,0,0,1,0,0,0,0,1,0,0,0,112.29,23.5,0
2570,1,0.0,0,0,1,1,0,0,1,0,0,0,0,1,0,65.98,21.7,0
2571,1,0.0,0,0,1,1,0,0,1,0,0,1,0,0,0,99.1,29.1,0
2572,0,0.0,0,0,1,1,0,0,1,0,0,1,0,0,0,104.34,30.3,0
2573,1,0.0,0,0,0,0,0,0,1,0,0,0,1,0,0,217.0,29.4,0
2574,1,0.0,0,0,1,0,0,0,1,0,0,0,1,0,0,57.47,30.1,0
2575,0,0.0,0,0,1,1,1,0,0,0,0,0,0,1,0,78.24,32.9,0
2576,1,0.0,0,0,1,0,0,0,1,0,0,0,0,1,0,94.38,34.0,0
2577,1,0.0,0,0,0,1,0,0,1,0,0,0,0,1,0,100.31,38.6,0
2578,0,0.0,0,0,1,1,0,0,0,1,0,0,0,0,1,74.29,29.3,0
2579,1,0.0,0,0,0,0,0,0,1,0,0,0,0,0,1,103.43,43.6,0
2580,1,0.0,0,0,1,1,0,0,1,0,0,0,1,0,0,99.83,22.7,0
2581,1,0.0,0,0,1,1,0,0,1,0,0,0,0,1,0,217.4,36.6,0
2582,1,0.0,0,0,0,1,0,0,0,0,1,1,0,0,0,71.81,22.6,0
2583,1,0.0,1,1,0,1,1,0,0,0,0,0,0,0,1,79.79,25.6,0
2584,1,1.0,1,0,1,1,0,0,0,1,0,0,0,1,0,190.92,31.4,0
2585,0,0.0,0,0,1,1,1,0,0,0,0,0,1,0,0,94.76,26.0,0
2586,0,0.0,0,0,1,1,0,0,1,0,0,0,1,0,0,101.43,27.0,0
2587,0,0.0,0,0,1,0,0,0,1,0,0,0,0,1,0,115.86,33.3,0
2588,0,0.0,0,0,0,0,0,0,1,0,0,1,0,0,0,95.27,17.3,0
2589,0,1.0,0,0,1,0,1,0,0,0,0,0,0,1,0,89.02,26.9,0
2590,0,0.0,0,0,0,1,0,0,1,0,0,1,0,0,0,77.55,24.8,0
2591,1,0.0,0,0,0,1,0,0,0,0,1,1,0,0,0,75.86,20.0,0
2592,0,1.0,1,1,1,0,0,0,1,0,0,0,0,1,0,93.62,35.8,0
2593,0,0.0,0,0,0,0,1,0,0,0,0,0,1,0,0,72.71,36.9,0
2594,1,1.0,0,1,1,0,0,0,0,1,0,0,1,0,0,94.45,29.6,0
2595,1,0.0,0,0,0,0,0,1,0,0,0,0,0,1,0,88.57,31.1,0
2596,0,1.0,0,0,1,1,0,0,1,0,0,0,1,0,0,84.12,25.1,0
2597,1,0.0,0,0,0,1,0,0,1,0,0,0,0,0,1,89.11,51.9,0
2598,0,0.0,0,0,1,0,0,0,0,1,0,0,0,0,1,99.83,36.3,0
2599,1,0.0,0,0,0,0,0,0,0,0,1,0,0,1,0,150.03,28.2,0
2600,1,0.0,0,0,0,1,0,0,1,0,0,0,1,0,0,69.67,35.8,0
2601,1,1.0,0,0,1,1,0,0,0,1,0,0,1,0,0,77.46,30.9,0
2602,1,0.0,0,0,0,1,0,0,1,0,0,0,0,0,1,100.54,22.1,0
2603,0,0.0,0,0,0,0,0,0,0,0,1,0,0,1,0,142.38,17.6,0
2604,0,0.0,0,0,0,0,0,0,0,1,0,0,0,0,1,110.87,29.5,0
2605,1,0.0,0,0,1,1,0,0,1,0,0,0,0,1,0,73.6,27.0,0
2606,1,0.0,1,0,1,0,1,0,0,0,0,0,0,1,0,59.52,33.2,0
2607,0,0.0,0,0,0,1,0,0,0,0,1,1,0,0,0,142.68,24.4,0
2608,0,0.0,1,0,1,1,0,0,0,1,0,0,0,0,1,182.9,34.4,0
2609,1,0.0,0,0,1,1,1,0,0,0,0,0,1,0,0,75.28,36.7,0
2610,1,0.0,0,0,0,0,0,0,1,0,0,0,0,1,0,100.75,27.2,0
2611,0,0.0,0,0,1,0,0,0,0,1,0,0,0,1,0,163.82,27.5,0
2612,1,0.0,0,0,1,1,0,0,1,0,0,0,0,0,1,110.42,32.6,0
2613,0,0.0,0,0,0,0,0,1,0,0,0,1,0,0,0,79.59,28.4,0
2614,1,0.0,0,0,1,0,0,0,1,0,0,0,0,1,0,107.99,25.5,0
2615,1,0.0,0,0,1,0,0,0,1,0,0,0,1,0,0,90.22,28.7,0
2616,1,0.0,0,0,0,0,0,0,1,0,0,0,0,1,0,143.45,23.8,0
2617,1,0.0,0,0,0,0,0,0,1,0,0,1,0,0,0,78.57,34.4,0
2618,0,0.0,0,0,0,0,0,0,1,0,0,1,0,0,0,79.82,26.1,0
2619,0,1.0,0,0,1,1,0,0,0,1,0,0,0,1,0,95.88,28.5,0
2620,0,0.0,0,0,0,1,1,0,0,0,0,0,0,1,0,123.04,29.6,0
2621,0,0.0,0,0,1,1,0,0,1,0,0,0,0,0,1,92.34,29.4,0
2622,1,0.0,0,0,1,0,0,0,1,0,0,0,0,1,0,116.84,28.2,0
2623,1,0.0,0,0,1,1,0,0,0,1,0,0,1,0,0,90.04,28.7,0
2624,1,0.0,0,0,1,0,1,0,0,0,0,0,1,0,0,255.17,38.1,0
2625,1,0.0,0,0,0,1,0,0,1,0,0,0,0,1,0,123.66,22.2,0
2626,1,0.0,0,0,1,1,0,0,0,1,0,1,0,0,0,112.16,25.7,0
2627,0,0.0,0,0,0,1,0,0,0,0,1,1,0,0,0,88.43,17.7,0
2628,1,0.0,0,0,0,1,0,0,1,0,0,0,0,1,0,86.03,26.4,0
2629,1,1.0,0,0,1,1,0,0,1,0,0,1,0,0,0,227.96,32.8,0
2630,1,1.0,0,0,1,0,0,0,1,0,0,1,0,0,0,85.6,34.5,0
2631,1,0.0,0,0,1,0,1,0,0,0,0,0,0,1,0,111.68,39.5,0
2632,1,0.0,0,0,0,1,0,0,1,0,0,0,0,1,0,73.49,23.5,0
2633,0,0.0,0,0,1,1,0,0,1,0,0,0,1,0,0,87.82,38.8,0
2634,1,0.0,0,0,0,0,0,0,1,0,0,1,0,0,0,99.29,21.2,0
2635,1,0.0,0,0,1,0,0,0,1,0,0,1,0,0,0,63.73,32.0,0
2636,1,0.0,0,0,1,1,0,0,1,0,0,0,0,1,0,85.55,63.3,0
2637,1,1.0,0,0,0,1,0,0,0,1,0,0,0,1,0,79.2,32.6,0
2638,0,1.0,0,0,1,1,0,0,0,1,0,0,0,1,0,105.93,25.2,0
2639,1,0.0,0,0,1,1,0,0,1,0,0,0,1,0,0,94.19,27.4,0
2640,0,1.0,0,1,1,0,0,0,0,1,0,0,1,0,0,69.28,38.6,0
2641,1,0.0,0,0,1,1,0,0,1,0,0,0,0,1,0,71.37,32.9,0
2642,1,0.0,0,0,1,1,0,0,0,1,0,0,1,0,0,110.18,26.0,0
2643,1,0.0,0,0,1,0,0,0,0,1,0,0,1,0,0,59.68,29.2,0
2644,0,0.0,0,0,1,1,1,0,0,0,0,0,1,0,0,94.24,29.2,0
2645,1,0.0,0,0,1,0,0,0,1,0,0,1,0,0,0,82.1,26.4,0
2646,1,1.0,0,0,1,1,0,0,1,0,0,0,1,0,0,62.62,23.1,0
2647,0,0.0,0,0,0,1,0,0,0,0,1,1,0,0,0,107.83,21.2,0
2648,0,0.0,0,0,0,1,0,0,1,0,0,0,1,0,0,107.59,26.2,0
2649,1,0.0,0,0,1,1,0,0,1,0,0,0,0,1,0,116.98,23.4,0
2650,1,0.0,0,0,0,0,0,0,0,0,1,1,0,0,0,84.1,19.8,0
2651,0,0.0,0,0,1,1,0,0,0,1,0,0,0,0,1,160.64,20.4,0
2652,1,0.0,0,0,0,1,0,1,0,0,0,0,0,1,0,84.4,25.9,0
2653,1,0.0,0,0,1,0,1,0,0,0,0,0,0,1,0,81.13,34.1,0
2654,1,0.0,0,0,0,1,0,0,1,0,0,0,0,1,0,88.19,18.3,0
2655,0,0.0,0,0,1,0,0,0,1,0,0,1,0,0,0,127.13,35.0,0
2656,1,0.0,0,0,1,0,0,0,1,0,0,1,0,0,0,119.61,26.4,0
2657,0,1.0,0,0,1,1,1,0,0,0,0,0,1,0,0,143.47,27.6,0
2658,1,0.0,0,0,1,0,0,0,1,0,0,0,0,0,1,84.6,27.0,0
2659,1,0.0,0,0,0,0,0,0,1,0,0,0,0,0,1,158.93,31.3,0
2660,0,0.0,0,0,0,0,0,0,0,0,1,1,0,0,0,68.94,18.0,0
2661,1,0.0,0,0,1,0,1,0,0,0,0,1,0,0,0,69.38,22.1,0
2662,1,0.0,0,0,0,1,0,0,0,1,0,0,0,1,0,72.0,34.4,0
2663,0,0.0,0,0,1,0,0,0,1,0,0,0,0,0,1,57.76,33.2,0
2664,0,0.0,0,0,0,0,0,0,1,0,0,0,0,1,0,108.65,23.1,0
2665,0,0.0,0,0,1,0,0,0,1,0,0,0,0,1,0,65.42,39.7,0
2666,0,0.0,0,0,0,0,0,0,1,0,0,0,1,0,0,78.93,40.7,0
2667,1,1.0,0,0,1,0,0,0,1,0,0,1,0,0,0,98.34,30.9,0
2668,1,1.0,0,0,1,0,0,0,1,0,0,1,0,0,0,82.57,27.5,0
2669,1,1.0,0,1,1,1,1,0,0,0,0,0,0,1,0,124.37,28.3,0
2670,1,0.0,0,1,1,1,0,0,0,1,0,0,0,1,0,100.96,33.4,0
2671,0,0.0,0,0,0,1,0,0,0,0,1,1,0,0,0,75.22,33.1,0
2672,1,0.0,0,0,1,1,0,0,1,0,0,0,0,1,0,59.85,41.5,0
2673,1,0.0,0,0,0,0,0,0,0,0,1,1,0,0,0,104.75,17.1,0
2674,1,1.0,0,0,1,0,1,0,0,0,0,1,0,0,0,70.98,30.0,0
2675,1,0.0,0,0,0,0,0,0,1,0,0,1,0,0,0,92.77,24.9,0
2676,1,0.0,0,0,1,1,0,0,1,0,0,0,0,0,1,82.12,32.5,0
2677,1,0.0,0,0,1,0,1,0,0,0,0,0,0,1,0,106.35,26.1,0
2678,1,0.0,0,0,0,0,0,0,0,0,1,1,0,0,0,77.33,19.2,0
2679,1,0.0,0,0,1,1,0,0,1,0,0,1,0,0,0,96.01,38.7,0
2680,0,0.0,0,0,1,1,0,0,1,0,0,0,0,1,0,107.49,29.5,0
2681,0,0.0,0,0,0,0,0,0,1,0,0,0,0,0,1,88.47,28.1,0
2682,1,0.0,0,0,0,0,0,0,0,0,1,1,0,0,0,87.92,14.1,0
2683,0,0.0,0,0,1,1,0,0,1,0,0,0,0,1,0,91.13,33.9,0
2684,0,1.0,0,0,1,0,0,0,1,0,0,0,1,0,0,80.72,26.0,0
2685,0,0.0,0,0,0,0,1,0,0,0,0,0,0,1,0,59.83,52.8,0
2686,1,1.0,0,0,1,0,0,0,1,0,0,0,0,1,0,60.22,29.2,0
2687,0,1.0,0,1,1,0,0,0,1,0,0,0,0,0,1,82.41,26.3,0
2688,1,0.0,0,0,0,1,0,0,0,0,1,1,0,0,0,75.78,23.6,0
2689,1,0.0,0,0,0,0,0,0,1,0,0,0,0,1,0,102.42,18.6,0
2690,1,1.0,0,1,1,0,0,0,0,1,0,1,0,0,0,98.45,29.7,0
2691,1,0.0,0,0,1,1,0,0,1,0,0,0,0,0,1,93.51,30.9,0
2692,1,1.0,0,0,1,0,0,0,1,0,0,1,0,0,0,113.68,22.8,0
2693,1,0.0,0,0,1,0,0,0,1,0,0,0,0,1,0,97.41,25.5,0
2694,0,1.0,0,0,1,1,0,0,1,0,0,0,0,0,1,58.65,25.6,0
2695,1,1.0,0,0,1,0,0,0,0,1,0,1,0,0,0,81.68,23.0,0
2696,0,0.0,0,0,0,1,0,0,0,0,1,1,0,0,0,148.52,20.6,0
2697,1,0.0,0,0,1,0,0,0,1,0,0,0,0,0,1,142.12,28.4,0
2698,1,0.0,0,0,1,1,0,0,1,0,0,0,1,0,0,125.3,29.7,0
2699,0,1.0,1,0,1,0,0,0,0,1,0,0,0,0,1,118.81,26.0,0
2700,0,0.0,0,0,0,1,0,0,1,0,0,0,0,0,1,84.16,37.5,0
2701,1,0.0,0,0,1,1,0,0,1,0,0,0,0,0,1,78.74,42.3,0
2702,0,0.0,0,0,0,1,0,0,1,0,0,1,0,0,0,57.51,21.4,0
2703,0,0.0,0,0,1,1,0,0,1,0,0,0,0,1,0,61.11,29.3,0
2704,0,0.0,0,0,1,1,0,0,1,0,0,1,0,0,0,78.3,31.0,0
2705,0,0.0,0,0,1,1,0,0,1,0,0,0,0,1,0,76.19,22.0,0
2706,1,0.0,0,0,1,0,1,0,0,0,0,0,0,1,0,115.99,20.9,0
2707,0,0.0,0,0,0,0,0,0,1,0,0,0,0,1,0,100.8,45.9,0
2708,1,0.0,0,0,1,1,0,0,1,0,0,1,0,0,0,98.27,61.2,0
2709,1,0.0,0,0,1,0,0,0,1,0,0,0,0,1,0,93.85,29.1,0
2710,0,0.0,0,0,0,0,0,0,1,0,0,0,0,0,1,94.69,28.4,0
2711,1,0.0,0,0,0,1,0,0,1,0,0,1,0,0,0,136.23,22.6,0
2712,1,0.0,0,0,1,0,1,0,0,0,0,0,0,0,1,56.12,24.2,0
2713,1,0.0,0,0,0,0,0,0,0,0,1,1,0,0,0,93.03,16.3,0
2714,0,1.0,0,0,1,0,0,0,1,0,0,0,0,1,0,196.81,35.9,0
2715,0,0.0,1,0,1,0,0,0,1,0,0,0,1,0,0,87.81,29.8,0
2716,0,1.0,0,0,1,1,0,0,1,0,0,0,1,0,0,222.66,37.0,0
2717,0,0.0,0,0,1,0,0,0,1,0,0,0,0,1,0,223.58,35.8,0
2718,1,0.0,0,0,0,1,0,0,1,0,0,0,0,1,0,85.77,21.1,0
2719,1,0.0,0,0,1,0,0,0,1,0,0,1,0,0,0,88.23,37.6,0
2720,1,0.0,0,0,0,1,0,0,0,1,0,1,0,0,0,73.65,24.8,0
2721,0,0.0,0,0,0,1,0,0,1,0,0,0,0,1,0,141.8,31.9,0
2722,1,0.0,0,0,0,0,0,0,0,0,1,1,0,0,0,92.65,17.5,0
2723,0,0.0,0,0,0,0,0,0,1,0,0,1,0,0,0,61.04,17.6,0
2724,1,0.0,0,0,1,0,0,0,1,0,0,1,0,0,0,102.88,38.9,0
2725,0,0.0,0,0,0,1,0,0,0,0,1,1,0,0,0,123.39,15.2,0
2726,1,0.0,0,0,1,0,1,0,0,0,0,0,0,1,0,67.07,27.4,0
2727,0,0.0,0,0,1,0,1,0,0,0,0,0,0,0,1,69.88,27.9,0
2728,0,0.0,0,0,0,1,0,0,0,0,1,1,0,0,0,57.02,16.1,0
2729,1,0.0,0,0,0,1,1,0,0,0,0,0,0,1,0,123.81,39.0,0
2730,1,0.0,0,0,1,0,1,0,0,0,0,0,1,0,0,73.36,36.6,0
2731,0,0.0,0,0,1,0,0,0,1,0,0,0,0,1,0,90.54,33.7,0
2732,0,0.0,0,0,1,1,0,0,1,0,0,0,0,1,0,69.24,27.6,0
2733,0,1.0,0,0,1,1,0,0,1,0,0,0,0,1,0,192.39,31.0,0
2734,1,1.0,0,0,1,1,0,0,0,1,0,0,1,0,0,74.35,28.5,0
2735,0,0.0,0,0,1,0,0,0,1,0,0,0,0,0,1,71.94,31.4,0
2736,0,1.0,0,0,1,0,0,0,0,1,0,0,0,1,0,82.35,25.3,0
2737,0,0.0,0,0,0,0,0,0,0,0,1,0,0,1,0,73.28,17.2,0
2738,0,1.0,1,0,1,0,0,0,0,1,0,1,0,0,0,97.57,26.9,0
2739,1,0.0,0,0,1,0,0,0,1,0,0,0,0,0,1,83.3,32.0,0
2740,1,0.0,0,0,0,1,0,0,1,0,0,1,0,0,0,85.07,22.5,0
2741,0,0.0,0,0,0,1,0,0,0,0,1,1,0,0,0,60.4,17.3,0
2742,1,1.0,0,0,1,1,0,0,0,1,0,0,1,0,0,79.96,27.0,0
2743,0,0.0,0,0,1,0,0,0,1,0,0,1,0,0,0,70.96,33.1,0
2744,1,1.0,0,0,1,1,0,0,1,0,0,0,0,1,0,82.86,25.0,0
2745,1,1.0,0,1,1,0,0,0,1,0,0,0,0,1,0,201.38,31.1,0
2746,1,1.0,0,0,1,1,0,0,0,1,0,1,0,0,0,91.82,19.6,0
2747,0,0.0,0,0,1,0,0,0,1,0,0,0,0,0,1,91.85,24.7,0
2748,1,1.0,1,0,1,1,0,0,0,1,0,0,1,0,0,99.23,48.0,0
2749,0,0.0,0,0,1,1,0,0,1,0,0,0,1,0,0,68.13,38.0,0
2750,0,0.0,0,0,0,0,0,0,1,0,0,0,1,0,0,93.76,24.0,0
2751,1,1.0,1,0,1,0,0,0,0,1,0,0,0,1,0,103.89,30.0,0
2752,1,0.0,0,0,0,1,0,0,1,0,0,1,0,0,0,87.39,24.6,0
2753,1,0.0,0,0,1,1,1,0,0,0,0,1,0,0,0,89.53,23.1,0
2754,1,0.0,0,0,0,1,0,0,0,0,1,1,0,0,0,66.61,17.4,0
2755,0,1.0,0,0,1,0,0,0,1,0,0,1,0,0,0,236.14,43.1,0
2756,0,1.0,0,1,1,1,0,0,1,0,0,0,1,0,0,99.76,27.1,0
2757,0,0.0,0,0,0,1,0,0,0,0,1,1,0,0,0,87.09,14.3,0
2758,0,0.0,0,0,1,1,0,0,1,0,0,0,0,1,0,193.81,46.8,0
2759,1,0.0,0,0,1,0,0,0,1,0,0,0,0,1,0,97.27,26.0,0
2760,0,0.0,0,0,1,1,0,0,1,0,0,0,0,1,0,137.77,29.3,0
2761,0,0.0,0,0,1,1,0,0,1,0,0,0,0,0,1,105.19,50.1,0
2762,0,0.0,0,0,0,1,0,0,0,0,1,1,0,0,0,58.35,18.6,0
2763,0,0.0,0,0,1,1,0,0,1,0,0,0,0,1,0,68.79,27.0,0
2764,1,0.0,0,0,1,1,0,0,1,0,0,0,0,1,0,94.19,25.7,0
2765,0,0.0,0,0,0,0,1,0,0,0,0,0,1,0,0,121.17,25.5,0
2766,0,1.0,1,1,1,0,0,0,0,1,0,0,0,1,0,106.41,27.3,0
2767,0,1.0,0,0,1,0,0,0,1,0,0,1,0,0,0,104.79,24.1,0
2768,1,0.0,0,0,1,1,0,0,1,0,0,0,0,1,0,82.18,42.7,0
2769,0,1.0,0,0,1,1,0,0,1,0,0,0,0,0,1,96.81,41.2,0
2770,0,0.0,0,0,1,0,0,0,1,0,0,0,1,0,0,107.42,20.2,0
2771,0,1.0,0,0,1,0,0,0,1,0,0,0,0,1,0,69.2,30.9,0
2772,0,1.0,0,0,1,1,0,0,0,1,0,0,0,1,0,92.73,27.7,0
2773,1,0.0,0,0,0,1,0,0,1,0,0,0,0,1,0,86.11,22.3,0
2774,0,0.0,0,0,1,0,0,0,1,0,0,0,0,0,1,111.78,39.4,0
2775,1,0.0,0,0,0,1,0,0,1,0,0,0,0,1,0,122.26,34.2,0
2776,1,0.0,0,0,0,0,0,0,1,0,0,0,0,1,0,78.16,20.1,0
2777,1,0.0,1,0,1,0,1,0,0,0,0,0,0,1,0,105.77,36.8,0
2778,1,0.0,0,0,1,1,1,0,0,0,0,0,1,0,0,77.53,33.9,0
2779,1,0.0,0,0,1,1,0,0,1,0,0,0,0,1,0,77.35,27.7,0
2780,1,0.0,0,0,0,1,0,1,0,0,0,1,0,0,0,82.36,22.7,0
2781,1,1.0,0,1,1,0,0,0,0,1,0,0,0,0,1,239.95,32.2,0
2782,0,0.0,0,0,0,1,0,0,1,0,0,0,0,0,1,61.96,22.0,0
2783,0,0.0,0,0,0,0,0,0,1,0,0,0,0,1,0,72.1,23.2,0
2784,0,0.0,0,0,0,0,0,0,0,0,1,1,0,0,0,107.97,26.7,0
2785,0,1.0,0,0,1,1,0,0,0,1,0,0,0,0,1,60.77,23.0,0
2786,1,0.0,0,0,1,1,0,0,1,0,0,0,0,1,0,71.06,23.4,0
2787,1,0.0,0,0,0,1,1,0,0,0,0,0,0,1,0,60.36,24.1,0
2788,0,0.0,0,0,1,1,0,0,0,1,0,1,0,0,0,83.33,31.5,0
2789,1,0.0,0,0,1,1,0,0,0,1,0,0,0,1,0,65.33,26.1,0
2790,0,0.0,0,0,0,1,0,0,0,0,1,0,0,1,0,113.28,23.7,0
2791,0,0.0,0,0,0,1,0,0,0,0,1,1,0,0,0,170.88,20.8,0
2792,0,0.0,0,0,0,1,0,0,0,0,1,1,0,0,0,103.34,18.8,0
2793,1,0.0,0,0,0,0,0,0,1,0,0,0,1,0,0,106.08,32.5,0
2794,0,0.0,0,0,1,1,0,0,0,1,0,0,0,1,0,156.45,24.3,0
2795,1,0.0,0,0,1,1,0,0,1,0,0,1,0,0,0,60.05,24.1,0
2796,1,0.0,0,0,1,0,0,0,1,0,0,0,0,1,0,114.05,32.5,0
2797,1,1.0,0,1,1,1,0,0,0,1,0,0,1,0,0,202.21,39.3,0
2798,1,1.0,0,0,1,0,0,0,0,1,0,0,0,1,0,57.28,23.9,0
2799,0,0.0,0,0,0,0,0,0,1,0,0,1,0,0,0,99.49,22.0,0
2800,0,0.0,0,0,1,1,0,0,1,0,0,0,0,1,0,63.6,37.3,0
2801,0,0.0,0,1,1,1,1,0,0,0,0,0,1,0,0,80.01,33.0,0
2802,0,0.0,0,0,1,1,0,0,1,0,0,0,1,0,0,58.42,24.7,0
2803,1,1.0,1,1,1,1,1,0,0,0,0,0,1,0,0,67.38,32.8,0
2804,1,0.0,0,0,1,0,0,0,0,1,0,1,0,0,0,73.58,29.8,0
2805,0,0.0,0,0,0,1,0,0,1,0,0,1,0,0,0,103.92,24.1,0
2806,1,0.0,0,0,0,0,0,0,1,0,0,0,0,1,0,80.22,21.6,0
2807,1,0.0,0,0,1,0,0,0,1,0,0,0,0,1,0,103.76,27.1,0
2808,1,1.0,0,0,1,1,0,0,0,1,0,0,0,1,0,77.06,27.0,0
2809,1,0.0,0,0,0,0,0,0,0,0,1,1,0,0,0,90.22,18.7,0
2810,1,0.0,0,0,0,1,0,0,1,0,0,0,0,1,0,181.3,35.8,0
2811,1,1.0,0,0,1,0,0,0,1,0,0,0,1,0,0,85.29,27.1,0
2812,1,0.0,1,0,1,1,0,0,1,0,0,0,0,0,1,107.59,33.1,0
2813,1,0.0,0,0,0,1,0,0,1,0,0,0,0,0,1,87.72,25.9,0
2814,0,1.0,0,0,1,0,0,0,1,0,0,0,0,0,1,70.73,26.7,0
2815,0,0.0,0,0,0,1,1,0,0,0,0,1,0,0,0,72.75,22.2,0
2816,0,0.0,0,0,1,0,0,0,1,0,0,0,0,0,1,95.47,26.0,0
2817,1,0.0,0,0,0,1,0,0,1,0,0,1,0,0,0,70.54,23.5,0
2818,0,0.0,0,0,1,1,0,0,1,0,0,0,0,1,0,100.03,23.5,0
2819,1,0.0,0,0,0,0,0,0,0,0,1,1,0,0,0,59.78,15.9,0
2820,0,1.0,0,0,1,1,0,0,1,0,0,0,0,1,0,198.79,24.9,0
2821,0,0.0,0,0,0,0,0,0,1,0,0,0,0,1,0,90.39,26.5,0
2822,1,0.0,0,0,1,0,0,0,1,0,0,1,0,0,0,147.04,35.7,0
2823,0,0.0,1,1,1,0,0,0,1,0,0,0,0,0,1,64.92,32.1,0
2824,1,1.0,1,0,1,0,0,0,0,1,0,0,1,0,0,154.6,28.5,0
2825,1,0.0,0,0,1,1,0,0,1,0,0,0,0,0,1,95.98,40.1,0
2826,1,0.0,0,0,1,0,0,0,1,0,0,0,0,0,1,102.51,26.6,0
2827,0,1.0,1,0,0,1,0,0,1,0,0,1,0,0,0,96.52,21.7,0
2828,0,1.0,1,0,1,0,0,0,0,1,0,0,0,1,0,232.12,28.8,0
2829,1,0.0,0,0,1,0,0,0,0,1,0,1,0,0,0,78.12,32.0,0
2830,0,0.0,0,0,1,1,1,0,0,0,0,0,0,1,0,70.04,31.4,0
2831,1,0.0,0,0,1,0,0,0,1,0,0,0,0,0,1,97.61,32.1,0
2832,1,0.0,0,0,0,1,0,0,1,0,0,1,0,0,0,113.11,19.8,0
2833,1,0.0,0,0,0,0,0,0,1,0,0,0,1,0,0,71.06,25.3,0
2834,1,0.0,0,0,0,0,0,0,0,0,1,1,0,0,0,104.95,28.8,0
2835,1,0.0,0,0,0,1,0,0,1,0,0,0,0,0,1,81.94,26.0,0
2836,0,1.0,0,0,1,1,0,0,1,0,0,0,1,0,0,96.37,30.7,0
2837,1,0.0,0,0,1,0,0,0,1,0,0,0,0,1,0,114.16,43.3,0
2838,0,0.0,0,0,1,0,0,0,0,1,0,0,0,0,1,93.58,35.2,0
2839,1,1.0,0,0,1,1,1,0,0,0,0,1,0,0,0,73.89,20.9,0
2840,0,0.0,0,0,1,0,0,0,1,0,0,0,0,0,1,107.83,35.3,0
2841,1,1.0,1,0,1,1,0,0,0,1,0,0,1,0,0,107.21,27.0,0
2842,1,1.0,0,0,1,0,0,0,1,0,0,0,0,0,1,99.35,26.1,0
2843,1,1.0,0,0,1,0,0,0,1,0,0,1,0,0,0,203.57,29.1,0
2844,0,0.0,1,1,1,0,1,0,0,0,0,0,0,1,0,81.51,32.6,0
2845,1,0.0,0,0,1,0,0,0,1,0,0,0,1,0,0,69.26,21.8,0
2846,0,0.0,0,0,0,1,0,0,0,0,1,0,0,1,0,111.47,32.3,0
2847,1,1.0,0,1,1,0,0,0,1,0,0,0,0,1,0,86.09,28.1,0
2848,0,1.0,0,1,1,0,1,0,0,0,0,0,1,0,0,72.94,32.3,0
2849,1,0.0,0,0,0,1,0,0,1,0,0,1,0,0,0,76.77,21.7,0
2850,0,0.0,0,0,1,0,0,0,1,0,0,0,0,1,0,60.32,25.0,0
2851,0,0.0,0,0,0,0,0,0,1,0,0,0,0,1,0,133.24,28.9,0
2852,1,0.0,0,0,1,0,0,0,1,0,0,0,1,0,0,65.01,21.7,0
2853,1,0.0,0,0,1,1,0,0,1,0,0,0,0,1,0,74.63,45.3,0
2854,1,1.0,0,0,1,0,0,0,1,0,0,0,0,1,0,230.78,40.2,0
2855,0,1.0,0,0,1,1,0,0,1,0,0,0,1,0,0,72.5,22.5,0
2856,1,0.0,0,0,1,1,0,0,1,0,0,0,0,1,0,68.48,21.3,0
2857,0,1.0,0,0,1,1,0,0,1,0,0,0,1,0,0,85.03,26.1,0
2858,1,0.0,0,0,1,1,0,0,1,0,0,0,0,0,1,80.76,28.8,0
2859,1,0.0,0,0,1,0,0,0,0,1,0,0,1,0,0,95.36,32.4,0
2860,0,0.0,0,0,0,1,0,0,0,0,1,1,0,0,0,110.33,20.4,0
2861,0,0.0,0,0,1,1,0,0,1,0,0,0,1,0,0,89.18,25.9,0
2862,0,0.0,0,0,0,0,0,0,0,1,0,0,1,0,0,91.53,38.8,0
2863,0,1.0,0,0,1,0,0,0,1,0,0,0,0,1,0,65.16,30.8,0
2864,1,0.0,0,0,0,0,0,0,1,0,0,0,0,1,0,74.53,24.6,0
2865,1,0.0,0,0,0,0,0,0,0,0,1,1,0,0,0,93.29,20.6,0
2866,0,0.0,0,0,1,1,1,0,0,0,0,0,1,0,0,227.89,38.8,0
2867,1,0.0,0,0,1,1,0,0,1,0,0,1,0,0,0,121.46,40.4,0
2868,1,0.0,0,0,1,0,0,0,1,0,0,0,0,1,0,216.71,36.2,0
2869,1,0.0,0,0,0,0,0,0,0,0,1,1,0,0,0,74.96,18.8,0
2870,0,0.0,0,0,1,0,0,0,0,1,0,0,0,0,1,75.25,27.6,0
2871,1,1.0,0,0,0,0,0,0,1,0,0,0,1,0,0,91.82,28.3,0
2872,1,0.0,1,0,1,1,1,0,0,0,0,0,0,0,1,56.37,39.4,0
2873,1,0.0,0,0,1,0,0,0,0,1,0,1,0,0,0,149.15,33.5,0
2874,1,0.0,1,0,1,1,0,0,1,0,0,0,1,0,0,202.67,40.4,0
2875,1,0.0,0,0,1,0,0,0,1,0,0,1,0,0,0,65.38,25.9,0
2876,1,0.0,0,0,1,1,0,0,1,0,0,0,0,0,1,90.31,27.6,0
2877,0,1.0,0,0,1,0,0,0,0,1,0,0,1,0,0,221.8,44.7,0
2878,1,0.0,0,0,1,0,0,0,1,0,0,1,0,0,0,73.39,30.8,0
2879,1,1.0,1,0,1,1,0,0,1,0,0,0,1,0,0,147.12,22.3,0
2880,0,0.0,0,0,1,1,0,0,1,0,0,1,0,0,0,109.85,27.9,0
2881,0,1.0,0,0,1,0,0,0,0,1,0,0,1,0,0,103.21,22.9,0
2882,0,0.0,0,0,1,1,0,0,1,0,0,0,0,0,1,81.25,27.3,0
2883,1,0.0,0,0,1,1,1,0,0,0,0,0,0,1,0,84.69,25.0,0
2884,1,0.0,0,0,1,0,1,0,0,0,0,0,0,0,1,87.1,48.3,0
2885,1,0.0,0,0,0,0,0,0,1,0,0,1,0,0,0,81.92,22.7,0
2886,0,0.0,1,0,1,1,0,0,1,0,0,1,0,0,0,90.91,39.1,0
2887,0,1.0,0,0,1,1,1,0,0,0,0,0,0,1,0,64.4,27.8,0
2888,1,0.0,0,0,1,0,0,0,1,0,0,0,1,0,0,67.29,36.7,0
2889,1,0.0,1,0,1,1,0,0,1,0,0,1,0,0,0,124.48,38.5,0
2890,0,0.0,0,1,0,1,0,0,0,0,1,1,0,0,0,62.89,29.4,0
2891,0,0.0,0,0,1,1,0,0,1,0,0,0,1,0,0,87.51,30.5,0
2892,1,1.0,0,0,1,1,0,0,1,0,0,1,0,0,0,93.15,23.6,0
2893,1,0.0,0,0,0,1,0,0,1,0,0,1,0,0,0,64.87,20.6,0
2894,0,0.0,0,0,1,1,0,0,0,1,0,0,0,0,1,90.68,31.7,0
2895,0,0.0,0,0,1,1,0,0,1,0,0,1,0,0,0,104.64,24.9,0
2896,1,0.0,0,0,0,1,0,0,1,0,0,0,0,1,0,92.44,33.4,0
2897,0,0.0,0,0,0,0,0,0,1,0,0,1,0,0,0,120.46,22.2,0
2898,0,0.0,0,0,1,1,0,0,1,0,0,0,0,1,0,89.87,26.5,0
2899,1,0.0,0,0,0,1,0,0,1,0,0,0,1,0,0,105.28,27.1,0
2900,1,0.0,0,0,1,0,0,0,1,0,0,0,0,1,0,131.8,30.3,0
2901,1,0.0,0,0,0,0,0,0,0,0,1,1,0,0,0,66.33,18.6,0
2902,1,0.0,0,0,1,0,0,0,1,0,0,1,0,0,0,101.07,26.4,0
2903,1,0.0,0,0,0,0,0,0,0,0,1,0,1,0,0,83.37,17.8,0
2904,1,0.0,0,0,1,1,0,0,1,0,0,0,0,0,1,79.8,37.4,0
2905,1,1.0,0,0,1,0,0,0,0,1,0,0,1,0,0,103.17,32.1,0
2906,1,0.0,0,0,0,1,0,0,1,0,0,0,0,1,0,62.52,38.2,0
2907,1,0.0,0,0,1,1,1,0,0,0,0,0,1,0,0,110.36,39.1,0
2908,0,1.0,0,0,0,0,0,0,1,0,0,0,0,1,0,140.07,29.5,0
2909,1,0.0,0,0,0,0,0,0,0,0,1,0,0,1,0,84.86,28.6,0
2910,0,0.0,0,0,1,0,0,0,1,0,0,0,0,1,0,106.85,40.1,0
2911,1,0.0,0,0,1,0,0,0,1,0,0,0,0,1,0,102.07,31.8,0
2912,1,1.0,0,1,0,1,1,0,0,0,0,1,0,0,0,202.38,34.6,0
2913,1,1.0,0,0,1,1,1,0,0,0,0,0,0,1,0,67.07,24.5,0
2914,0,1.0,0,1,1,0,1,0,0,0,0,0,0,1,0,73.7,26.2,0
2915,1,1.0,0,0,0,1,0,0,0,1,0,0,0,1,0,77.59,33.0,0
2916,0,0.0,0,0,0,0,0,0,0,0,1,1,0,0,0,69.16,22.3,0
2917,0,0.0,0,0,1,0,0,0,0,1,0,0,0,1,0,215.81,58.1,0
2918,1,0.0,0,0,1,0,0,0,1,0,0,0,1,0,0,65.4,36.9,0
2919,0,0.0,0,0,1,1,0,0,1,0,0,0,0,1,0,139.72,43.9,0
2920,1,0.0,0,0,0,1,0,0,0,0,1,1,0,0,0,72.81,18.2,0
2921,1,0.0,0,0,0,1,0,0,1,0,0,0,0,1,0,149.17,23.1,0
2922,1,1.0,0,0,1,1,0,0,1,0,0,1,0,0,0,125.74,32.6,0
2923,1,0.0,0,0,0,1,1,0,0,0,0,0,0,1,0,90.21,41.2,0
2924,1,0.0,0,0,0,1,0,0,1,0,0,0,1,0,0,139.48,28.6,0
2925,1,1.0,1,0,1,1,0,0,1,0,0,0,0,1,0,90.77,26.0,0
2926,1,1.0,1,1,1,1,0,0,1,0,0,0,0,1,0,220.24,36.8,0
2927,1,0.0,0,0,1,0,0,0,1,0,0,0,0,1,0,81.42,35.8,0
2928,1,0.0,0,0,1,1,0,0,1,0,0,0,0,1,0,102.36,24.2,0
2929,1,0.0,0,0,1,1,0,0,0,1,0,0,0,0,1,82.85,22.9,0
2930,1,0.0,0,0,1,1,0,0,1,0,0,0,0,1,0,102.11,23.1,0
2931,0,1.0,1,1,1,1,0,0,0,1,0,0,0,0,1,80.92,28.9,0
2932,1,0.0,0,0,1,0,0,0,1,0,0,0,0,1,0,71.8,26.5,0
2933,1,0.0,0,0,0,1,0,0,0,1,0,0,0,1,0,88.47,29.3,0
2934,1,0.0,0,0,1,1,0,0,1,0,0,0,1,0,0,67.68,24.8,0
2935,0,0.0,0,0,0,0,0,0,0,0,1,1,0,0,0,98.65,20.1,0
2936,1,1.0,0,0,1,0,0,0,1,0,0,0,0,1,0,83.58,18.2,0
2937,1,1.0,0,0,1,0,0,0,0,1,0,0,1,0,0,104.04,34.7,0
2938,1,0.0,0,0,1,0,0,0,1,0,0,1,0,0,0,69.4,24.0,0
2939,0,0.0,1,0,0,1,1,0,0,0,0,0,0,1,0,106.22,29.0,0
2940,1,0.0,0,0,1,0,0,0,1,0,0,0,0,1,0,112.46,27.3,0
2941,0,1.0,0,1,1,0,0,0,1,0,0,0,0,1,0,72.42,27.6,0
2942,0,0.0,0,0,0,0,0,0,0,0,1,0,0,1,0,96.73,20.4,0
2943,1,0.0,0,0,0,1,0,0,0,0,1,1,0,0,0,107.4,17.7,0
2944,1,1.0,0,0,1,1,0,0,0,1,0,0,0,0,1,267.61,27.9,0
2945,1,0.0,1,0,1,0,0,0,1,0,0,0,0,1,0,109.46,41.5,0
2946,1,0.0,0,0,1,0,1,0,0,0,0,1,0,0,0,120.05,27.4,0
2947,1,1.0,0,0,1,0,0,0,1,0,0,1,0,0,0,106.33,27.8,0
2948,1,0.0,0,0,0,1,0,0,0,0,1,1,0,0,0,97.28,17.8,0
2949,0,0.0,0,0,1,0,0,0,1,0,0,0,0,0,1,83.13,32.0,0
2950,0,0.0,0,0,0,1,0,0,0,0,1,1,0,0,0,97.35,37.3,0
2951,0,0.0,0,0,0,1,0,0,1,0,0,1,0,0,0,79.54,28.1,0
2952,1,0.0,0,0,0,1,0,0,0,0,1,1,0,0,0,76.55,29.1,0
2953,0,0.0,0,0,0,1,0,0,0,0,1,1,0,0,0,56.11,22.9,0
2954,1,1.0,0,0,1,0,0,0,1,0,0,0,1,0,0,91.36,38.8,0
2955,1,0.0,0,0,0,0,0,0,1,0,0,0,0,0,1,79.27,29.0,0
2956,0,0.0,0,0,1,1,0,0,1,0,0,0,0,0,1,113.21,28.6,0
2957,1,0.0,0,0,1,1,0,0,1,0,0,0,0,1,0,105.99,29.8,0
2958,0,1.0,0,0,1,0,0,0,1,0,0,0,1,0,0,59.93,28.9,0
2959,0,1.0,0,0,1,0,0,0,1,0,0,1,0,0,0,88.83,29.1,0
2960,1,1.0,0,0,1,1,0,0,1,0,0,0,0,0,1,115.42,16.7,0
2961,1,0.0,0,0,1,0,0,0,1,0,0,1,0,0,0,71.93,34.1,0
2962,0,0.0,0,0,0,0,0,0,0,0,1,1,0,0,0,96.43,25.7,0
2963,0,1.0,0,0,0,1,0,0,0,1,0,0,0,1,0,161.95,30.8,0
2964,1,0.0,0,0,1,1,1,0,0,0,0,0,0,0,1,104.55,23.9,0
2965,1,0.0,0,0,0,1,0,0,0,0,1,1,0,0,0,71.25,18.8,0
2966,1,0.0,0,0,1,1,1,0,0,0,0,0,0,0,1,82.02,41.8,0
2967,1,1.0,1,0,1,1,0,0,1,0,0,0,0,1,0,78.02,36.4,0
2968,0,0.0,0,0,0,1,1,0,0,0,0,1,0,0,0,115.21,28.7,0
2969,1,1.0,0,0,1,1,0,0,0,1,0,0,0,1,0,65.12,28.3,0
2970,1,0.0,0,0,0,0,0,0,0,0,1,1,0,0,0,80.55,15.1,0
2971,1,0.0,0,0,1,1,1,0,0,0,0,0,0,1,0,88.2,22.7,0
2972,1,0.0,0,0,0,0,0,0,1,0,0,1,0,0,0,147.42,26.6,0
2973,0,0.0,0,0,0,0,0,0,1,0,0,0,0,1,0,86.53,20.8,0
2974,1,0.0,0,0,0,0,0,0,1,0,0,1,0,0,0,91.95,23.0,0
2975,1,0.0,1,0,1,0,0,0,0,1,0,0,0,0,1,63.72,35.8,0
2976,0,0.0,0,0,1,0,0,0,1,0,0,0,0,1,0,63.78,29.9,0
2977,1,1.0,0,0,1,1,0,0,1,0,0,0,0,1,0,55.64,43.4,0
2978,1,0.0,0,0,0,1,1,0,0,0,0,0,0,1,0,88.88,36.3,0
2979,0,0.0,0,0,1,1,0,0,0,1,0,0,1,0,0,114.61,40.1,0
2980,0,0.0,0,0,0,0,0,0,0,1,0,0,1,0,0,56.08,35.9,0
2981,1,1.0,0,0,1,0,1,0,0,0,0,0,0,1,0,59.62,32.4,0
2982,0,0.0,0,0,0,1,0,0,0,0,1,1,0,0,0,75.85,20.3,0
2983,1,1.0,1,0,1,0,0,0,0,1,0,0,0,1,0,176.71,33.2,0
2984,0,0.0,0,0,0,1,0,0,1,0,0,1,0,0,0,80.07,22.3,0
2985,0,0.0,0,0,0,0,0,0,0,0,1,1,0,0,0,56.33,18.1,0
2986,1,0.0,0,0,0,1,0,0,1,0,0,0,0,1,0,87.16,28.2,0
2987,1,1.0,0,1,1,0,0,0,1,0,0,0,0,1,0,102.46,29.7,0
2988,0,0.0,0,0,1,0,0,0,1,0,0,0,0,0,1,161.0,29.0,0
2989,0,0.0,0,0,0,1,0,0,0,0,1,1,0,0,0,70.7,25.4,0
2990,1,0.0,0,0,1,0,0,0,1,0,0,1,0,0,0,81.26,26.5,0
2991,1,0.0,0,0,1,0,1,0,0,0,0,0,1,0,0,157.67,22.7,0
2992,1,0.0,0,0,1,1,0,0,0,1,0,1,0,0,0,89.59,27.5,0
2993,0,0.0,0,0,1,1,0,0,1,0,0,0,0,0,1,64.02,23.8,0
2994,0,0.0,0,0,1,0,1,0,0,0,0,1,0,0,0,110.69,35.6,0
2995,1,0.0,0,0,1,0,0,0,1,0,0,0,0,1,0,71.97,27.2,0
2996,1,1.0,0,0,0,0,0,0,0,1,0,1,0,0,0,82.07,30.4,0
2997,0,0.0,0,0,0,0,0,0,0,0,1,0,0,1,0,65.07,21.5,0
2998,1,1.0,0,0,1,0,0,0,0,1,0,0,0,1,0,207.62,31.8,0
2999,0,0.0,0,0,1,1,0,0,1,0,0,0,0,1,0,108.64,29.5,0
3000,0,1.0,0,0,1,1,0,0,0,1,0,1,0,0,0,201.58,30.6,0
3001,1,0.0,0,0,1,1,0,0,1,0,0,0,1,0,0,116.2,27.6,0
3002,0,1.0,0,0,1,0,0,0,0,1,0,0,0,0,1,231.43,23.0,0
3003,1,0.0,0,0,1,1,1,0,0,0,0,0,0,1,0,112.62,24.8,0
3004,0,0.0,1,0,1,1,0,0,1,0,0,0,1,0,0,220.26,28.0,0
3005,1,0.0,0,0,1,1,0,0,1,0,0,1,0,0,0,84.37,22.2,0
3006,1,1.0,0,0,1,0,0,0,1,0,0,0,1,0,0,82.83,27.8,0
3007,1,1.0,0,0,0,1,0,0,1,0,0,0,1,0,0,102.48,30.2,0
3008,1,0.0,0,0,1,0,0,0,0,1,0,0,0,1,0,69.12,26.8,0
3009,1,1.0,1,0,1,1,1,0,0,0,0,0,0,1,0,211.12,22.0,0
3010,1,0.0,0,0,0,0,0,0,1,0,0,0,1,0,0,95.38,34.3,0
3011,1,1.0,0,0,1,0,0,0,1,0,0,0,1,0,0,108.72,29.2,0
3012,1,0.0,0,0,0,0,0,0,1,0,0,0,0,1,0,88.65,30.3,0
3013,0,0.0,0,0,1,0,0,0,1,0,0,0,0,0,1,73.78,21.4,0
3014,0,0.0,0,0,1,0,0,0,1,0,0,1,0,0,0,59.48,26.6,0
3015,0,0.0,0,0,1,0,0,0,1,0,0,0,1,0,0,75.77,30.0,0
3016,1,1.0,0,0,1,0,0,0,1,0,0,0,1,0,0,80.96,33.7,0
3017,0,0.0,0,0,1,0,0,0,1,0,0,0,0,0,1,82.4,30.9,0
3018,0,0.0,0,0,1,1,0,0,1,0,0,1,0,0,0,78.93,31.1,0
3019,0,0.0,0,0,0,1,0,0,1,0,0,1,0,0,0,80.59,23.0,0
3020,1,0.0,0,0,1,1,0,0,0,1,0,1,0,0,0,70.59,20.2,0
3021,1,0.0,0,0,1,0,0,0,1,0,0,0,0,1,0,98.57,31.6,0
3022,0,0.0,0,0,0,0,0,0,1,0,0,1,0,0,0,61.87,23.9,0
3023,1,0.0,0,0,1,1,0,0,1,0,0,1,0,0,0,68.88,26.1,0
3024,1,0.0,0,0,0,1,0,0,0,0,1,1,0,0,0,66.25,15.8,0
3025,0,0.0,0,0,1,0,1,0,0,0,0,0,0,0,1,69.23,28.7,0
3026,1,0.0,0,0,1,0,0,0,1,0,0,1,0,0,0,73.2,28.9,0
3027,0,0.0,0,0,1,1,0,0,1,0,0,0,0,0,1,103.45,25.1,0
3028,1,0.0,0,0,0,1,1,0,0,0,0,0,0,1,0,104.86,19.8,0
3029,0,0.0,0,1,1,1,1,0,0,0,0,0,0,0,1,90.3,30.8,0
3030,1,1.0,1,0,1,0,0,0,1,0,0,0,0,1,0,90.87,22.1,0
3031,1,0.0,0,0,0,0,1,0,0,0,0,1,0,0,0,76.21,20.4,0
3032,1,0.0,0,0,1,0,0,0,1,0,0,0,1,0,0,74.14,31.2,0
3033,1,0.0,0,0,0,1,1,0,0,0,0,0,0,0,1,87.25,24.9,0
3034,1,1.0,0,0,1,0,1,0,0,0,0,0,1,0,0,215.33,27.0,0
3035,0,0.0,0,0,0,1,0,0,1,0,0,0,0,0,1,88.38,20.1,0
3036,1,0.0,0,0,1,0,0,0,1,0,0,0,0,1,0,104.4,24.4,0
3037,1,0.0,0,0,1,1,0,0,1,0,0,0,0,1,0,104.92,22.6,0
3038,1,0.0,0,0,1,1,0,0,1,0,0,0,0,1,0,106.54,22.4,0
3039,0,0.0,0,0,0,0,0,0,1,0,0,0,0,1,0,62.91,26.2,0
3040,1,1.0,1,0,0,0,0,0,1,0,0,0,0,1,0,61.47,22.9,0
3041,0,0.0,0,0,0,0,0,0,1,0,0,0,1,0,0,88.5,32.6,0
3042,0,1.0,0,0,1,0,0,0,1,0,0,1,0,0,0,107.61,31.3,0
3043,1,0.0,1,0,1,1,0,0,1,0,0,0,1,0,0,90.77,43.9,0
3044,0,0.0,0,0,0,1,0,1,0,0,0,0,0,1,0,137.91,41.8,0
3045,1,1.0,1,0,1,1,0,0,0,1,0,0,0,1,0,228.2,37.7,0
3046,1,0.0,0,0,1,1,1,0,0,0,0,0,0,1,0,92.15,20.8,0
3047,1,0.0,0,0,0,1,0,0,0,0,1,1,0,0,0,126.32,21.6,0
3048,0,1.0,0,0,1,0,0,0,1,0,0,0,1,0,0,94.96,22.1,0
3049,1,1.0,0,0,0,1,0,0,0,1,0,1,0,0,0,89.52,39.2,0
3050,0,0.0,0,0,1,0,0,0,1,0,0,0,1,0,0,66.59,36.7,0
3051,1,1.0,0,0,1,1,0,0,1,0,0,0,0,1,0,80.1,32.0,0
3052,0,0.0,0,0,1,1,0,0,0,1,0,0,0,0,1,73.72,25.9,0
3053,1,1.0,0,0,1,1,0,0,1,0,0,0,1,0,0,90.49,28.9,0
3054,1,1.0,0,0,1,1,0,0,1,0,0,0,1,0,0,92.99,29.3,0
3055,0,0.0,0,0,0,0,0,0,0,0,1,0,0,1,0,62.57,32.3,0
3056,0,1.0,0,0,1,0,0,0,1,0,0,0,1,0,0,65.51,33.2,0
3057,0,1.0,0,0,1,1,0,0,1,0,0,0,0,0,1,95.29,31.6,0
3058,1,0.0,0,0,1,1,1,0,0,0,0,0,0,1,0,83.7,20.6,0
3059,1,0.0,1,0,1,0,1,0,0,0,0,0,1,0,0,63.16,23.3,0
3060,0,1.0,0,1,1,1,0,0,0,1,0,1,0,0,0,87.77,30.8,0
3061,1,1.0,0,0,1,1,0,0,1,0,0,1,0,0,0,87.52,23.7,0
3062,0,0.0,0,0,1,0,0,0,1,0,0,0,0,1,0,113.65,49.3,0
3063,1,1.0,0,0,1,0,1,0,0,0,0,0,0,1,0,65.93,30.3,0
3064,1,1.0,1,0,1,1,0,0,0,1,0,0,0,1,0,93.78,24.4,0
3065,0,1.0,0,0,1,0,0,0,1,0,0,0,1,0,0,223.9,28.2,0
3066,1,1.0,0,0,1,1,0,0,1,0,0,1,0,0,0,77.54,33.8,0
3067,1,0.0,0,0,1,1,0,0,1,0,0,0,1,0,0,93.18,42.6,0
3068,0,0.0,0,0,1,0,0,0,0,1,0,0,0,1,0,169.74,31.9,0
3069,0,0.0,1,0,1,1,0,0,0,1,0,1,0,0,0,101.93,34.0,0
3070,1,0.0,0,0,0,1,0,0,0,0,1,1,0,0,0,125.03,19.8,0
3071,0,0.0,0,0,1,1,0,0,1,0,0,0,1,0,0,82.25,30.5,0
3072,0,0.0,0,0,1,1,0,0,1,0,0,0,1,0,0,85.81,21.7,0
3073,1,0.0,0,0,0,0,0,0,1,0,0,0,0,1,0,85.27,24.6,0
3074,1,0.0,0,0,1,1,0,0,1,0,0,0,0,1,0,86.06,38.1,0
3075,1,0.0,0,0,1,1,1,0,0,0,0,0,0,0,1,104.36,19.2,0
3076,1,1.0,0,0,1,1,0,0,1,0,0,0,1,0,0,78.29,30.1,0
3077,0,0.0,0,0,0,1,0,0,0,0,1,1,0,0,0,93.55,23.3,0
3078,0,1.0,1,0,1,0,0,0,0,1,0,0,1,0,0,207.96,34.5,0
3079,1,0.0,0,0,1,0,1,0,0,0,0,0,0,1,0,105.52,30.8,0
3080,1,0.0,0,0,1,0,0,0,1,0,0,0,1,0,0,109.27,43.8,0
3081,1,0.0,0,0,1,1,0,0,1,0,0,0,0,1,0,91.34,29.9,0
3082,1,0.0,0,0,1,0,1,0,0,0,0,0,0,1,0,176.78,50.4,0
3083,1,0.0,0,0,0,0,0,0,1,0,0,0,0,1,0,67.73,22.6,0
3084,1,0.0,0,0,0,0,0,0,0,0,1,1,0,0,0,73.27,19.5,0
3085,1,1.0,0,0,1,0,0,0,0,1,0,0,1,0,0,70.29,33.4,0
3086,1,0.0,0,0,0,0,0,0,1,0,0,1,0,0,0,91.47,24.2,0
3087,1,1.0,1,0,1,1,1,0,0,0,0,0,1,0,0,205.01,52.7,0
3088,1,0.0,0,0,1,0,0,0,1,0,0,1,0,0,0,73.87,25.6,0
3089,1,1.0,1,0,1,0,0,0,1,0,0,0,1,0,0,64.44,26.9,0
3090,1,0.0,0,0,0,0,0,0,1,0,0,0,1,0,0,111.65,35.2,0
3091,1,0.0,0,0,1,0,0,0,1,0,0,0,1,0,0,90.65,22.1,0
3092,1,0.0,1,0,1,1,0,0,1,0,0,0,0,0,1,94.2,34.4,0
3093,1,1.0,0,0,1,1,0,0,0,1,0,1,0,0,0,56.95,26.0,0
3094,1,0.0,0,0,1,0,0,0,1,0,0,0,0,1,0,92.37,26.9,0
3095,0,0.0,0,0,0,0,0,0,0,0,1,1,0,0,0,127.23,20.1,0
3096,1,0.0,0,0,0,0,0,0,1,0,0,1,0,0,0,191.78,24.7,0
3097,1,0.0,0,0,1,0,1,0,0,0,0,0,0,0,1,86.36,32.1,0
3098,1,1.0,0,0,1,1,1,0,0,0,0,0,0,0,1,82.72,29.8,0
3099,1,0.0,0,0,0,1,0,0,1,0,0,0,1,0,0,113.57,27.5,0
3100,1,0.0,0,0,0,1,0,0,1,0,0,1,0,0,0,89.58,22.8,0
3101,1,1.0,0,0,1,0,0,0,1,0,0,0,1,0,0,91.85,27.6,0
3102,1,0.0,0,0,1,1,1,0,0,0,0,0,0,1,0,88.89,33.0,0
3103,0,0.0,0,0,1,1,0,0,1,0,0,0,0,1,0,79.55,33.7,0
3104,1,1.0,0,0,1,1,0,0,0,1,0,1,0,0,0,108.62,25.1,0
3105,0,0.0,0,0,0,1,0,0,0,0,1,1,0,0,0,78.24,15.3,0
3106,0,0.0,0,0,1,0,0,0,1,0,0,0,0,0,1,88.49,22.2,0
3107,1,1.0,1,0,0,0,0,0,0,1,0,0,1,0,0,91.85,21.4,0
3108,1,1.0,0,0,1,0,0,0,1,0,0,0,1,0,0,72.01,26.0,0
3109,0,1.0,0,0,1,0,0,0,0,1,0,0,0,1,0,81.96,29.9,0
3110,1,0.0,0,0,1,1,0,0,1,0,0,0,0,0,1,70.56,28.6,0
3111,1,0.0,0,0,1,1,0,0,1,0,0,0,0,1,0,71.02,21.2,0
3112,1,0.0,0,0,0,0,0,0,0,0,1,1,0,0,0,99.75,16.0,0
3113,1,0.0,0,0,1,1,1,0,0,0,0,0,0,1,0,127.2,22.7,0
3114,1,0.0,0,0,1,0,0,0,0,1,0,0,0,0,1,69.76,25.3,0
3115,0,0.0,0,0,1,0,0,0,1,0,0,0,1,0,0,74.63,31.6,0
3116,0,0.0,0,0,1,0,1,0,0,0,0,0,1,0,0,102.27,38.9,0
3117,1,0.0,0,0,1,0,0,0,1,0,0,0,0,0,1,73.56,27.1,0
3118,1,1.0,0,0,1,1,0,0,0,1,0,0,1,0,0,57.77,24.1,0
3119,1,0.0,0,0,1,1,1,0,0,0,0,0,0,1,0,151.25,31.5,0
3120,1,1.0,0,0,1,1,0,0,0,1,0,1,0,0,0,78.32,32.0,0
3121,0,0.0,0,0,1,0,0,0,1,0,0,0,0,1,0,71.5,31.8,0
3122,1,0.0,0,0,1,1,0,0,1,0,0,0,0,1,0,84.7,34.0,0
3123,1,0.0,0,0,1,1,0,0,1,0,0,1,0,0,0,127.28,23.4,0
3124,1,0.0,0,0,0,0,0,0,1,0,0,1,0,0,0,80.72,29.3,0
3125,1,0.0,0,0,0,0,0,0,0,0,1,1,0,0,0,73.92,17.2,0
3126,0,0.0,0,0,0,1,0,0,0,0,1,1,0,0,0,93.24,31.9,0
3127,0,0.0,0,0,0,1,0,0,1,0,0,0,0,1,0,72.6,31.6,0
3128,1,0.0,0,0,0,0,0,0,1,0,0,0,0,1,0,69.77,23.2,0
3129,0,0.0,0,0,0,1,1,0,0,0,0,0,0,0,1,84.43,30.0,0
3130,1,0.0,0,0,1,0,0,0,1,0,0,0,0,1,0,84.13,26.3,0
3131,0,0.0,0,0,0,0,0,0,0,1,0,0,1,0,0,81.54,31.8,0
3132,0,1.0,0,0,1,0,1,0,0,0,0,0,1,0,0,57.17,25.5,0
3133,1,0.0,0,0,1,0,0,0,1,0,0,0,0,1,0,86.15,21.3,0
3134,1,0.0,0,0,1,0,0,0,1,0,0,0,0,1,0,163.02,29.6,0
3135,1,1.0,0,0,1,1,0,0,0,1,0,0,0,1,0,110.41,28.7,0
3136,0,0.0,0,0,0,0,0,0,1,0,0,0,0,1,0,102.58,30.8,0
3137,0,0.0,0,0,1,1,0,0,1,0,0,1,0,0,0,90.97,32.1,0
3138,0,1.0,0,0,1,0,0,0,1,0,0,0,0,0,1,140.96,34.0,0
3139,0,0.0,0,0,0,0,0,0,0,0,1,1,0,0,0,70.33,16.9,0
3140,0,0.0,0,0,0,0,0,0,0,1,0,0,0,1,0,64.18,32.1,0
3141,0,0.0,0,0,1,0,0,0,0,1,0,0,0,1,0,127.57,22.6,0
3142,1,1.0,0,0,1,1,0,0,1,0,0,0,0,1,0,109.23,31.3,0
3143,0,0.0,0,1,1,1,0,0,1,0,0,0,0,1,0,124.49,29.0,0
3144,0,0.0,0,0,0,0,1,0,0,0,0,0,0,1,0,142.82,27.6,0
3145,0,0.0,0,0,0,0,0,0,0,0,1,1,0,0,0,75.69,17.7,0
3146,0,1.0,0,0,1,1,0,0,1,0,0,1,0,0,0,74.08,35.9,0
3147,1,0.0,0,0,1,1,1,0,0,0,0,1,0,0,0,75.98,33.8,0
3148,1,0.0,0,0,0,0,0,0,0,0,1,1,0,0,0,57.8,17.6,0
3149,1,0.0,0,0,0,1,0,0,1,0,0,1,0,0,0,76.44,48.3,0
3150,0,0.0,1,0,1,1,1,0,0,0,0,0,0,0,1,214.43,39.9,0
3151,1,1.0,0,0,1,1,0,0,0,1,0,1,0,0,0,79.03,11.3,0
3152,0,1.0,1,0,1,1,0,0,1,0,0,0,1,0,0,66.46,31.5,0
3153,0,0.0,0,0,1,1,0,0,1,0,0,0,0,1,0,56.42,29.6,0
3154,0,0.0,0,0,1,0,0,0,1,0,0,1,0,0,0,112.72,19.4,0
3155,1,0.0,0,0,0,1,0,0,0,0,1,1,0,0,0,114.02,18.1,0
3156,0,0.0,0,0,1,1,0,0,1,0,0,0,0,0,1,72.33,36.2,0
3157,1,0.0,0,0,0,0,0,0,0,0,1,1,0,0,0,55.59,17.9,0
3158,1,0.0,0,0,1,0,0,0,1,0,0,0,0,1,0,73.48,33.0,0
3159,1,0.0,0,0,0,1,0,0,0,0,1,1,0,0,0,105.05,20.4,0
3160,1,1.0,0,0,1,1,0,0,0,1,0,0,1,0,0,84.78,33.6,0
3161,1,1.0,1,0,1,0,0,0,1,0,0,0,0,1,0,164.77,34.5,0
3162,0,1.0,1,1,0,0,0,0,1,0,0,0,0,1,0,220.64,30.0,0
3163,1,0.0,0,0,0,1,0,0,0,0,1,1,0,0,0,159.39,12.8,0
3164,0,1.0,0,0,1,1,0,0,0,1,0,0,0,1,0,69.53,26.2,0
3165,0,0.0,0,0,0,1,0,0,0,0,1,1,0,0,0,81.42,13.5,0
3166,1,0.0,0,0,0,1,0,0,1,0,0,0,1,0,0,83.93,25.6,0
3167,1,0.0,0,0,0,0,0,0,0,0,1,1,0,0,0,98.9,18.8,0
3168,1,0.0,0,0,0,1,0,0,0,0,1,1,0,0,0,82.64,14.5,0
3169,1,0.0,0,0,1,0,0,0,1,0,0,0,1,0,0,112.54,23.4,0
3170,1,0.0,0,0,0,0,0,0,1,0,0,0,1,0,0,75.25,39.7,0
3171,1,1.0,0,0,0,1,0,0,0,1,0,0,0,1,0,204.77,40.8,0
3172,0,1.0,0,1,1,1,0,0,0,1,0,0,0,0,1,63.86,29.5,0
3173,0,0.0,0,0,1,0,0,0,1,0,0,1,0,0,0,72.2,33.0,0
3174,1,0.0,0,0,1,1,0,0,1,0,0,0,0,1,0,80.08,25.6,0
3175,0,0.0,0,0,0,1,0,0,0,0,1,1,0,0,0,101.61,33.1,0
3176,0,0.0,0,0,1,1,0,0,1,0,0,1,0,0,0,114.32,28.1,0
3177,1,0.0,0,0,1,0,0,0,1,0,0,0,0,1,0,80.82,49.3,0
3178,0,0.0,0,0,0,0,0,0,1,0,0,0,0,1,0,90.6,16.9,0
3179,1,0.0,0,0,1,0,0,0,1,0,0,1,0,0,0,93.67,35.9,0
3180,1,0.0,0,0,1,0,0,0,0,1,0,0,0,1,0,87.15,32.1,0
3181,1,0.0,0,0,1,1,0,0,1,0,0,0,0,0,1,80.72,34.1,0
3182,0,0.0,0,0,0,1,0,0,0,0,1,1,0,0,0,83.16,15.1,0
3183,1,1.0,0,0,1,0,1,0,0,0,0,1,0,0,0,98.14,42.0,0
3184,0,0.0,0,0,0,1,0,0,0,0,1,1,0,0,0,83.13,16.8,0
3185,1,0.0,0,0,1,0,0,0,1,0,0,1,0,0,0,134.24,28.8,0
3186,0,1.0,0,0,1,1,0,0,0,1,0,0,0,0,1,248.37,32.2,0
3187,0,0.0,0,0,0,0,0,0,0,0,1,1,0,0,0,61.75,16.2,0
3188,0,0.0,0,0,0,1,0,0,1,0,0,1,0,0,0,70.55,44.2,0
3189,1,1.0,0,1,0,0,0,0,0,1,0,0,1,0,0,124.38,23.4,0
3190,1,0.0,0,0,1,0,0,0,1,0,0,0,0,1,0,92.21,31.0,0
3191,0,1.0,0,0,1,1,1,0,0,0,0,0,0,1,0,148.72,28.7,0
3192,1,0.0,0,0,0,1,0,0,1,0,0,1,0,0,0,79.25,23.6,0
3193,0,0.0,0,0,1,1,1,0,0,0,0,0,0,0,1,82.09,35.7,0
3194,1,0.0,1,0,1,1,0,0,1,0,0,0,0,1,0,194.53,39.5,0
3195,0,1.0,0,0,1,0,0,0,1,0,0,1,0,0,0,98.84,27.3,0
3196,0,0.0,0,0,1,0,1,0,0,0,0,0,1,0,0,135.74,31.3,0
3197,0,0.0,0,0,1,0,0,0,1,0,0,1,0,0,0,66.55,33.4,0
3198,1,0.0,0,0,0,1,0,0,1,0,0,0,0,1,0,115.69,29.2,0
3199,0,0.0,0,0,0,0,0,0,1,0,0,0,0,1,0,67.76,26.0,0
3200,0,0.0,0,0,0,0,1,0,0,0,0,0,1,0,0,88.65,18.1,0
3201,0,0.0,0,0,0,0,0,0,0,0,1,1,0,0,0,106.11,22.4,0
3202,0,1.0,0,1,0,0,0,0,0,1,0,1,0,0,0,95.49,29.4,0
3203,1,0.0,0,0,0,1,0,0,1,0,0,0,0,1,0,59.07,21.6,0
3204,0,1.0,0,1,1,1,0,0,0,1,0,0,1,0,0,228.92,27.9,0
3205,0,0.0,0,0,1,0,0,0,1,0,0,1,0,0,0,62.89,29.6,0
3206,0,0.0,0,0,1,0,0,0,1,0,0,1,0,0,0,96.84,30.2,0
3207,0,1.0,0,0,1,0,0,0,1,0,0,0,0,0,1,81.25,43.4,0
3208,0,0.0,0,0,1,1,0,0,1,0,0,0,1,0,0,92.71,30.5,0
3209,1,0.0,0,0,0,0,0,0,1,0,0,1,0,0,0,85.59,33.2,0
3210,1,0.0,0,0,1,1,0,0,1,0,0,0,0,1,0,89.06,27.7,0
3211,0,0.0,0,0,0,1,0,0,0,1,0,1,0,0,0,87.44,33.5,0
3212,0,0.0,0,0,1,1,0,0,1,0,0,1,0,0,0,64.07,28.0,0
3213,1,1.0,0,0,1,1,1,0,0,0,0,0,1,0,0,79.39,31.5,0
3214,1,0.0,0,0,0,0,0,0,0,0,1,1,0,0,0,67.84,24.0,0
3215,1,0.0,0,0,1,0,0,0,1,0,0,0,0,1,0,81.73,27.4,0
3216,0,1.0,0,0,1,1,0,0,1,0,0,0,1,0,0,105.52,37.9,0
3217,1,0.0,0,0,1,0,1,0,0,0,0,1,0,0,0,77.55,26.2,0
3218,1,0.0,0,0,0,1,0,0,1,0,0,1,0,0,0,127.42,22.4,0
3219,1,1.0,0,0,1,0,0,0,1,0,0,0,0,1,0,226.73,43.7,0
3220,1,0.0,0,0,1,1,0,0,0,1,0,0,0,1,0,89.74,28.4,0
3221,0,0.0,0,0,0,0,0,0,0,1,0,0,0,1,0,219.17,29.8,0
3222,1,0.0,0,0,1,1,0,0,1,0,0,0,1,0,0,74.85,24.8,0
3223,1,1.0,1,0,1,1,0,0,0,1,0,0,0,1,0,55.96,34.8,0
3224,0,0.0,0,0,1,1,0,0,1,0,0,0,0,0,1,215.92,27.4,0
3225,1,1.0,0,0,1,1,1,0,0,0,0,0,0,1,0,104.05,33.5,0
3226,1,0.0,0,0,1,1,0,0,1,0,0,0,0,0,1,62.54,35.0,0
3227,0,0.0,0,0,0,0,0,0,0,0,1,1,0,0,0,87.54,24.4,0
3228,1,0.0,0,0,0,1,0,0,1,0,0,0,0,0,1,76.81,28.3,0
3229,1,1.0,1,0,0,0,0,0,0,1,0,0,0,1,0,198.12,29.1,0
3230,1,1.0,0,0,1,0,0,0,0,1,0,0,1,0,0,78.0,31.3,0
3231,0,1.0,0,0,1,1,0,0,1,0,0,0,0,1,0,79.44,32.8,0
3232,1,0.0,0,0,1,0,0,0,1,0,0,0,0,1,0,75.82,29.1,0
3233,1,0.0,1,0,1,1,0,0,1,0,0,0,0,1,0,240.86,31.9,0
3234,0,0.0,0,0,0,1,0,0,0,0,1,1,0,0,0,89.28,14.2,0
3235,1,1.0,1,0,1,0,1,0,0,0,0,0,0,1,0,263.56,26.3,0
3236,1,0.0,0,0,0,1,0,0,1,0,0,0,0,1,0,81.13,22.8,0
3237,1,0.0,0,0,1,1,0,0,1,0,0,0,0,1,0,118.44,24.8,0
3238,1,0.0,1,0,1,0,0,0,1,0,0,0,0,0,1,97.37,34.1,0
3239,1,0.0,0,0,0,1,0,0,0,0,1,1,0,0,0,80.51,21.5,0
3240,1,0.0,0,0,0,0,0,0,1,0,0,0,0,1,0,78.88,26.1,0
3241,1,1.0,1,1,1,0,1,0,0,0,0,0,0,0,1,83.61,21.4,0
3242,1,1.0,1,1,1,1,0,0,1,0,0,0,0,1,0,73.19,33.5,0
3243,0,0.0,0,0,0,1,1,0,0,0,0,1,0,0,0,68.91,23.0,0
3244,0,0.0,0,0,0,0,0,0,0,0,1,1,0,0,0,104.3,18.5,0
3245,0,0.0,0,0,0,1,0,0,1,0,0,0,0,1,0,87.87,23.4,0
3246,1,0.0,0,0,1,1,0,0,1,0,0,1,0,0,0,96.7,31.4,0
3247,0,0.0,0,0,1,0,0,0,1,0,0,0,1,0,0,91.05,31.1,0
3248,0,0.0,0,0,0,0,0,0,1,0,0,0,0,0,1,200.14,37.7,0
3249,1,1.0,0,0,1,1,1,0,0,0,0,0,0,1,0,73.04,25.3,0
3250,1,1.0,0,0,1,0,0,0,1,0,0,0,0,1,0,85.81,35.6,0
3251,0,0.0,0,0,1,1,0,0,1,0,0,0,0,0,1,65.41,24.8,0
3252,0,0.0,0,0,1,0,0,0,1,0,0,0,0,1,0,108.68,32.7,0
3253,1,0.0,0,0,1,0,0,0,1,0,0,0,0,1,0,88.79,24.9,0
3254,1,0.0,0,0,0,0,0,0,1,0,0,0,0,1,0,107.82,26.0,0
3255,0,0.0,0,0,0,1,0,0,1,0,0,0,0,1,0,97.39,22.8,0
3256,0,0.0,0,0,0,1,0,0,1,0,0,1,0,0,0,141.09,24.0,0
3257,0,0.0,0,0,0,1,0,0,0,0,1,1,0,0,0,122.38,20.3,0
3258,1,0.0,0,0,1,1,0,0,1,0,0,0,1,0,0,77.91,30.3,0
3259,1,1.0,1,0,1,0,0,0,0,1,0,0,0,1,0,103.6,23.7,0
3260,1,0.0,0,0,0,0,0,0,1,0,0,1,0,0,0,159.7,25.7,0
3261,1,1.0,0,0,1,0,1,0,0,0,0,0,1,0,0,118.22,21.9,0
3262,0,0.0,0,0,0,1,0,0,0,0,1,1,0,0,0,84.5,15.8,0
3263,1,0.0,0,0,1,0,1,0,0,0,0,0,0,1,0,85.59,30.5,0
3264,1,1.0,0,0,1,0,0,0,0,1,0,1,0,0,0,84.42,25.7,0
3265,0,0.0,0,0,0,0,0,0,0,0,1,1,0,0,0,100.98,19.0,0
3266,0,1.0,0,0,1,0,0,0,1,0,0,0,1,0,0,81.11,28.8,0
3267,1,0.0,0,0,0,0,0,0,1,0,0,0,0,1,0,79.2,22.4,0
3268,1,0.0,0,0,1,1,0,0,1,0,0,1,0,0,0,207.71,32.4,0
3269,1,1.0,0,0,1,0,0,0,1,0,0,0,0,1,0,99.84,36.6,0
3270,1,1.0,0,0,1,0,0,0,1,0,0,0,0,1,0,98.05,27.9,0
3271,0,0.0,0,0,1,0,0,0,0,1,0,1,0,0,0,105.9,27.7,0
3272,1,0.0,0,0,1,1,0,0,0,1,0,1,0,0,0,146.21,34.3,0
3273,1,1.0,0,0,1,1,0,0,1,0,0,0,0,1,0,79.94,26.7,0
3274,0,0.0,0,0,0,0,0,0,0,1,0,1,0,0,0,72.28,19.0,0
3275,1,0.0,0,0,0,0,0,0,0,0,1,1,0,0,0,123.1,20.6,0
3276,0,1.0,1,1,1,0,0,0,0,1,0,0,0,0,1,67.06,26.7,0
3277,0,0.0,0,0,1,0,0,0,1,0,0,0,0,1,0,82.68,29.2,0
3278,0,0.0,0,0,0,0,0,0,1,0,0,0,0,1,0,125.89,21.3,0
3279,1,1.0,0,0,1,1,1,0,0,0,0,1,0,0,0,228.05,51.9,0
3280,0,0.0,0,0,0,1,0,0,0,0,1,1,0,0,0,98.23,14.1,0
3281,1,0.0,0,0,1,1,0,0,0,1,0,0,0,0,1,90.06,28.9,0
3282,0,0.0,0,0,1,1,0,0,1,0,0,0,0,0,1,119.9,30.9,0
3283,0,0.0,0,0,1,1,0,0,1,0,0,0,0,1,0,94.53,36.1,0
3284,1,0.0,0,0,1,1,0,0,0,1,0,0,1,0,0,64.66,25.0,0
3285,1,0.0,0,0,1,1,0,0,1,0,0,0,0,1,0,103.79,28.6,0
3286,1,0.0,0,0,0,1,0,0,1,0,0,0,0,1,0,88.51,20.5,0
3287,1,0.0,0,0,0,0,0,0,0,0,1,1,0,0,0,97.26,16.7,0
3288,0,0.0,0,0,1,1,1,0,0,0,0,0,0,1,0,92.59,36.6,0
3289,1,1.0,0,0,1,0,0,0,1,0,0,0,0,1,0,102.89,26.4,0
3290,0,0.0,1,0,1,0,0,0,0,1,0,0,1,0,0,92.26,33.1,0
3291,1,0.0,0,0,1,0,0,0,1,0,0,0,0,1,0,80.0,27.5,0
3292,1,0.0,0,0,1,1,0,0,0,1,0,0,0,1,0,56.75,26.9,0
3293,1,0.0,0,0,1,1,0,0,1,0,0,0,0,1,0,104.66,23.9,0
3294,0,1.0,0,0,1,0,0,0,1,0,0,1,0,0,0,60.39,26.9,0
3295,0,1.0,0,0,1,1,1,0,0,0,0,0,0,1,0,223.14,27.8,0
3296,1,1.0,1,0,1,1,0,0,1,0,0,0,0,1,0,105.51,32.7,0
3297,1,0.0,0,0,0,1,0,0,1,0,0,0,0,1,0,83.42,28.7,0
3298,1,0.0,0,0,1,1,0,0,1,0,0,1,0,0,0,71.06,22.6,0
3299,0,0.0,0,0,1,1,1,0,0,0,0,0,0,1,0,101.24,26.5,0
3300,1,0.0,0,0,0,1,0,0,1,0,0,0,0,1,0,91.19,28.3,0
3301,1,1.0,1,1,0,1,1,0,0,0,0,0,0,1,0,174.43,24.3,0
3302,0,1.0,0,0,1,1,0,0,0,1,0,0,1,0,0,214.51,24.0,0
3303,0,0.0,0,0,1,0,0,0,1,0,0,0,0,1,0,72.64,32.4,0
3304,1,0.0,0,0,0,1,0,0,0,0,1,1,0,0,0,62.69,28.7,0
3305,1,0.0,0,0,1,0,0,0,1,0,0,0,0,1,0,141.16,36.7,0
3306,1,0.0,0,0,1,0,1,0,0,0,0,0,0,1,0,89.61,27.7,0
3307,1,0.0,0,0,1,0,0,0,1,0,0,0,0,0,1,76.42,24.8,0
3308,0,0.0,0,0,0,0,0,1,0,0,0,0,0,1,0,124.38,31.2,0
3309,1,1.0,1,0,1,1,0,0,0,1,0,0,1,0,0,111.81,26.1,0
3310,1,0.0,0,0,1,0,0,0,0,1,0,1,0,0,0,57.57,26.8,0
3311,0,0.0,0,0,1,1,0,0,1,0,0,0,1,0,0,77.82,26.7,0
3312,0,0.0,0,0,0,1,0,0,0,0,1,1,0,0,0,60.09,19.6,0
3313,1,0.0,0,0,1,1,0,0,1,0,0,0,0,1,0,91.02,25.8,0
3314,1,1.0,0,0,1,0,0,0,0,1,0,0,1,0,0,65.46,32.5,0
3315,0,0.0,0,0,1,0,0,0,1,0,0,0,0,0,1,131.19,28.3,0
3316,1,1.0,0,0,1,0,0,0,1,0,0,0,0,0,1,79.89,24.5,0
3317,0,0.0,0,0,0,1,0,0,0,0,1,1,0,0,0,74.54,25.2,0
3318,1,0.0,0,0,1,1,0,0,1,0,0,0,0,1,0,231.31,32.3,0
3319,0,0.0,0,1,1,1,0,0,1,0,0,0,1,0,0,91.57,30.1,0
3320,0,1.0,0,0,1,1,0,0,1,0,0,0,1,0,0,238.78,35.7,0
3321,1,0.0,0,0,0,0,0,0,1,0,0,0,1,0,0,87.18,20.0,0
3322,1,0.0,0,0,1,0,1,0,0,0,0,1,0,0,0,78.94,23.5,0
3323,1,0.0,0,0,0,0,0,0,0,0,1,1,0,0,0,69.01,23.4,0
3324,1,0.0,0,0,1,0,0,0,1,0,0,0,0,1,0,110.28,22.3,0
3325,0,0.0,1,0,1,1,0,0,0,1,0,0,0,1,0,71.66,28.7,0
3326,1,0.0,0,0,0,1,0,0,1,0,0,1,0,0,0,62.57,20.9,0
3327,0,0.0,0,0,1,1,0,0,0,1,0,0,0,0,1,83.64,29.4,0
3328,1,0.0,0,0,0,1,0,0,0,0,1,1,0,0,0,107.18,27.6,0
3329,1,1.0,0,0,1,0,0,0,1,0,0,0,0,1,0,233.59,43.9,0
3330,0,1.0,1,0,1,1,0,0,0,1,0,0,1,0,0,84.88,28.7,0
3331,1,0.0,0,0,0,0,0,0,1,0,0,1,0,0,0,97.95,34.7,0
3332,1,0.0,0,0,1,0,0,0,1,0,0,1,0,0,0,58.19,37.1,0
3333,1,0.0,0,0,1,0,0,0,1,0,0,0,0,1,0,70.11,24.2,0
3334,1,1.0,0,0,1,1,0,0,1,0,0,0,0,0,1,112.77,22.7,0
3335,1,1.0,0,0,1,1,0,0,0,1,0,0,1,0,0,75.46,29.3,0
3336,1,0.0,0,0,0,1,0,0,1,0,0,0,0,0,1,63.63,20.0,0
3337,1,0.0,0,0,1,1,0,0,1,0,0,0,0,0,1,100.22,22.7,0
3338,1,0.0,0,0,1,0,1,0,0,0,0,0,0,1,0,81.77,25.4,0
3339,1,0.0,0,0,1,0,0,0,1,0,0,0,0,1,0,94.25,37.6,0
3340,0,0.0,1,0,1,0,0,0,0,1,0,0,1,0,0,188.13,44.7,0
3341,0,0.0,0,0,0,0,0,0,1,0,0,1,0,0,0,164.7,26.3,0
3342,0,1.0,0,1,1,0,0,0,0,1,0,1,0,0,0,68.27,25.0,0
3343,0,0.0,1,0,1,0,1,0,0,0,0,0,1,0,0,100.12,32.3,0
3344,1,1.0,0,0,1,1,0,0,0,1,0,0,0,1,0,151.23,24.9,0
3345,0,0.0,0,0,0,0,0,0,1,0,0,0,0,1,0,112.41,33.7,0
3346,1,0.0,0,0,1,1,0,0,0,1,0,0,1,0,0,205.97,26.6,0
3347,1,0.0,0,0,1,1,0,0,1,0,0,0,0,1,0,112.19,53.4,0
3348,1,0.0,0,0,1,0,0,0,0,1,0,0,0,1,0,71.93,41.7,0
3349,1,0.0,0,0,0,1,0,0,0,0,1,0,0,1,0,190.89,22.0,0
3350,1,0.0,0,0,1,1,0,0,1,0,0,0,0,0,1,138.02,20.3,0
3351,1,0.0,0,0,1,0,0,0,1,0,0,1,0,0,0,66.16,42.7,0
3352,0,0.0,0,0,0,0,0,0,1,0,0,0,0,0,1,105.73,28.2,0
3353,0,0.0,0,0,1,0,0,0,1,0,0,1,0,0,0,78.34,32.5,0
3354,1,0.0,0,0,1,1,0,0,1,0,0,0,1,0,0,102.1,22.5,0
3355,0,0.0,0,0,1,1,0,0,1,0,0,0,0,0,1,97.37,26.5,0
3356,0,0.0,0,0,1,1,0,0,1,0,0,1,0,0,0,193.87,41.0,0
3357,1,0.0,0,0,0,0,0,0,1,0,0,1,0,0,0,78.32,27.0,0
3358,1,0.0,0,0,1,0,0,0,1,0,0,0,1,0,0,130.0,25.9,0
3359,0,0.0,0,0,0,1,0,0,0,1,0,1,0,0,0,74.0,23.7,0
3360,0,0.0,0,0,1,0,0,0,1,0,0,0,0,1,0,111.04,30.0,0
3361,0,1.0,1,0,1,1,0,0,1,0,0,0,1,0,0,214.77,15.0,0
3362,1,0.0,0,0,1,0,0,0,0,1,0,0,0,1,0,97.25,21.5,0
3363,0,0.0,0,0,1,1,0,0,1,0,0,0,0,1,0,79.95,25.9,0
3364,1,0.0,0,0,1,1,1,0,0,0,0,0,0,0,1,162.24,24.3,0
3365,1,1.0,0,0,0,1,0,0,0,1,0,1,0,0,0,74.36,39.2,0
3366,1,0.0,0,0,0,1,0,0,0,0,1,1,0,0,0,69.68,14.4,0
3367,1,1.0,0,0,1,1,0,0,1,0,0,0,0,1,0,98.35,26.6,0
3368,0,0.0,0,0,1,1,0,0,0,1,0,0,0,1,0,75.73,30.7,0
3369,1,0.0,0,0,0,0,0,0,1,0,0,1,0,0,0,85.86,35.4,0
3370,1,1.0,0,0,1,1,0,0,1,0,0,0,0,1,0,80.34,29.2,0
3371,1,0.0,0,0,0,0,0,0,1,0,0,1,0,0,0,73.76,26.7,0
3372,0,0.0,0,0,0,0,0,0,1,0,0,0,0,1,0,94.96,21.5,0
3373,1,1.0,0,0,1,1,0,0,1,0,0,0,0,1,0,108.18,19.1,0
3374,1,0.0,0,0,1,0,0,0,1,0,0,1,0,0,0,85.23,25.4,0
3375,0,1.0,1,0,1,0,1,0,0,0,0,0,0,1,0,189.88,34.0,0
3376,0,0.0,0,0,0,1,1,0,0,0,0,0,0,1,0,197.11,23.9,0
3377,1,0.0,0,0,1,0,0,0,1,0,0,0,0,0,1,100.08,20.9,0
3378,0,0.0,0,0,0,0,0,0,0,0,1,1,0,0,0,68.62,18.2,0
3379,1,0.0,0,0,0,0,0,0,1,0,0,0,0,0,1,84.07,27.6,0
3380,0,0.0,0,0,0,0,1,0,0,0,0,0,0,1,0,99.65,50.3,0
3381,1,0.0,0,0,1,1,0,0,0,1,0,0,0,1,0,82.33,24.5,0
3382,0,0.0,0,0,0,1,0,0,0,0,1,1,0,0,0,94.49,16.6,0
3383,0,0.0,0,0,1,0,0,0,1,0,0,0,0,1,0,108.71,24.0,0
3384,1,0.0,0,0,0,1,0,0,1,0,0,0,0,1,0,64.94,18.8,0
3385,1,0.0,0,0,0,1,0,0,0,0,1,1,0,0,0,98.22,34.0,0
3386,1,1.0,0,0,1,1,0,0,1,0,0,0,0,1,0,83.5,25.8,0
3387,0,1.0,0,0,1,0,1,0,0,0,0,0,0,1,0,192.47,30.3,0
3388,1,1.0,1,0,1,1,0,0,1,0,0,0,0,0,1,125.89,28.9,0
3389,1,0.0,0,0,1,1,0,0,1,0,0,0,0,1,0,87.72,21.3,0
3390,1,0.0,0,0,1,0,0,0,1,0,0,0,0,1,0,68.94,26.8,0
3391,0,0.0,0,0,1,0,0,0,1,0,0,1,0,0,0,66.51,29.2,0
3392,0,1.0,0,1,1,1,0,0,0,1,0,0,1,0,0,85.82,25.0,0
3393,1,0.0,0,0,1,0,0,0,1,0,0,0,0,1,0,87.47,21.5,0
3394,0,0.0,0,0,0,1,0,0,0,0,1,1,0,0,0,87.74,17.1,0
3395,0,0.0,1,0,1,0,0,0,1,0,0,0,0,1,0,85.12,32.5,0
3396,0,0.0,0,0,1,1,0,0,0,1,0,0,1,0,0,103.37,26.9,0
3397,1,1.0,0,0,1,0,0,0,1,0,0,0,0,1,0,81.68,30.4,0
3398,0,0.0,0,0,1,1,0,0,0,1,0,0,0,1,0,76.51,29.8,0
3399,1,0.0,0,0,0,0,0,0,0,0,1,1,0,0,0,110.17,20.3,0
3400,0,0.0,0,0,0,0,1,0,0,0,0,0,0,0,1,65.12,41.1,0
3401,0,1.0,0,1,1,0,0,0,1,0,0,1,0,0,0,109.88,33.9,0
3402,1,0.0,0,1,1,1,0,0,1,0,0,1,0,0,0,199.38,39.0,0
3403,1,0.0,0,0,1,1,0,0,1,0,0,0,0,1,0,65.77,31.2,0
3404,0,0.0,0,0,1,0,0,0,1,0,0,0,0,1,0,55.72,38.2,0
3405,1,0.0,0,0,1,1,1,0,0,0,0,0,0,1,0,75.67,44.7,0
3406,0,0.0,1,0,1,0,0,0,1,0,0,0,0,0,1,88.18,33.5,0
3407,1,1.0,0,0,1,0,0,0,0,1,0,0,0,1,0,95.94,27.0,0
3408,0,0.0,0,0,1,1,0,0,1,0,0,0,0,1,0,86.93,31.1,0
3409,0,0.0,0,0,1,1,1,0,0,0,0,0,0,1,0,85.17,29.2,0
3410,0,0.0,0,0,0,1,0,0,1,0,0,0,0,1,0,111.1,26.6,0
3411,1,0.0,0,0,0,0,0,0,0,0,1,1,0,0,0,92.0,17.9,0
3412,0,0.0,0,0,0,1,0,0,1,0,0,0,1,0,0,97.47,24.2,0
3413,1,0.0,0,0,1,1,0,0,1,0,0,1,0,0,0,79.21,19.5,0
3414,0,0.0,0,0,1,0,0,0,1,0,0,0,1,0,0,83.97,28.5,0
3415,1,0.0,0,0,0,1,0,0,1,0,0,0,0,1,0,98.55,21.3,0
3416,1,1.0,1,0,1,0,0,0,1,0,0,0,0,1,0,202.98,41.3,0
3417,1,1.0,0,0,0,1,1,0,0,0,0,0,0,1,0,60.7,31.3,0
3418,0,0.0,0,0,1,1,0,0,1,0,0,0,0,1,0,92.22,40.8,0
3419,1,0.0,0,0,1,0,0,0,1,0,0,1,0,0,0,79.94,36.6,0
3420,0,0.0,0,0,1,0,1,0,0,0,0,1,0,0,0,83.68,26.7,0
3421,1,0.0,0,0,1,1,0,0,0,1,0,0,1,0,0,69.92,18.7,0
3422,1,0.0,0,0,0,0,0,0,0,0,1,1,0,0,0,136.96,15.2,0
3423,1,0.0,0,0,1,0,0,0,0,1,0,0,0,1,0,95.32,26.8,0
3424,1,0.0,0,0,1,0,0,0,1,0,0,0,0,1,0,107.78,25.1,0
3425,1,1.0,1,1,1,1,0,0,1,0,0,0,1,0,0,198.32,31.3,0
3426,0,0.0,0,0,1,1,0,0,1,0,0,0,0,1,0,100.16,59.7,0
3427,0,0.0,0,0,1,1,0,0,1,0,0,0,0,1,0,96.02,29.8,0
3428,1,1.0,1,0,1,0,0,0,1,0,0,0,1,0,0,112.69,33.5,0
3429,1,1.0,0,0,1,1,0,0,1,0,0,0,0,1,0,60.61,24.5,0
3430,1,0.0,0,0,1,1,0,0,0,1,0,0,0,1,0,79.77,33.6,0
3431,1,0.0,0,0,1,1,0,0,0,1,0,0,1,0,0,87.41,39.7,0
3432,1,1.0,0,0,1,0,0,0,1,0,0,0,0,1,0,226.38,47.4,0
3433,0,0.0,0,0,1,0,1,0,0,0,0,0,0,0,1,124.64,26.4,0
3434,1,0.0,0,0,1,1,0,0,1,0,0,0,0,1,0,69.42,33.0,0
3435,1,1.0,0,0,1,1,1,0,0,0,0,0,0,1,0,77.68,31.4,0
3436,0,0.0,0,0,1,0,0,0,1,0,0,0,0,1,0,112.79,27.2,0
3437,0,1.0,1,0,1,0,0,0,0,1,0,0,1,0,0,236.79,35.7,0
3438,1,1.0,1,0,1,0,0,0,0,1,0,0,1,0,0,219.82,29.5,0
3439,1,0.0,0,0,0,1,0,0,1,0,0,1,0,0,0,82.05,21.0,0
3440,1,0.0,0,0,0,0,1,0,0,0,0,0,0,1,0,104.08,26.6,0
3441,0,1.0,0,0,0,1,0,0,0,1,0,0,0,0,1,101.57,24.3,0
3442,1,0.0,0,0,1,0,0,0,1,0,0,0,0,0,1,71.32,43.9,0
3443,0,0.0,1,0,1,0,0,0,0,1,0,1,0,0,0,239.19,52.5,0
3444,1,1.0,0,0,1,0,0,0,1,0,0,0,1,0,0,78.45,27.0,0
3445,0,0.0,0,0,0,0,0,0,1,0,0,0,0,1,0,61.11,32.7,0
3446,1,0.0,0,0,0,1,0,0,1,0,0,1,0,0,0,87.29,29.4,0
3447,1,0.0,0,0,0,0,0,0,0,0,1,1,0,0,0,82.49,15.1,0
3448,0,0.0,0,0,1,1,0,0,1,0,0,1,0,0,0,83.15,32.1,0
3449,0,0.0,0,0,0,0,0,0,1,0,0,0,0,1,0,83.26,32.9,0
3450,1,1.0,1,0,1,1,0,0,0,1,0,0,1,0,0,78.7,27.6,0
3451,0,1.0,0,0,1,1,0,0,0,1,0,0,0,0,1,111.94,26.5,0
3452,0,0.0,0,0,1,0,0,0,1,0,0,0,0,0,1,104.77,19.2,0
3453,1,0.0,0,0,0,1,0,0,1,0,0,1,0,0,0,104.26,25.9,0
3454,0,0.0,0,0,1,0,0,0,1,0,0,0,0,1,0,113.84,21.9,0
3455,0,0.0,0,0,0,1,0,0,0,0,1,1,0,0,0,114.71,17.4,0
3456,1,0.0,0,0,0,1,0,0,0,0,1,1,0,0,0,61.54,13.2,0
3457,0,0.0,0,0,1,0,0,0,1,0,0,0,0,1,0,133.62,25.2,0
3458,1,0.0,0,0,1,0,0,0,1,0,0,0,0,1,0,111.96,28.2,0
3459,1,0.0,0,0,0,1,0,0,1,0,0,1,0,0,0,112.44,31.5,0
3460,0,0.0,0,0,0,1,0,0,1,0,0,1,0,0,0,123.61,25.2,0
3461,0,0.0,0,0,0,1,0,0,0,0,1,1,0,0,0,84.68,14.5,0
3462,0,1.0,0,1,1,0,0,0,0,1,0,0,1,0,0,206.62,28.0,0
3463,0,0.0,0,0,0,0,0,0,0,0,1,1,0,0,0,114.54,15.1,0
3464,1,0.0,1,0,1,0,0,0,1,0,0,0,0,0,1,216.88,31.4,0
3465,1,1.0,1,0,1,1,0,0,1,0,0,0,0,1,0,110.38,26.3,0
3466,0,0.0,0,0,1,0,1,0,0,0,0,0,0,1,0,204.92,39.6,0
3467,1,1.0,0,0,1,1,0,0,1,0,0,0,0,1,0,56.74,28.9,0
3468,1,1.0,0,0,0,0,0,0,0,1,0,1,0,0,0,68.35,31.4,0
3469,1,0.0,0,0,1,1,0,0,1,0,0,1,0,0,0,83.52,34.3,0
3470,0,1.0,0,0,1,1,1,0,0,0,0,0,1,0,0,59.74,27.0,0
3471,1,0.0,1,0,1,0,0,0,1,0,0,0,0,1,0,81.59,27.2,0
3472,1,0.0,0,0,0,0,0,0,1,0,0,0,0,1,0,123.83,23.8,0
3473,0,1.0,0,0,1,1,0,0,1,0,0,0,1,0,0,226.84,25.3,0
3474,1,0.0,0,0,1,0,0,0,0,1,0,1,0,0,0,93.2,32.6,0
3475,1,0.0,1,0,1,0,0,0,1,0,0,0,0,1,0,85.84,31.8,0
3476,1,0.0,0,0,1,1,1,0,0,0,0,1,0,0,0,74.64,22.4,0
3477,0,0.0,0,1,1,1,0,0,1,0,0,0,0,1,0,80.17,28.0,0
3478,1,0.0,0,0,1,1,1,0,0,0,0,0,1,0,0,85.03,23.9,0
3479,0,1.0,0,0,1,1,0,0,1,0,0,0,1,0,0,234.35,25.3,0
3480,0,0.0,0,0,0,1,0,0,0,0,1,0,1,0,0,116.25,16.4,0
3481,1,0.0,0,0,0,1,0,0,1,0,0,0,0,0,1,66.55,26.9,0
3482,1,0.0,0,0,1,1,0,0,1,0,0,0,0,1,0,88.38,25.4,0
3483,1,0.0,0,0,0,1,0,0,0,0,1,1,0,0,0,81.05,18.7,0
3484,1,0.0,0,0,0,1,0,0,1,0,0,0,0,1,0,68.4,37.5,0
3485,1,1.0,0,0,1,1,0,0,0,1,0,0,0,1,0,96.95,41.4,0
3486,1,1.0,0,0,1,0,0,0,0,1,0,0,0,1,0,66.24,37.5,0
3487,0,0.0,0,0,0,0,0,0,0,0,1,1,0,0,0,91.81,15.8,0
3488,1,0.0,0,0,0,1,0,0,1,0,0,0,0,1,0,84.86,37.6,0
3489,1,0.0,0,0,0,0,0,0,1,0,0,0,0,1,0,118.88,30.5,0
3490,1,0.0,0,0,1,1,0,0,1,0,0,1,0,0,0,85.91,22.1,0
3491,0,0.0,0,0,0,0,0,0,0,0,1,1,0,0,0,115.4,19.2,0
3492,1,0.0,0,0,1,0,0,0,0,1,0,0,0,1,0,75.34,38.0,0
3493,0,0.0,0,0,0,0,0,0,0,0,1,1,0,0,0,100.19,18.7,0
3494,0,1.0,0,0,1,1,1,0,0,0,0,0,1,0,0,200.73,25.7,0
3495,0,1.0,1,0,1,1,1,0,0,0,0,0,0,1,0,114.09,30.1,0
3496,1,0.0,0,0,1,1,0,0,1,0,0,0,0,1,0,67.3,36.3,0
3497,0,0.0,0,0,0,0,0,0,0,0,1,1,0,0,0,96.91,20.4,0
3498,0,0.0,0,0,0,0,0,0,0,0,1,1,0,0,0,116.2,20.9,0
3499,1,1.0,0,0,1,0,0,0,0,1,0,0,0,1,0,72.54,28.4,0
3500,0,0.0,0,0,1,0,0,0,1,0,0,1,0,0,0,96.01,33.8,0
3501,1,1.0,1,0,1,1,0,0,1,0,0,0,0,1,0,89.16,24.0,0
3502,1,0.0,0,0,1,0,0,0,0,1,0,0,0,1,0,108.64,43.3,0
3503,1,0.0,1,0,1,0,1,0,0,0,0,0,0,1,0,83.66,36.4,0
3504,1,0.0,0,0,1,0,0,0,1,0,0,0,0,1,0,81.21,37.9,0
3505,0,1.0,0,0,0,1,0,0,1,0,0,0,0,1,0,86.96,32.6,0
3506,1,0.0,0,0,1,0,1,0,0,0,0,0,0,1,0,92.95,23.9,0
3507,0,0.0,0,0,0,1,0,0,0,0,1,1,0,0,0,95.86,18.1,0
3508,0,0.0,1,0,0,0,0,0,1,0,0,0,0,1,0,85.52,36.4,0
3509,0,0.0,0,0,1,0,1,0,0,0,0,0,0,1,0,159.39,29.2,0
3510,0,1.0,0,0,1,1,0,0,0,1,0,0,1,0,0,202.51,30.8,0
3511,1,0.0,0,0,1,0,0,0,1,0,0,0,1,0,0,82.24,23.8,0
3512,1,0.0,0,0,0,0,0,0,0,0,1,1,0,0,0,109.81,17.9,0
3513,0,1.0,1,0,1,0,0,0,1,0,0,0,1,0,0,91.85,31.8,0
3514,1,0.0,0,0,0,0,0,0,0,0,1,1,0,0,0,123.49,19.5,0
3515,0,0.0,0,0,1,0,0,0,1,0,0,0,0,0,1,105.49,31.5,0
3516,0,1.0,0,1,1,1,0,0,0,1,0,0,1,0,0,101.53,24.1,0
3517,1,1.0,0,0,1,1,0,0,0,1,0,0,0,1,0,126.04,35.9,0
3518,0,1.0,0,1,1,0,0,0,0,1,0,1,0,0,0,95.49,31.6,0
3519,1,0.0,0,0,0,0,0,0,0,0,1,1,0,0,0,89.38,19.0,0
3520,1,0.0,0,0,0,1,0,0,0,0,1,1,0,0,0,82.3,18.8,0
3521,1,1.0,1,0,1,1,0,0,0,1,0,1,0,0,0,218.0,33.5,0
3522,1,1.0,0,0,1,1,0,0,0,1,0,0,0,1,0,79.7,25.0,0
3523,0,0.0,1,0,1,0,0,0,0,1,0,0,1,0,0,209.15,52.9,0
3524,1,1.0,0,0,1,0,0,0,0,1,0,0,1,0,0,70.22,24.8,0
3525,1,1.0,0,0,1,0,0,0,0,1,0,0,0,1,0,83.57,24.5,0
3526,1,1.0,0,0,1,1,0,0,0,1,0,0,0,0,1,60.6,40.4,0
3527,1,0.0,0,0,0,1,0,0,0,0,1,1,0,0,0,97.24,20.2,0
3528,0,0.0,0,0,0,0,0,0,1,0,0,0,0,0,1,162.72,31.9,0
3529,0,0.0,0,0,0,1,0,0,1,0,0,0,0,0,1,73.27,25.4,0
3530,1,0.0,0,0,0,1,0,0,0,0,1,1,0,0,0,92.62,15.4,0
3531,1,0.0,0,0,1,1,0,0,1,0,0,0,0,1,0,90.0,38.6,0
3532,1,0.0,1,0,1,0,0,0,1,0,0,0,1,0,0,78.28,31.0,0
3533,1,0.0,0,0,0,0,0,0,1,0,0,0,0,0,1,87.81,26.4,0
3534,1,0.0,0,0,1,0,0,0,1,0,0,0,0,1,0,196.5,37.7,0
3535,1,0.0,0,0,1,1,0,0,0,1,0,0,0,0,1,142.31,35.2,0
3536,0,0.0,0,0,0,0,0,0,1,0,0,0,0,0,1,94.96,54.7,0
3537,0,0.0,0,0,1,0,1,0,0,0,0,0,0,1,0,83.78,21.6,0
3538,1,0.0,0,0,0,1,0,0,1,0,0,1,0,0,0,86.1,23.9,0
3539,0,0.0,0,0,1,1,0,0,1,0,0,0,0,1,0,66.96,26.1,0
3540,1,0.0,0,0,1,0,0,0,1,0,0,0,1,0,0,76.7,39.7,0
3541,1,0.0,0,0,1,0,0,0,1,0,0,0,1,0,0,103.12,29.9,0
3542,1,0.0,0,0,0,1,0,0,1,0,0,0,0,1,0,84.03,31.4,0
3543,0,0.0,0,0,1,0,0,0,1,0,0,0,1,0,0,74.15,34.5,0
3544,0,1.0,1,0,1,0,0,0,1,0,0,0,0,1,0,73.29,29.4,0
3545,0,0.0,0,0,0,1,0,0,1,0,0,1,0,0,0,115.16,26.9,0
3546,1,0.0,0,0,0,1,0,0,0,0,1,1,0,0,0,83.55,22.4,0
3547,1,0.0,0,0,0,1,0,0,0,0,1,1,0,0,0,61.53,20.5,0
3548,1,0.0,0,0,0,0,0,0,0,0,1,1,0,0,0,100.74,18.6,0
3549,1,1.0,0,0,0,1,0,0,1,0,0,0,0,0,1,59.31,31.4,0
3550,1,0.0,0,0,0,1,0,0,0,0,1,0,1,0,0,63.22,18.5,0
3551,1,0.0,0,0,1,1,0,0,1,0,0,0,0,1,0,209.5,41.8,0
3552,1,0.0,0,0,0,1,0,0,0,0,1,1,0,0,0,64.51,21.2,0
3553,0,1.0,0,0,1,0,0,0,1,0,0,0,0,1,0,90.07,28.6,0
3554,1,0.0,0,0,0,1,0,0,0,0,1,1,0,0,0,113.95,16.0,0
3555,0,0.0,0,0,1,0,0,0,1,0,0,1,0,0,0,119.32,30.6,0
3556,0,1.0,0,0,1,0,0,0,1,0,0,0,1,0,0,99.12,29.0,0
3557,0,1.0,0,0,1,0,0,0,0,1,0,1,0,0,0,152.84,28.6,0
3558,0,1.0,0,0,1,0,0,0,1,0,0,0,0,1,0,78.23,34.8,0
3559,1,0.0,0,0,1,1,0,0,1,0,0,1,0,0,0,76.05,42.0,0
3560,1,0.0,0,0,0,0,0,0,0,0,1,0,0,1,0,116.49,30.3,0
3561,0,0.0,0,0,1,0,0,0,1,0,0,1,0,0,0,99.91,30.9,0
3562,0,0.0,1,0,1,1,0,0,1,0,0,0,0,0,1,76.1,32.1,0
3563,0,0.0,0,0,0,0,0,0,0,0,1,1,0,0,0,121.99,19.6,0
3564,0,0.0,1,0,1,0,0,0,1,0,0,0,0,0,1,116.21,32.8,0
3565,1,0.0,0,0,1,1,0,0,1,0,0,1,0,0,0,55.28,31.5,0
3566,1,1.0,0,0,1,0,0,0,1,0,0,0,0,1,0,103.73,34.7,0
3567,0,1.0,1,0,1,1,1,0,0,0,0,1,0,0,0,153.08,21.5,0
3568,1,1.0,0,0,1,0,0,0,0,1,0,1,0,0,0,98.69,27.6,0
3569,1,0.0,0,0,1,0,0,0,1,0,0,0,1,0,0,94.11,28.6,0
3570,0,0.0,0,0,0,0,0,0,0,0,1,0,0,1,0,117.03,21.1,0
3571,1,0.0,0,0,1,1,0,0,1,0,0,0,0,1,0,91.35,23.8,0
3572,1,0.0,0,0,1,0,0,0,1,0,0,1,0,0,0,82.48,33.5,0
3573,0,1.0,0,0,1,0,1,0,0,0,0,0,1,0,0,99.76,33.4,0
3574,1,0.0,0,0,1,1,1,0,0,0,0,0,0,0,1,111.1,23.3,0
3575,0,0.0,0,0,0,0,0,0,1,0,0,0,0,1,0,122.25,21.0,0
3576,1,0.0,0,0,0,1,0,0,1,0,0,0,0,1,0,84.19,21.2,0
3577,0,0.0,0,0,0,1,0,0,0,0,1,1,0,0,0,84.6,18.4,0
3578,1,0.0,0,0,1,1,0,0,1,0,0,0,0,1,0,126.35,26.9,0
3579,1,0.0,1,0,0,1,0,0,0,1,0,0,1,0,0,87.5,20.2,0
3580,1,0.0,0,0,0,0,0,0,0,1,0,0,0,1,0,77.52,21.9,0
3581,1,1.0,0,0,1,0,0,0,1,0,0,1,0,0,0,133.13,24.2,0
3582,1,0.0,0,0,0,1,0,0,1,0,0,0,0,1,0,96.1,29.6,0
3583,1,0.0,1,0,1,1,0,0,1,0,0,0,0,0,1,108.61,38.1,0
3584,0,1.0,1,1,1,0,0,0,0,1,0,0,0,1,0,205.23,22.0,0
3585,0,0.0,0,0,0,0,1,0,0,0,0,1,0,0,0,76.74,29.8,0
3586,0,0.0,0,0,1,1,0,0,1,0,0,0,0,1,0,138.55,24.0,0
3587,0,1.0,0,1,1,1,0,0,1,0,0,0,0,1,0,234.27,26.9,0
3588,1,0.0,0,0,1,1,0,0,1,0,0,0,0,1,0,75.16,38.0,0
3589,0,0.0,0,0,0,0,0,0,0,0,1,1,0,0,0,77.08,16.9,0
3590,1,1.0,0,0,1,1,0,0,1,0,0,0,0,1,0,101.19,23.4,0
3591,1,0.0,0,0,0,1,0,0,1,0,0,0,0,1,0,107.74,38.5,0
3592,1,0.0,0,0,1,0,0,0,1,0,0,1,0,0,0,62.32,21.6,0
3593,0,0.0,0,0,0,1,0,0,0,0,1,1,0,0,0,56.32,15.9,0
3594,1,0.0,0,0,1,0,0,0,1,0,0,0,0,1,0,131.28,25.1,0
3595,0,0.0,0,0,1,1,0,0,1,0,0,0,0,0,1,67.02,41.1,0
3596,1,0.0,0,0,0,0,0,0,1,0,0,1,0,0,0,76.72,21.5,0
3597,1,0.0,0,0,0,1,0,0,1,0,0,0,0,0,1,125.98,21.0,0
3598,1,0.0,0,0,1,1,1,0,0,0,0,0,0,0,1,72.09,24.1,0
3599,0,0.0,0,0,1,1,0,0,1,0,0,1,0,0,0,88.05,30.6,0
3600,0,0.0,0,0,1,1,1,0,0,0,0,0,0,0,1,55.47,19.8,0
3601,1,1.0,0,0,1,0,1,0,0,0,0,1,0,0,0,145.94,29.2,0
3602,0,1.0,0,1,1,0,0,0,1,0,0,0,1,0,0,239.21,33.7,0
3603,0,1.0,0,0,1,0,0,0,0,1,0,0,1,0,0,196.08,31.0,0
3604,1,0.0,0,0,1,0,1,0,0,0,0,0,0,1,0,93.93,21.5,0
3605,1,0.0,0,0,0,1,0,0,0,0,1,1,0,0,0,76.74,19.1,0
3606,1,1.0,0,0,1,1,0,0,1,0,0,1,0,0,0,83.74,21.4,0
3607,0,0.0,0,0,0,1,0,0,1,0,0,1,0,0,0,119.58,24.8,0
3608,1,0.0,0,0,0,0,0,0,1,0,0,0,0,1,0,68.66,35.1,0
3609,1,0.0,0,0,0,1,0,0,1,0,0,0,0,0,1,65.79,28.6,0
3610,1,0.0,0,0,1,1,1,0,0,0,0,0,0,1,0,176.38,35.7,0
3611,0,0.0,0,0,1,1,0,0,1,0,0,1,0,0,0,175.74,45.4,0
3612,1,1.0,0,1,0,1,0,0,1,0,0,0,0,1,0,193.45,34.5,0
3613,1,0.0,0,0,1,0,0,0,0,1,0,0,0,1,0,85.84,21.2,0
3614,0,1.0,0,0,1,0,0,0,0,1,0,0,1,0,0,93.85,22.7,0
3615,1,1.0,0,1,1,0,0,0,1,0,0,0,0,1,0,86.21,39.1,0
3616,1,0.0,0,0,0,0,0,0,0,0,1,1,0,0,0,75.41,21.9,0
3617,1,0.0,0,0,0,0,0,0,0,0,1,1,0,0,0,95.28,16.5,0
3618,1,0.0,0,0,0,1,0,0,1,0,0,0,0,1,0,95.87,23.0,0
3619,1,0.0,0,0,1,1,0,0,1,0,0,0,0,1,0,180.45,22.5,0
3620,1,0.0,0,0,0,1,0,0,0,0,1,1,0,0,0,95.39,20.4,0
3621,1,0.0,0,0,1,0,0,0,1,0,0,0,0,0,1,60.77,28.7,0
3622,1,0.0,0,0,1,1,1,0,0,0,0,0,0,1,0,102.84,22.4,0
3623,1,1.0,0,0,1,1,0,0,1,0,0,1,0,0,0,130.37,26.3,0
3624,1,0.0,0,0,0,1,0,0,1,0,0,0,0,1,0,65.44,23.6,0
3625,0,1.0,0,0,1,0,0,0,1,0,0,0,0,1,0,79.84,25.9,0
3626,0,1.0,0,0,1,0,0,0,1,0,0,0,0,1,0,62.61,30.7,0
3627,0,0.0,0,0,0,1,0,0,0,0,1,0,1,0,0,70.07,24.5,0
3628,1,0.0,0,0,1,0,0,0,1,0,0,1,0,0,0,108.8,24.0,0
3629,0,0.0,0,0,0,1,0,0,0,0,1,1,0,0,0,112.11,20.1,0
3630,1,0.0,0,0,1,0,0,0,1,0,0,0,0,1,0,92.35,38.0,0
3631,1,0.0,0,0,0,1,0,0,1,0,0,1,0,0,0,76.57,26.6,0
3632,1,0.0,0,0,1,1,0,0,1,0,0,0,0,1,0,69.5,24.5,0
3633,1,0.0,1,0,1,0,0,0,1,0,0,0,0,1,0,69.48,41.3,0
3634,0,0.0,0,0,1,1,1,0,0,0,0,0,0,0,1,89.18,34.8,0
3635,1,0.0,0,1,1,1,1,0,0,0,0,0,0,0,1,68.09,35.5,0
3636,1,0.0,0,0,0,0,0,0,1,0,0,1,0,0,0,92.71,24.1,0
3637,0,0.0,0,0,0,0,0,0,0,0,1,1,0,0,0,56.21,19.0,0
3638,1,0.0,0,0,0,1,0,0,0,0,1,1,0,0,0,82.56,16.6,0
3639,1,0.0,0,0,1,1,0,0,1,0,0,1,0,0,0,78.24,28.6,0
3640,1,1.0,0,0,1,0,1,0,0,0,0,0,0,1,0,84.66,22.4,0
3641,1,0.0,0,0,0,1,1,0,0,0,0,1,0,0,0,90.35,38.6,0
3642,0,0.0,0,0,1,0,1,0,0,0,0,1,0,0,0,68.12,32.0,0
3643,1,0.0,0,0,1,0,0,0,1,0,0,0,0,1,0,59.14,40.1,0
3644,1,0.0,0,0,1,1,1,0,0,0,0,0,1,0,0,85.64,32.0,0
3645,0,0.0,0,0,1,0,1,0,0,0,0,1,0,0,0,56.08,23.9,0
3646,1,0.0,0,0,0,0,0,0,1,0,0,0,0,1,0,99.0,25.0,0
3647,0,0.0,0,0,0,1,0,0,1,0,0,0,0,0,1,93.6,28.5,0
3648,1,0.0,0,0,0,1,0,0,0,0,1,1,0,0,0,105.75,19.8,0
3649,1,1.0,0,0,1,1,0,0,1,0,0,0,0,1,0,114.09,25.7,0
3650,0,1.0,1,0,1,1,0,0,1,0,0,0,0,0,1,57.42,28.0,0
3651,1,0.0,0,0,1,1,0,0,1,0,0,0,0,1,0,100.01,37.2,0
3652,0,0.0,0,0,0,1,0,0,1,0,0,0,1,0,0,62.0,24.8,0
3653,1,0.0,0,0,1,0,0,0,0,1,0,0,0,1,0,103.61,39.2,0
3654,1,0.0,0,0,1,0,0,0,1,0,0,0,0,0,1,118.46,61.6,0
3655,1,1.0,0,0,1,0,1,0,0,0,0,0,0,1,0,94.77,27.2,0
3656,1,0.0,0,0,1,1,0,0,1,0,0,0,0,1,0,72.12,38.0,0
3657,0,0.0,0,0,1,0,1,0,0,0,0,0,0,1,0,155.23,36.2,0
3658,0,0.0,0,0,0,1,0,0,0,0,1,1,0,0,0,90.6,16.6,0
3659,1,0.0,0,0,1,1,0,0,1,0,0,0,0,1,0,81.92,38.0,0
3660,1,0.0,0,0,0,0,0,0,0,1,0,0,0,1,0,67.1,31.4,0
3661,1,0.0,0,0,0,0,0,0,1,0,0,0,0,1,0,58.01,35.3,0
3662,1,0.0,0,0,1,0,0,0,1,0,0,0,0,1,0,173.9,35.8,0
3663,0,0.0,1,0,1,0,0,0,1,0,0,0,0,1,0,106.27,28.6,0
3664,0,0.0,0,0,0,0,0,0,1,0,0,1,0,0,0,60.57,34.0,0
3665,0,0.0,0,0,0,1,0,0,0,0,1,1,0,0,0,105.34,15.5,0
3666,1,0.0,0,0,0,0,0,0,1,0,0,0,0,1,0,96.28,31.1,0
3667,0,0.0,0,0,1,1,0,0,0,1,0,0,1,0,0,122.73,37.5,0
3668,0,0.0,0,0,0,1,0,0,0,1,0,1,0,0,0,104.12,37.7,0
3669,1,0.0,0,0,0,1,0,0,1,0,0,0,1,0,0,69.74,24.2,0
3670,1,0.0,0,0,1,0,0,0,1,0,0,1,0,0,0,106.95,33.4,0
3671,1,0.0,0,0,1,1,0,0,1,0,0,0,0,1,0,94.63,33.0,0
3672,1,0.0,0,0,1,1,0,0,1,0,0,1,0,0,0,86.97,25.7,0
3673,1,0.0,0,0,0,0,0,0,0,0,1,1,0,0,0,76.12,19.4,0
3674,1,0.0,0,0,1,1,1,0,0,0,0,0,0,1,0,99.94,33.4,0
3675,0,0.0,0,0,0,1,0,0,0,0,1,1,0,0,0,91.53,18.0,0
3676,0,1.0,0,0,1,0,0,0,1,0,0,0,0,1,0,145.46,40.1,0
3677,1,0.0,0,0,1,1,0,0,1,0,0,0,0,1,0,74.86,26.9,0
3678,1,0.0,0,0,0,1,0,0,0,0,1,1,0,0,0,74.42,22.5,0
3679,0,0.0,0,0,1,1,0,0,0,1,0,0,0,0,1,70.07,27.6,0
3680,0,0.0,0,0,0,1,0,0,0,0,1,1,0,0,0,89.85,23.3,0
3681,1,0.0,0,0,0,0,0,0,1,0,0,0,0,1,0,104.21,35.7,0
3682,1,0.0,0,0,1,0,0,0,0,1,0,0,0,1,0,157.77,28.4,0
3683,1,0.0,0,0,0,1,1,0,0,0,0,0,0,0,1,101.81,29.4,0
3684,0,1.0,0,0,1,0,1,0,0,0,0,1,0,0,0,103.0,31.9,0
3685,0,0.0,0,0,1,1,0,0,0,1,0,0,0,0,1,101.85,25.1,0
3686,0,0.0,0,0,0,1,0,0,1,0,0,0,0,0,1,85.92,35.6,0
3687,1,0.0,0,0,0,0,0,0,1,0,0,0,0,1,0,56.85,21.1,0
3688,0,0.0,0,0,0,1,0,0,0,0,1,1,0,0,0,89.04,17.8,0
3689,1,0.0,0,0,1,0,1,0,0,0,0,0,0,1,0,63.01,31.5,0
3690,0,0.0,0,0,1,0,0,0,1,0,0,1,0,0,0,65.48,26.6,0
3691,1,0.0,0,0,1,0,0,0,1,0,0,0,0,0,1,68.6,44.8,0
3692,0,1.0,1,0,1,1,0,0,1,0,0,0,1,0,0,81.68,31.3,0
3693,0,0.0,0,0,0,1,0,0,0,0,1,1,0,0,0,65.21,17.2,0
3694,1,1.0,0,0,1,1,1,0,0,0,0,0,0,0,1,72.53,25.3,0
3695,1,1.0,0,0,1,0,0,0,1,0,0,0,0,1,0,81.78,28.8,0
3696,1,0.0,0,0,0,0,0,0,1,0,0,0,0,0,1,116.85,49.9,0
3697,1,0.0,0,0,0,0,0,0,0,0,1,1,0,0,0,80.83,18.0,0
3698,1,0.0,0,0,1,1,0,0,1,0,0,0,0,1,0,96.21,23.5,0
3699,0,0.0,0,0,0,0,0,0,0,0,1,1,0,0,0,117.04,18.1,0
3700,1,1.0,1,0,1,0,0,0,1,0,0,0,1,0,0,78.26,41.7,0
3701,0,0.0,0,0,0,1,0,0,1,0,0,0,0,0,1,82.53,20.7,0
3702,0,0.0,0,0,0,1,0,0,1,0,0,0,0,0,1,71.25,30.3,0
3703,0,0.0,0,0,1,0,0,0,1,0,0,0,0,1,0,129.73,27.8,0
3704,1,0.0,0,0,0,1,0,0,0,0,1,1,0,0,0,115.47,18.9,0
3705,0,0.0,0,0,0,1,0,0,1,0,0,1,0,0,0,56.79,20.4,0
3706,1,1.0,0,0,1,1,0,0,1,0,0,1,0,0,0,100.16,31.8,0
3707,1,0.0,0,0,1,0,1,0,0,0,0,0,0,0,1,97.6,44.8,0
3708,1,0.0,0,0,0,0,0,0,1,0,0,1,0,0,0,90.54,37.1,0
3709,1,0.0,0,0,1,1,0,0,0,1,0,0,0,0,1,105.88,39.9,0
3710,0,1.0,1,1,1,0,1,0,0,0,0,0,1,0,0,217.94,24.1,0
3711,1,0.0,0,0,0,1,0,0,0,0,1,1,0,0,0,69.89,18.1,0
3712,0,0.0,0,0,1,1,1,0,0,0,0,0,0,1,0,93.28,36.3,0
3713,1,0.0,0,1,1,0,0,0,1,0,0,0,0,0,1,111.27,19.1,0
3714,1,0.0,0,0,1,1,0,0,1,0,0,0,0,1,0,91.04,21.1,0
3715,0,0.0,0,0,0,1,0,0,1,0,0,0,0,0,1,87.2,28.9,0
3716,0,0.0,0,0,0,0,0,0,0,0,1,1,0,0,0,109.12,18.9,0
3717,1,1.0,0,0,0,1,0,0,1,0,0,0,1,0,0,216.64,43.3,0
3718,0,0.0,1,0,1,0,0,0,0,1,0,0,1,0,0,74.28,37.2,0
3719,0,1.0,0,0,1,1,0,0,0,1,0,1,0,0,0,57.6,32.2,0
3720,0,0.0,0,0,1,1,1,0,0,0,0,1,0,0,0,173.97,26.3,0
3721,1,0.0,0,0,1,0,0,0,1,0,0,0,0,0,1,65.25,25.4,0
3722,1,0.0,0,0,0,1,0,0,0,0,1,1,0,0,0,80.92,18.3,0
3723,1,0.0,0,0,1,0,0,0,1,0,0,0,0,1,0,124.37,21.4,0
3724,1,0.0,0,0,0,1,0,0,1,0,0,0,0,0,1,102.39,22.9,0
3725,0,0.0,0,0,0,0,0,0,0,0,1,1,0,0,0,90.42,16.2,0
3726,0,1.0,1,0,1,0,0,0,1,0,0,1,0,0,0,79.17,29.6,0
3727,1,1.0,0,0,1,1,0,0,0,1,0,0,0,1,0,71.08,21.5,0
3728,1,1.0,1,0,1,1,0,0,1,0,0,0,0,1,0,81.54,24.2,0
3729,0,0.0,0,0,0,1,0,0,1,0,0,0,0,1,0,159.67,37.3,0
3730,1,0.0,0,0,1,1,0,0,1,0,0,0,0,0,1,93.96,33.3,0
3731,0,1.0,0,0,1,1,0,0,1,0,0,0,0,1,0,103.01,33.1,0
3732,1,0.0,0,0,1,0,1,0,0,0,0,0,0,1,0,92.49,22.2,0
3733,0,1.0,0,0,1,1,0,0,1,0,0,0,1,0,0,208.85,24.4,0
3734,0,0.0,0,0,1,1,1,0,0,0,0,1,0,0,0,122.39,30.3,0
3735,1,0.0,0,0,1,0,0,0,1,0,0,1,0,0,0,65.91,28.2,0
3736,1,0.0,0,0,0,0,0,0,0,0,1,1,0,0,0,70.25,17.0,0
3737,0,0.0,0,0,1,1,0,0,1,0,0,1,0,0,0,219.7,53.8,0
3738,0,0.0,0,0,1,1,1,0,0,0,0,0,1,0,0,65.7,30.4,0
3739,1,0.0,0,0,1,1,0,0,1,0,0,1,0,0,0,67.08,22.3,0
3740,0,0.0,0,0,1,0,1,0,0,0,0,0,0,1,0,107.58,25.3,0
3741,1,1.0,0,0,1,0,0,0,1,0,0,0,0,1,0,95.87,29.8,0
3742,0,1.0,0,0,1,1,0,0,1,0,0,0,1,0,0,68.17,43.8,0
3743,1,1.0,0,0,1,1,0,0,1,0,0,0,0,0,1,95.37,34.5,0
3744,0,0.0,0,0,0,1,0,0,1,0,0,0,0,1,0,90.0,25.5,0
3745,0,1.0,0,0,1,0,0,0,0,1,0,0,0,0,1,106.1,31.5,0
3746,1,1.0,1,0,1,0,0,0,1,0,0,1,0,0,0,56.13,39.2,0
3747,1,0.0,0,0,1,0,0,0,1,0,0,0,0,0,1,104.03,47.3,0
3748,1,0.0,0,0,0,0,0,0,0,0,1,1,0,0,0,157.01,17.0,0
3749,1,1.0,0,0,1,1,0,0,1,0,0,0,0,1,0,84.35,38.2,0
3750,0,1.0,0,0,1,0,0,0,1,0,0,0,0,1,0,67.99,31.1,0
3751,0,0.0,0,0,0,0,0,0,1,0,0,0,0,1,0,118.93,22.4,0
3752,1,1.0,0,0,1,0,0,0,1,0,0,0,0,0,1,185.28,32.0,0
3753,0,0.0,0,0,1,0,0,0,1,0,0,1,0,0,0,82.08,24.7,0
3754,1,1.0,0,0,1,1,0,0,1,0,0,1,0,0,0,88.32,36.3,0
3755,0,0.0,0,0,0,0,0,0,0,0,1,1,0,0,0,85.16,20.2,0
3756,0,0.0,0,0,0,0,0,0,1,0,0,0,0,1,0,69.54,27.4,0
3757,1,0.0,0,0,1,0,1,0,0,0,0,0,0,1,0,62.12,29.6,0
3758,1,1.0,1,0,0,0,0,0,0,1,0,0,1,0,0,198.3,54.3,0
3759,1,0.0,0,0,0,0,0,0,1,0,0,0,0,1,0,100.06,28.6,0
3760,1,0.0,0,0,1,1,1,0,0,0,0,0,1,0,0,101.13,43.9,0
3761,1,0.0,0,0,1,0,0,0,1,0,0,0,0,1,0,91.09,22.2,0
3762,1,0.0,0,0,1,0,0,0,0,1,0,1,0,0,0,61.54,28.4,0
3763,1,0.0,0,0,1,1,0,0,1,0,0,0,0,0,1,62.02,23.7,0
3764,1,0.0,0,0,0,1,0,0,0,0,1,1,0,0,0,103.11,18.3,0
3765,1,0.0,0,0,0,0,0,0,0,0,1,1,0,0,0,77.57,18.3,0
3766,0,1.0,0,0,1,1,0,0,1,0,0,0,0,1,0,97.34,28.9,0
3767,1,0.0,0,0,1,0,0,0,1,0,0,1,0,0,0,67.1,27.1,0
3768,0,0.0,0,0,0,1,0,0,0,0,1,1,0,0,0,79.89,13.8,0
3769,0,0.0,1,0,1,0,0,0,1,0,0,0,0,0,1,206.66,21.9,0
3770,0,0.0,0,0,0,1,0,0,1,0,0,1,0,0,0,95.79,24.0,0
3771,1,0.0,0,0,0,0,0,0,0,0,1,1,0,0,0,93.51,20.8,0
3772,0,1.0,0,0,1,1,0,0,0,1,0,0,1,0,0,116.78,39.8,0
3773,0,1.0,0,0,1,0,0,0,0,1,0,0,0,1,0,117.63,26.2,0
3774,1,0.0,0,0,1,0,0,0,1,0,0,1,0,0,0,60.01,43.9,0
3775,0,0.0,0,0,0,0,0,0,1,0,0,1,0,0,0,64.6,27.3,0
3776,1,0.0,0,0,0,1,0,0,1,0,0,0,1,0,0,71.63,22.0,0
3777,1,0.0,0,0,1,1,0,0,0,1,0,0,1,0,0,87.79,40.0,0
3778,1,0.0,0,0,1,0,1,0,0,0,0,0,1,0,0,99.64,20.1,0
3779,1,0.0,0,0,0,0,0,0,1,0,0,0,0,1,0,86.53,42.2,0
3780,0,0.0,0,0,0,1,0,0,1,0,0,1,0,0,0,200.68,25.8,0
3781,1,0.0,0,0,1,1,0,0,0,1,0,0,0,1,0,98.37,27.2,0
3782,0,0.0,0,0,0,0,0,0,1,0,0,0,0,0,1,117.98,30.9,0
3783,1,0.0,0,0,0,1,0,0,1,0,0,0,1,0,0,218.6,47.9,0
3784,1,0.0,0,0,1,1,0,0,1,0,0,0,0,0,1,101.3,33.1,0
3785,0,0.0,0,0,1,1,0,0,1,0,0,0,0,1,0,79.51,37.8,0
3786,1,1.0,0,0,1,1,0,0,0,1,0,0,0,1,0,223.26,25.4,0
3787,0,1.0,0,0,1,0,0,0,1,0,0,0,0,1,0,97.22,28.4,0
3788,1,0.0,0,0,0,0,0,0,1,0,0,0,0,1,0,172.27,16.6,0
3789,1,0.0,1,0,1,1,0,0,1,0,0,0,0,0,1,221.83,35.1,0
3790,0,0.0,0,0,0,1,0,0,1,0,0,1,0,0,0,74.61,32.7,0
3791,1,1.0,0,0,1,0,0,0,1,0,0,1,0,0,0,60.91,29.8,0
3792,0,0.0,0,0,0,0,0,0,0,0,1,1,0,0,0,69.79,13.0,0
3793,0,0.0,0,0,0,1,1,0,0,0,0,0,1,0,0,83.6,27.5,0
3794,0,0.0,0,0,0,1,0,0,0,0,1,1,0,0,0,83.95,23.6,0
3795,1,0.0,0,0,0,0,0,0,1,0,0,0,0,0,1,77.5,36.9,0
3796,0,0.0,0,0,0,1,0,1,0,0,0,1,0,0,0,64.29,16.7,0
3797,0,0.0,0,0,1,0,0,0,0,1,0,0,0,1,0,61.1,26.5,0
3798,0,0.0,1,0,1,0,0,0,1,0,0,0,0,1,0,100.71,37.0,0
3799,1,1.0,0,0,1,1,0,0,0,1,0,1,0,0,0,65.21,27.7,0
3800,0,0.0,0,0,1,0,0,0,1,0,0,1,0,0,0,119.77,23.5,0
3801,1,0.0,0,0,1,0,0,0,1,0,0,0,1,0,0,102.39,40.4,0
3802,0,0.0,0,0,0,1,0,0,1,0,0,0,0,1,0,59.67,27.7,0
3803,0,1.0,0,0,1,0,0,0,1,0,0,0,0,1,0,83.16,28.3,0
3804,1,0.0,0,0,1,0,0,0,1,0,0,0,0,0,1,218.1,55.0,0
3805,0,1.0,0,0,1,0,1,0,0,0,0,1,0,0,0,76.45,28.7,0
3806,1,0.0,0,0,1,0,0,0,1,0,0,1,0,0,0,200.46,25.0,0
3807,1,0.0,0,0,1,1,0,0,1,0,0,0,1,0,0,95.7,24.8,0
3808,1,0.0,0,0,1,0,0,0,0,1,0,0,0,1,0,70.23,35.5,0
3809,1,0.0,0,0,1,1,0,0,0,1,0,1,0,0,0,75.15,25.0,0
3810,0,0.0,0,0,0,0,0,0,0,0,1,1,0,0,0,95.8,17.3,0
3811,1,0.0,0,0,1,1,1,0,0,0,0,1,0,0,0,90.67,37.8,0
3812,0,0.0,0,0,1,0,0,0,0,1,0,0,1,0,0,84.79,32.8,0
3813,0,1.0,0,0,1,1,0,0,1,0,0,1,0,0,0,147.5,28.7,0
3814,1,0.0,0,0,0,0,0,0,1,0,0,0,1,0,0,134.12,28.8,0
3815,1,0.0,0,0,1,1,0,0,1,0,0,0,0,1,0,82.62,28.4,0
3816,0,0.0,0,0,1,0,0,0,1,0,0,0,1,0,0,125.11,24.9,0
3817,1,0.0,0,0,1,1,0,0,1,0,0,0,1,0,0,92.14,29.6,0
3818,1,1.0,1,1,1,1,0,0,1,0,0,0,1,0,0,217.79,26.1,0
3819,0,0.0,0,0,1,0,0,0,1,0,0,0,0,0,1,95.62,29.5,0
3820,0,0.0,0,0,1,0,0,0,1,0,0,0,0,1,0,93.8,23.9,0
3821,0,1.0,0,1,1,0,0,0,1,0,0,0,0,0,1,90.61,25.8,0
3822,1,0.0,0,0,1,1,0,0,1,0,0,0,0,1,0,139.2,36.2,0
3823,1,0.0,0,0,1,0,0,0,1,0,0,0,1,0,0,77.01,31.3,0
3824,1,0.0,0,0,1,1,0,0,1,0,0,0,0,1,0,105.26,26.1,0
3825,0,0.0,0,0,0,0,0,0,0,0,1,1,0,0,0,68.35,19.1,0
3826,1,0.0,0,0,0,0,0,0,1,0,0,0,0,1,0,99.07,17.6,0
3827,1,0.0,0,0,0,0,0,0,1,0,0,1,0,0,0,147.74,21.4,0
3828,1,0.0,0,0,1,1,1,0,0,0,0,1,0,0,0,61.29,24.0,0
3829,0,0.0,0,0,1,0,1,0,0,0,0,0,0,1,0,98.92,25.5,0
3830,1,0.0,0,0,0,1,0,0,0,0,1,1,0,0,0,90.74,19.9,0
3831,0,0.0,0,0,0,0,0,0,0,0,1,1,0,0,0,159.79,19.9,0
3832,0,0.0,0,0,1,0,0,0,1,0,0,0,0,1,0,233.47,35.5,0
3833,1,0.0,0,0,0,1,1,0,0,0,0,0,0,0,1,85.53,26.9,0
3834,1,0.0,0,0,1,1,0,0,0,1,0,0,0,1,0,76.7,24.2,0
3835,0,0.0,0,0,1,0,0,0,1,0,0,0,0,1,0,67.87,30.0,0
3836,0,0.0,0,0,1,1,0,0,1,0,0,0,0,1,0,77.26,30.9,0
3837,0,0.0,1,0,1,0,0,0,1,0,0,0,0,1,0,91.28,26.5,0
3838,0,0.0,0,0,1,1,1,0,0,0,0,0,0,1,0,129.19,30.6,0
3839,1,1.0,0,0,1,1,1,0,0,0,0,0,1,0,0,97.86,19.1,0
3840,1,0.0,0,0,0,0,1,0,0,0,0,0,1,0,0,112.33,23.2,0
3841,1,0.0,0,0,1,0,0,0,1,0,0,0,0,0,1,110.41,30.5,0
3842,0,0.0,0,0,0,0,0,0,0,0,1,1,0,0,0,91.58,15.8,0
3843,0,0.0,0,0,0,1,0,0,0,0,1,0,0,1,0,58.86,16.9,0
3844,0,0.0,0,0,0,0,0,0,0,0,1,1,0,0,0,76.88,18.0,0
3845,0,0.0,0,0,0,1,0,0,0,0,1,1,0,0,0,109.52,13.9,0
3846,1,1.0,1,0,1,1,0,0,0,1,0,0,0,1,0,181.23,36.7,0
3847,1,0.0,0,0,1,1,0,0,1,0,0,0,1,0,0,103.58,30.8,0
3848,1,0.0,0,0,1,0,0,0,0,1,0,0,0,1,0,81.96,34.6,0
3849,0,0.0,0,0,0,0,0,0,0,0,1,1,0,0,0,104.55,16.3,0
3850,1,1.0,0,0,1,1,1,0,0,0,0,0,1,0,0,76.12,38.2,0
3851,1,0.0,0,0,1,0,1,0,0,0,0,0,0,1,0,64.27,27.3,0
3852,1,0.0,0,0,1,0,0,0,1,0,0,0,0,0,1,200.98,30.4,0
3853,0,0.0,0,0,1,1,1,0,0,0,0,0,0,1,0,101.96,34.5,0
3854,0,0.0,0,0,0,0,0,0,0,0,1,1,0,0,0,84.17,17.4,0
3855,1,0.0,0,0,1,0,0,0,1,0,0,0,0,1,0,85.79,32.0,0
3856,1,1.0,0,0,1,1,0,0,1,0,0,1,0,0,0,71.46,33.4,0
3857,0,1.0,1,0,1,0,0,0,0,1,0,0,0,0,1,95.49,40.2,0
3858,1,1.0,0,0,1,0,0,0,1,0,0,0,0,0,1,87.62,30.1,0
3859,1,0.0,0,0,0,0,0,0,1,0,0,0,0,0,1,118.55,46.2,0
3860,1,0.0,0,0,1,1,0,0,0,1,0,0,0,0,1,82.14,35.6,0
3861,1,0.0,0,0,1,1,0,0,1,0,0,0,0,0,1,219.67,29.4,0
3862,0,0.0,0,0,1,1,0,0,1,0,0,0,0,1,0,135.84,27.3,0
3863,0,0.0,0,0,0,0,0,0,0,0,1,1,0,0,0,74.83,17.4,0
3864,1,0.0,0,0,0,1,0,0,0,0,1,1,0,0,0,60.37,26.9,0
3865,0,0.0,0,0,0,0,0,0,0,0,1,1,0,0,0,67.28,17.7,0
3866,0,0.0,0,0,0,0,0,0,1,0,0,1,0,0,0,77.79,23.6,0
3867,1,0.0,0,0,0,0,0,0,0,0,1,1,0,0,0,88.51,27.7,0
3868,1,0.0,0,0,1,1,0,0,0,1,0,0,0,0,1,90.38,38.0,0
3869,0,0.0,0,0,1,1,1,0,0,0,0,0,0,1,0,156.69,35.2,0
3870,1,1.0,0,0,1,1,0,0,1,0,0,0,1,0,0,158.9,32.4,0
3871,0,0.0,0,0,1,1,0,0,1,0,0,0,1,0,0,247.97,36.1,0
3872,1,1.0,0,1,1,0,0,0,1,0,0,0,0,1,0,114.71,30.6,0
3873,1,0.0,0,0,0,0,0,0,1,0,0,0,0,1,0,58.55,29.0,0
3874,0,0.0,0,0,1,1,1,0,0,0,0,0,0,1,0,231.15,22.3,0
3875,1,1.0,0,0,1,1,0,0,0,1,0,0,1,0,0,68.18,27.3,0
3876,1,0.0,0,0,0,0,0,0,0,0,1,1,0,0,0,118.75,17.4,0
3877,1,0.0,0,1,0,0,0,0,1,0,0,0,1,0,0,186.54,39.0,0
3878,0,1.0,0,1,1,0,0,0,1,0,0,0,0,1,0,96.14,26.7,0
3879,0,0.0,0,0,0,1,0,0,0,0,1,1,0,0,0,69.52,24.2,0
3880,1,0.0,0,0,1,0,0,0,1,0,0,0,0,0,1,101.93,22.8,0
3881,0,0.0,0,0,0,1,0,0,1,0,0,1,0,0,0,71.58,25.6,0
3882,0,0.0,0,0,1,1,0,0,1,0,0,0,0,0,1,83.1,21.9,0
3883,1,1.0,0,0,1,0,0,0,0,1,0,0,0,1,0,110.96,25.9,0
3884,0,0.0,0,0,1,1,1,0,0,0,0,1,0,0,0,122.83,30.6,0
3885,1,1.0,0,0,1,1,0,0,1,0,0,0,1,0,0,91.65,25.7,0
3886,1,0.0,0,0,0,1,0,0,1,0,0,1,0,0,0,84.1,33.3,0
3887,1,0.0,0,0,0,0,0,0,1,0,0,0,0,0,1,118.85,23.8,0
3888,0,0.0,0,0,0,1,0,0,0,0,1,1,0,0,0,89.32,17.2,0
3889,0,1.0,0,0,0,1,0,0,0,1,0,1,0,0,0,128.72,31.0,0
3890,1,0.0,0,0,1,1,0,0,1,0,0,0,0,1,0,98.05,24.7,0
3891,1,0.0,0,0,0,1,0,1,0,0,0,0,0,1,0,102.1,27.1,0
3892,0,1.0,0,0,1,1,0,0,0,1,0,0,0,0,1,96.19,38.3,0
3893,1,0.0,1,0,1,1,0,0,1,0,0,0,1,0,0,98.07,50.9,0
3894,1,1.0,0,0,1,0,0,0,1,0,0,0,1,0,0,71.4,29.2,0
3895,1,1.0,0,0,1,0,0,0,0,1,0,0,1,0,0,82.27,23.6,0
3896,1,1.0,0,0,1,0,1,0,0,0,0,0,0,1,0,158.33,33.5,0
3897,1,0.0,0,0,0,0,0,0,0,0,1,1,0,0,0,102.5,16.3,0
3898,1,0.0,0,0,1,1,0,0,1,0,0,1,0,0,0,72.18,30.8,0
3899,0,0.0,0,0,1,1,1,0,0,0,0,0,0,1,0,95.94,31.1,0
3900,0,0.0,0,0,0,0,0,0,0,1,0,0,1,0,0,87.15,26.4,0
3901,1,0.0,0,0,0,1,0,0,0,0,1,0,1,0,0,82.59,18.6,0
3902,1,0.0,0,0,1,0,0,0,1,0,0,0,1,0,0,89.31,37.3,0
3903,0,0.0,0,0,1,0,0,0,1,0,0,0,0,1,0,64.84,26.6,0
3904,0,0.0,0,0,0,1,0,0,0,0,1,1,0,0,0,107.52,17.6,0
3905,1,0.0,0,0,1,1,0,0,0,1,0,1,0,0,0,92.76,22.3,0
3906,0,0.0,0,0,0,1,0,0,0,0,1,1,0,0,0,79.16,20.2,0
3907,0,0.0,0,1,1,1,0,0,1,0,0,0,0,1,0,87.0,30.9,0
3908,0,1.0,0,1,1,0,0,0,1,0,0,0,0,1,0,145.25,31.5,0
3909,1,0.0,0,0,0,1,0,0,0,0,1,1,0,0,0,125.14,29.7,0
3910,1,1.0,0,1,1,0,0,0,0,1,0,1,0,0,0,88.6,32.5,0
3911,0,0.0,0,0,1,1,1,0,0,0,0,1,0,0,0,57.59,32.8,0
3912,1,0.0,0,0,1,1,1,0,0,0,0,0,0,1,0,59.43,25.4,0
3913,1,0.0,0,0,0,0,1,0,0,0,0,1,0,0,0,65.43,27.2,0
3914,0,0.0,0,0,1,1,1,0,0,0,0,0,0,0,1,154.03,31.6,0
3915,1,0.0,0,0,1,0,0,0,0,1,0,0,0,1,0,139.81,39.6,0
3916,0,1.0,0,0,1,1,0,0,0,1,0,0,1,0,0,111.81,19.8,0
3917,1,0.0,0,0,1,1,0,0,0,1,0,0,0,1,0,106.84,29.6,0
3918,1,1.0,0,1,1,0,0,0,1,0,0,0,1,0,0,221.06,25.5,0
3919,0,0.0,0,0,1,1,0,0,0,1,0,0,1,0,0,69.97,25.8,0
3920,0,0.0,0,0,1,0,0,0,1,0,0,0,1,0,0,77.07,32.1,0
3921,0,1.0,0,0,0,1,0,0,1,0,0,1,0,0,0,59.49,25.6,0
3922,1,0.0,0,0,0,0,0,0,1,0,0,0,0,1,0,109.39,26.3,0
3923,1,1.0,0,0,1,0,0,0,1,0,0,1,0,0,0,93.97,39.4,0
3924,1,1.0,0,0,1,1,1,0,0,0,0,0,0,1,0,163.17,25.6,0
3925,1,0.0,0,0,0,1,0,0,0,1,0,1,0,0,0,124.39,34.0,0
3926,1,1.0,0,0,1,1,0,0,1,0,0,0,0,1,0,212.62,35.8,0
3927,1,0.0,0,0,0,1,0,0,0,1,0,0,0,0,1,128.63,24.9,0
3928,0,0.0,0,0,1,1,1,0,0,0,0,0,0,1,0,84.1,29.3,0
3929,1,0.0,0,0,1,1,0,0,0,1,0,1,0,0,0,77.6,23.4,0
3930,0,0.0,0,0,1,1,0,0,1,0,0,1,0,0,0,70.51,24.5,0
3931,0,0.0,0,0,1,0,0,0,1,0,0,1,0,0,0,109.19,29.8,0
3932,0,1.0,0,0,1,0,0,0,0,1,0,1,0,0,0,55.23,28.9,0
3933,1,0.0,0,0,1,1,0,0,1,0,0,0,0,1,0,120.15,27.3,0
3934,1,0.0,0,0,1,1,0,0,1,0,0,0,0,1,0,72.16,23.2,0
3935,0,0.0,0,0,1,0,0,0,1,0,0,1,0,0,0,95.89,34.2,0
3936,0,0.0,0,0,0,1,0,0,1,0,0,0,0,0,1,64.68,23.3,0
3937,1,0.0,0,0,0,0,0,0,1,0,0,0,1,0,0,70.51,26.9,0
3938,1,0.0,0,0,1,0,0,0,0,1,0,0,0,1,0,81.77,21.8,0
3939,1,0.0,0,0,1,1,1,0,0,0,0,0,0,1,0,66.47,26.9,0
3940,1,0.0,0,0,1,0,1,0,0,0,0,0,0,1,0,146.08,29.9,0
3941,1,0.0,0,0,1,1,0,0,1,0,0,0,0,1,0,91.68,22.4,0
3942,1,0.0,0,0,1,0,0,0,1,0,0,0,0,1,0,108.96,27.5,0
3943,0,1.0,0,0,1,1,0,0,0,1,0,0,0,1,0,113.41,35.0,0
3944,0,0.0,0,0,1,1,0,0,1,0,0,0,0,1,0,111.08,27.9,0
3945,0,1.0,0,1,1,1,0,0,1,0,0,1,0,0,0,217.74,25.5,0
3946,1,0.0,0,0,1,0,0,0,1,0,0,0,0,1,0,78.5,28.6,0
3947,0,1.0,0,0,1,1,0,0,1,0,0,0,1,0,0,89.06,34.8,0
3948,1,0.0,0,0,1,1,0,0,1,0,0,1,0,0,0,74.8,50.6,0
3949,0,0.0,0,0,1,0,1,0,0,0,0,0,0,1,0,80.2,30.9,0
3950,1,0.0,0,0,0,0,0,0,0,0,1,1,0,0,0,76.52,14.8,0
3951,1,1.0,0,0,1,0,0,0,0,1,0,0,1,0,0,208.99,31.4,0
3952,1,0.0,0,0,1,1,0,0,1,0,0,0,0,0,1,99.72,22.3,0
3953,0,0.0,0,0,0,1,0,0,0,0,1,1,0,0,0,102.97,19.1,0
3954,0,0.0,1,0,1,0,0,0,1,0,0,1,0,0,0,197.36,27.4,0
3955,0,0.0,0,0,0,1,0,0,0,0,1,1,0,0,0,98.56,17.5,0
3956,1,0.0,0,0,1,1,0,0,1,0,0,0,0,1,0,86.06,36.2,0
3957,0,1.0,0,0,1,1,0,0,0,1,0,0,0,0,1,123.08,25.4,0
3958,0,1.0,0,1,0,1,0,0,1,0,0,0,0,0,1,75.0,25.7,0
3959,1,0.0,0,0,1,0,0,0,1,0,0,0,0,0,1,105.9,28.6,0
3960,1,1.0,0,0,1,1,0,0,0,1,0,0,0,1,0,73.87,33.7,0
3961,0,0.0,0,0,1,0,0,0,1,0,0,0,0,1,0,78.04,37.9,0
3962,0,0.0,0,0,0,1,0,0,1,0,0,1,0,0,0,107.74,28.4,0
3963,1,0.0,0,0,1,0,0,0,1,0,0,0,0,1,0,60.64,20.0,0
3964,1,0.0,0,0,1,0,0,0,1,0,0,0,0,1,0,82.57,29.1,0
3965,1,0.0,0,0,1,0,0,0,1,0,0,1,0,0,0,115.98,27.6,0
3966,0,0.0,0,0,1,0,0,0,0,1,0,0,1,0,0,110.38,27.6,0
3967,0,0.0,0,0,1,0,0,0,1,0,0,1,0,0,0,92.59,24.2,0
3968,0,0.0,0,0,1,1,0,0,1,0,0,0,0,1,0,82.64,31.0,0
3969,0,1.0,0,1,0,1,1,0,0,0,0,0,0,1,0,70.28,34.5,0
3970,0,0.0,0,0,0,1,1,0,0,0,0,0,0,1,0,106.54,27.0,0
3971,1,1.0,1,1,1,1,0,0,0,1,0,0,1,0,0,59.11,20.7,0
3972,0,0.0,0,0,1,0,0,0,1,0,0,0,1,0,0,58.89,26.1,0
3973,0,0.0,0,0,0,1,0,0,0,0,1,1,0,0,0,129.66,19.2,0
3974,0,0.0,0,0,1,0,0,0,0,1,0,0,0,0,1,73.57,28.0,0
3975,0,1.0,1,0,1,1,0,0,0,1,0,0,1,0,0,72.04,23.6,0
3976,1,0.0,0,0,1,0,0,0,1,0,0,1,0,0,0,125.63,57.2,0
3977,1,0.0,1,0,1,0,0,0,1,0,0,0,0,1,0,77.94,33.0,0
3978,1,0.0,0,0,1,1,0,0,1,0,0,0,0,1,0,68.99,22.2,0
3979,1,0.0,0,0,0,0,0,0,0,0,1,1,0,0,0,111.76,24.8,0
3980,0,0.0,0,0,0,0,0,0,1,0,0,0,0,1,0,65.36,24.7,0
3981,1,0.0,0,0,0,1,0,0,1,0,0,0,0,1,0,80.27,27.9,0
3982,1,0.0,0,0,0,1,0,1,0,0,0,0,0,1,0,81.73,21.6,0
3983,0,0.0,0,0,1,0,0,0,1,0,0,0,0,0,1,79.22,34.8,0
3984,1,1.0,0,1,1,1,0,0,0,1,0,0,0,0,1,142.63,32.9,0
3985,1,0.0,0,0,1,0,0,0,1,0,0,1,0,0,0,97.05,28.0,0
3986,0,1.0,0,1,1,0,0,0,1,0,0,0,0,0,1,70.38,25.0,0
3987,0,0.0,0,0,1,0,0,0,1,0,0,0,1,0,0,114.46,24.7,0
3988,1,0.0,0,0,1,1,0,0,1,0,0,0,0,1,0,64.62,27.3,0
3989,1,0.0,0,0,1,1,0,0,1,0,0,1,0,0,0,94.12,34.2,0
3990,1,0.0,0,0,1,0,0,0,1,0,0,0,0,0,1,70.19,39.1,0
3991,1,0.0,0,0,0,1,0,0,0,0,1,1,0,0,0,55.35,22.7,0
3992,0,0.0,0,0,1,1,0,0,1,0,0,0,1,0,0,115.52,33.9,0
3993,0,0.0,0,0,0,1,0,0,0,0,1,1,0,0,0,60.7,18.6,0
3994,0,0.0,0,0,0,1,0,0,0,0,1,1,0,0,0,69.24,16.7,0
3995,1,0.0,0,0,1,1,0,0,0,1,0,0,0,1,0,103.29,20.6,0
3996,1,0.0,0,0,1,0,0,0,1,0,0,1,0,0,0,92.74,20.1,0
3997,0,0.0,0,0,1,0,0,0,1,0,0,0,0,1,0,232.64,45.2,0
3998,0,0.0,0,0,1,1,1,0,0,0,0,0,0,0,1,82.46,25.3,0
3999,1,1.0,0,0,1,1,1,0,0,0,0,0,0,1,0,63.57,32.4,0
4000,0,1.0,0,0,1,1,0,0,0,1,0,0,0,1,0,73.24,34.9,0
4001,0,0.0,0,0,1,1,0,0,1,0,0,0,0,0,1,78.43,43.7,0
4002,1,0.0,0,0,1,1,0,0,1,0,0,0,0,0,1,57.46,23.0,0
4003,1,0.0,0,0,0,0,0,0,1,0,0,0,0,1,0,104.16,21.5,0
4004,1,1.0,0,0,1,0,0,0,0,1,0,0,0,1,0,110.42,24.9,0
4005,1,0.0,0,0,1,0,0,0,1,0,0,0,0,1,0,119.4,22.9,0
4006,1,1.0,0,0,1,1,0,0,1,0,0,0,0,1,0,119.13,25.0,0
4007,1,0.0,0,0,0,0,0,0,1,0,0,0,0,1,0,120.22,21.3,0
4008,1,0.0,0,0,1,1,0,0,1,0,0,0,0,1,0,80.8,46.1,0
4009,1,0.0,0,0,1,0,0,0,1,0,0,0,0,1,0,57.96,64.4,0
4010,1,0.0,0,0,1,1,0,0,1,0,0,0,0,1,0,81.24,37.0,0
4011,1,0.0,0,0,0,1,0,0,0,0,1,0,0,1,0,88.79,21.3,0
4012,1,0.0,0,0,1,0,0,0,1,0,0,0,0,1,0,70.91,28.3,0
4013,1,0.0,0,0,0,0,0,0,1,0,0,0,0,0,1,87.12,31.1,0
4014,1,0.0,0,0,0,1,0,0,1,0,0,1,0,0,0,126.09,25.1,0
4015,1,0.0,0,0,1,1,0,0,1,0,0,0,0,0,1,76.42,27.6,0
4016,0,0.0,0,0,0,0,0,0,1,0,0,1,0,0,0,56.33,29.4,0
4017,1,0.0,0,0,0,0,0,0,0,0,1,1,0,0,0,131.81,14.1,0
4018,0,0.0,0,1,1,0,0,0,1,0,0,0,0,0,1,95.23,35.2,0
4019,0,1.0,0,0,1,1,0,0,0,1,0,0,1,0,0,71.18,23.9,0
4020,1,0.0,0,0,1,0,0,0,1,0,0,0,1,0,0,87.71,34.0,0
4021,1,0.0,0,0,1,0,0,0,0,1,0,1,0,0,0,115.68,27.1,0
4022,0,0.0,0,0,1,0,0,0,1,0,0,0,1,0,0,207.37,29.5,0
4023,1,0.0,0,0,0,0,0,0,0,0,1,1,0,0,0,75.1,20.7,0
4024,1,0.0,0,0,1,0,0,0,1,0,0,0,0,0,1,69.72,39.5,0
4025,0,0.0,0,0,1,1,0,0,1,0,0,1,0,0,0,111.84,33.7,0
4026,1,0.0,0,0,0,0,0,0,0,0,1,0,0,1,0,111.08,23.2,0
4027,0,0.0,0,0,1,0,0,0,1,0,0,1,0,0,0,201.96,30.1,0
4028,1,0.0,0,0,1,1,1,0,0,0,0,0,0,1,0,68.68,28.8,0
4029,0,0.0,1,0,1,0,0,0,1,0,0,0,0,1,0,56.9,92.0,0
4030,1,0.0,0,0,0,1,0,0,0,0,1,0,0,1,0,91.16,38.0,0
4031,1,1.0,0,1,0,1,0,0,0,1,0,1,0,0,0,99.44,27.7,0
4032,0,0.0,0,0,1,1,0,0,1,0,0,0,0,1,0,78.85,43.2,0
4033,1,0.0,0,0,0,0,0,0,1,0,0,0,0,0,1,123.89,24.1,0
4034,0,0.0,0,0,1,0,0,0,0,1,0,0,0,1,0,90.44,28.7,0
4035,1,0.0,0,0,0,0,0,0,0,0,1,1,0,0,0,138.44,34.8,0
4036,1,0.0,0,0,0,1,0,0,1,0,0,0,0,1,0,75.06,23.5,0
4037,0,1.0,1,0,1,0,0,0,0,1,0,0,0,1,0,85.66,28.5,0
4038,1,0.0,0,0,0,1,0,0,0,0,1,1,0,0,0,102.76,20.3,0
4039,1,0.0,0,0,1,1,1,0,0,0,0,0,1,0,0,71.79,43.0,0
4040,0,0.0,0,0,1,1,0,0,1,0,0,0,0,1,0,167.16,18.3,0
4041,0,0.0,0,0,1,0,0,0,1,0,0,0,0,1,0,131.05,27.2,0
4042,1,0.0,0,0,1,0,0,0,1,0,0,1,0,0,0,86.92,22.0,0
4043,1,0.0,0,0,1,0,0,0,0,1,0,1,0,0,0,59.62,50.8,0
4044,1,0.0,0,0,1,1,0,0,1,0,0,0,1,0,0,103.72,35.4,0
4045,1,0.0,0,0,1,0,0,0,1,0,0,1,0,0,0,77.1,55.9,0
4046,1,0.0,0,0,1,0,0,0,0,1,0,0,0,0,1,94.75,27.9,0
4047,1,0.0,0,0,0,0,0,0,0,0,1,1,0,0,0,77.72,19.8,0
4048,0,1.0,0,0,1,0,0,0,0,1,0,0,0,0,1,76.09,26.0,0
4049,1,0.0,0,0,0,1,0,0,1,0,0,0,1,0,0,61.8,26.8,0
4050,1,0.0,1,0,1,1,1,0,0,0,0,0,0,1,0,83.73,32.5,0
4051,0,0.0,0,0,0,0,0,0,0,0,1,1,0,0,0,79.33,15.0,0
4052,1,0.0,0,0,0,0,0,0,0,0,1,1,0,0,0,108.32,14.2,0
4053,1,0.0,0,0,0,0,0,0,1,0,0,0,1,0,0,103.65,17.0,0
4054,0,0.0,0,0,0,0,0,0,1,0,0,0,0,1,0,86.19,26.2,0
4055,1,0.0,0,0,1,1,0,0,1,0,0,0,0,0,1,131.42,24.9,0
4056,1,1.0,0,0,1,1,0,0,0,1,0,0,0,1,0,69.46,26.6,0
4057,1,0.0,0,1,1,0,0,0,1,0,0,0,0,0,1,76.78,22.7,0
4058,1,1.0,0,0,1,1,0,0,0,1,0,0,1,0,0,103.78,32.7,0
4059,1,0.0,1,0,1,1,0,0,1,0,0,0,0,0,1,213.43,36.7,0
4060,0,0.0,0,0,1,0,0,0,0,1,0,1,0,0,0,93.52,31.5,0
4061,0,0.0,0,0,1,1,1,0,0,0,0,0,0,1,0,115.07,36.9,0
4062,0,0.0,0,0,0,0,0,0,1,0,0,1,0,0,0,69.45,27.6,0
4063,0,0.0,0,0,0,0,0,0,0,0,1,1,0,0,0,81.0,20.7,0
4064,1,0.0,0,0,0,1,0,0,1,0,0,1,0,0,0,83.16,20.2,0
4065,1,0.0,0,0,0,0,0,0,0,0,1,0,0,1,0,108.63,23.4,0
4066,0,0.0,0,0,0,0,0,0,1,0,0,1,0,0,0,88.06,25.3,0
4067,0,0.0,0,0,0,0,1,0,0,0,0,0,1,0,0,80.57,28.2,0
4068,1,1.0,0,0,1,1,0,0,0,1,0,0,0,0,1,248.24,27.0,0
4069,1,0.0,0,0,1,1,0,0,1,0,0,0,0,0,1,57.79,24.8,0
4070,1,0.0,0,0,0,1,0,0,1,0,0,0,0,1,0,87.4,34.8,0
4071,0,0.0,0,0,0,1,0,0,0,0,1,1,0,0,0,76.63,17.3,0
4072,1,1.0,0,0,1,0,0,0,0,1,0,0,0,1,0,58.01,27.8,0
4073,1,0.0,0,0,0,1,0,0,0,0,1,1,0,0,0,77.43,16.2,0
4074,1,0.0,0,0,0,0,0,0,0,0,1,1,0,0,0,64.45,21.7,0
4075,1,0.0,0,0,0,1,0,0,0,1,0,0,0,1,0,79.42,21.4,0
4076,1,0.0,0,0,1,1,0,0,0,1,0,1,0,0,0,82.94,29.3,0
4077,1,0.0,1,0,1,0,0,0,1,0,0,0,0,1,0,81.58,36.2,0
4078,0,1.0,0,0,1,1,0,0,1,0,0,1,0,0,0,62.21,28.3,0
4079,0,0.0,0,0,0,0,0,0,1,0,0,0,0,1,0,229.94,23.5,0
4080,1,0.0,0,0,0,1,0,0,0,0,1,1,0,0,0,116.06,25.9,0
4081,0,1.0,1,0,1,1,0,0,1,0,0,0,0,1,0,117.77,27.1,0
4082,0,1.0,0,0,1,1,0,0,0,1,0,0,0,1,0,66.69,21.5,0
4083,1,0.0,0,0,1,0,0,0,1,0,0,1,0,0,0,122.23,30.5,0
4084,0,1.0,0,0,0,1,0,0,1,0,0,0,1,0,0,168.68,23.4,0
4085,0,0.0,0,0,1,0,0,0,1,0,0,0,0,1,0,119.9,37.6,0
4086,1,0.0,0,0,1,1,0,0,0,1,0,0,0,0,1,110.33,24.0,0
4087,0,0.0,0,0,0,0,0,0,1,0,0,0,0,1,0,77.95,25.1,0
4088,0,0.0,0,0,1,0,0,0,1,0,0,0,0,0,1,80.35,28.7,0
4089,0,0.0,0,0,1,1,0,0,1,0,0,0,1,0,0,57.38,41.8,0
4090,1,0.0,0,0,0,1,0,0,1,0,0,1,0,0,0,96.47,25.6,0
4091,1,0.0,0,0,0,0,1,0,0,0,0,0,0,1,0,70.66,27.2,0
4092,1,0.0,0,0,1,1,0,0,0,1,0,0,0,1,0,202.06,24.4,0
4093,1,0.0,0,0,0,1,0,0,0,0,1,1,0,0,0,91.3,20.7,0
4094,1,0.0,0,0,0,0,0,0,0,1,0,1,0,0,0,67.56,19.6,0
4095,1,0.0,0,0,0,0,0,0,0,0,1,1,0,0,0,126.12,24.8,0
4096,1,1.0,0,0,1,1,0,0,0,1,0,0,0,0,1,86.4,32.6,0
4097,1,0.0,0,0,1,1,1,0,0,0,0,0,0,1,0,103.22,20.5,0
4098,1,0.0,0,0,0,0,0,0,1,0,0,1,0,0,0,88.85,36.2,0
4099,1,0.0,0,0,1,1,0,0,1,0,0,0,0,0,1,63.9,45.4,0
4100,1,0.0,0,0,1,1,0,0,1,0,0,0,1,0,0,81.32,27.6,0
4101,0,1.0,1,1,1,1,0,0,1,0,0,0,1,0,0,78.11,34.7,0
4102,1,1.0,0,0,1,1,0,0,1,0,0,1,0,0,0,134.65,32.4,0
4103,0,0.0,0,0,1,0,1,0,0,0,0,0,0,1,0,77.94,28.7,0
4104,1,0.0,1,0,1,0,1,0,0,0,0,1,0,0,0,56.94,45.3,0
4105,0,0.0,0,0,1,0,0,0,1,0,0,0,1,0,0,117.03,40.3,0
4106,1,1.0,0,0,1,0,0,0,1,0,0,0,0,1,0,207.84,38.9,0
4107,1,0.0,0,0,1,0,1,0,0,0,0,0,0,1,0,228.26,46.0,0
4108,0,1.0,0,0,1,0,0,0,0,1,0,0,0,0,1,84.43,32.4,0
4109,0,0.0,0,0,0,1,0,0,0,0,1,1,0,0,0,57.09,19.4,0
4110,1,0.0,0,0,0,1,0,0,0,0,1,0,0,1,0,94.89,27.5,0
4111,1,1.0,0,0,1,0,1,0,0,0,0,1,0,0,0,132.46,26.2,0
4112,1,1.0,0,0,1,0,0,0,1,0,0,0,1,0,0,75.13,31.1,0
4113,1,1.0,0,0,0,0,1,0,0,0,0,0,0,1,0,76.64,34.6,0
4114,1,0.0,0,0,0,0,0,0,1,0,0,0,0,1,0,91.32,24.3,0
4115,1,1.0,0,0,1,0,0,0,0,1,0,0,0,1,0,85.9,34.6,0
4116,0,0.0,0,0,1,1,0,0,1,0,0,0,0,1,0,76.19,28.5,0
4117,1,0.0,0,0,1,0,0,0,1,0,0,1,0,0,0,85.77,32.1,0
4118,0,0.0,0,0,0,1,0,0,1,0,0,0,0,1,0,63.42,28.0,0
4119,0,0.0,0,0,0,0,0,0,0,0,1,1,0,0,0,112.02,20.9,0
4120,1,1.0,0,0,1,1,0,0,0,1,0,0,0,1,0,203.76,33.8,0
4121,1,0.0,0,0,1,1,1,0,0,0,0,0,1,0,0,98.44,25.8,0
4122,1,0.0,0,0,0,1,1,0,0,0,0,1,0,0,0,79.57,31.8,0
4123,0,0.0,0,0,1,1,0,0,1,0,0,0,0,0,1,63.98,26.8,0
4124,1,1.0,0,0,1,1,0,0,1,0,0,0,1,0,0,101.46,25.9,0
4125,0,0.0,0,0,1,1,0,0,1,0,0,0,0,0,1,74.66,29.2,0
4126,1,0.0,0,0,1,0,1,0,0,0,0,0,0,1,0,68.66,25.3,0
4127,1,1.0,0,0,1,0,0,0,1,0,0,0,0,1,0,205.78,41.7,0
4128,0,0.0,1,0,1,0,0,0,1,0,0,0,0,1,0,111.24,38.8,0
4129,0,0.0,0,0,1,1,0,0,1,0,0,1,0,0,0,134.76,29.1,0
4130,1,0.0,0,0,1,1,0,0,0,1,0,0,0,1,0,110.1,30.9,0
4131,1,0.0,0,0,1,1,0,0,1,0,0,0,1,0,0,100.8,39.3,0
4132,0,0.0,0,0,0,1,0,0,1,0,0,1,0,0,0,113.08,41.8,0
4133,1,0.0,0,0,1,1,0,0,1,0,0,0,1,0,0,56.48,26.2,0
4134,1,1.0,0,0,1,1,0,0,1,0,0,0,0,0,1,77.77,33.8,0
4135,1,0.0,0,0,0,1,0,0,1,0,0,1,0,0,0,104.02,26.1,0
4136,0,0.0,1,0,1,0,0,0,0,1,0,0,0,1,0,83.59,24.1,0
4137,0,1.0,0,0,1,1,0,0,0,1,0,0,1,0,0,179.67,30.7,0
4138,0,0.0,0,0,0,1,0,0,0,0,1,1,0,0,0,91.89,22.4,0
4139,0,0.0,0,0,0,0,0,0,0,0,1,1,0,0,0,78.9,23.0,0
4140,1,1.0,0,0,0,0,0,0,0,1,0,0,1,0,0,230.74,30.2,0
4141,0,0.0,0,0,1,0,1,0,0,0,0,0,1,0,0,216.19,30.3,0
4142,1,1.0,0,0,1,0,0,0,0,1,0,0,0,1,0,83.7,28.7,0
4143,1,1.0,1,0,1,0,0,0,1,0,0,0,0,0,1,200.66,36.3,0
4144,1,0.0,0,0,0,0,0,0,0,0,1,1,0,0,0,73.99,16.3,0
4145,1,0.0,0,0,0,1,0,0,1,0,0,0,0,1,0,228.5,34.5,0
4146,1,0.0,0,0,1,1,0,0,0,1,0,0,0,0,1,70.43,20.8,0
4147,0,1.0,0,0,1,1,0,0,1,0,0,0,1,0,0,74.39,31.0,0
4148,1,0.0,0,0,0,1,0,0,0,0,1,1,0,0,0,102.92,17.6,0
4149,1,0.0,0,0,0,1,0,0,1,0,0,0,1,0,0,87.91,22.7,0
4150,1,0.0,1,0,1,0,0,0,1,0,0,0,0,0,1,118.55,38.4,0
4151,0,0.0,0,0,1,1,0,0,1,0,0,0,0,0,1,232.29,40.8,0
4152,0,1.0,0,1,1,0,0,0,1,0,0,1,0,0,0,125.32,32.9,0
4153,0,0.0,0,0,0,1,0,0,1,0,0,0,1,0,0,78.98,31.3,0
4154,0,1.0,1,0,1,0,1,0,0,0,0,0,0,0,1,100.2,28.5,0
4155,1,1.0,0,0,1,0,0,0,1,0,0,0,0,1,0,200.91,27.6,0
4156,1,0.0,0,0,1,0,1,0,0,0,0,1,0,0,0,95.24,40.2,0
4157,1,0.0,0,0,0,1,0,0,1,0,0,0,0,1,0,56.64,24.7,0
4158,0,0.0,0,0,0,1,0,0,0,0,1,1,0,0,0,80.48,17.7,0
4159,1,0.0,0,0,1,1,0,0,1,0,0,0,0,1,0,112.96,25.4,0
4160,1,1.0,0,0,1,0,0,0,1,0,0,0,0,1,0,236.04,28.5,0
4161,1,0.0,0,0,1,1,0,0,1,0,0,0,0,1,0,73.0,26.2,0
4162,1,0.0,0,0,0,1,0,0,1,0,0,0,0,1,0,61.13,26.0,0
4163,1,0.0,0,0,1,1,0,0,1,0,0,0,0,1,0,88.56,45.3,0
4164,1,0.0,0,0,1,0,0,0,0,1,0,0,0,1,0,66.16,31.5,0
4165,1,1.0,0,0,1,0,0,0,1,0,0,0,0,0,1,88.98,20.6,0
4166,1,1.0,0,0,1,1,0,0,0,1,0,1,0,0,0,94.39,29.4,0
4167,1,0.0,0,0,1,1,0,0,1,0,0,0,0,1,0,87.39,57.9,0
4168,0,1.0,0,0,0,0,1,0,0,0,0,1,0,0,0,77.91,39.1,0
4169,1,0.0,0,0,1,1,0,0,1,0,0,0,1,0,0,86.85,23.8,0
4170,1,0.0,0,0,0,0,0,0,1,0,0,0,0,1,0,94.37,38.1,0
4171,1,1.0,1,0,1,0,0,0,0,1,0,0,0,1,0,76.64,19.5,0
4172,1,0.0,0,0,1,1,0,0,1,0,0,0,0,0,1,254.95,35.5,0
4173,0,1.0,0,0,1,1,1,0,0,0,0,0,1,0,0,107.33,26.4,0
4174,1,0.0,0,0,0,1,0,0,1,0,0,0,0,0,1,80.94,22.2,0
4175,1,0.0,0,0,0,0,0,0,1,0,0,1,0,0,0,112.02,29.1,0
4176,1,1.0,0,1,1,0,0,0,1,0,0,0,1,0,0,196.58,41.9,0
4177,1,0.0,0,0,0,1,0,0,1,0,0,0,1,0,0,89.14,22.6,0
4178,1,0.0,1,0,1,1,1,0,0,0,0,0,0,0,1,69.94,33.3,0
4179,0,0.0,0,0,0,1,0,0,1,0,0,0,0,1,0,55.79,21.3,0
4180,0,0.0,0,0,0,1,0,0,0,0,1,1,0,0,0,73.08,20.4,0
4181,0,1.0,0,0,1,1,0,0,1,0,0,1,0,0,0,96.02,28.7,0
4182,0,1.0,0,0,1,0,0,0,0,1,0,0,1,0,0,189.82,28.8,0
4183,1,1.0,0,0,1,1,1,0,0,0,0,0,0,1,0,89.68,38.7,0
4184,1,0.0,0,0,1,1,0,0,1,0,0,0,0,0,1,101.06,32.3,0
4185,1,0.0,0,0,1,0,1,0,0,0,0,1,0,0,0,62.66,37.9,0
4186,1,0.0,0,0,0,1,0,0,0,0,1,1,0,0,0,84.03,25.3,0
4187,1,0.0,0,0,1,0,1,0,0,0,0,1,0,0,0,108.38,27.7,0
4188,1,0.0,0,0,0,0,0,0,1,0,0,1,0,0,0,78.79,25.1,0
4189,0,0.0,0,0,0,0,0,0,0,0,1,1,0,0,0,76.12,16.8,0
4190,1,0.0,0,0,1,0,0,0,1,0,0,0,0,1,0,68.01,27.7,0
4191,1,1.0,0,1,1,1,1,0,0,0,0,0,0,1,0,90.11,28.6,0
4192,1,1.0,0,0,1,1,0,0,0,1,0,0,0,1,0,193.61,37.6,0
4193,1,0.0,0,0,1,0,1,0,0,0,0,1,0,0,0,195.74,32.7,0
4194,1,0.0,0,0,0,0,0,0,0,0,1,1,0,0,0,94.77,22.7,0
4195,1,0.0,0,0,0,1,0,0,0,0,1,1,0,0,0,85.0,16.0,0
4196,0,0.0,0,0,1,1,0,0,1,0,0,0,0,1,0,141.37,23.5,0
4197,1,0.0,0,0,0,1,0,0,0,1,0,1,0,0,0,90.71,45.8,0
4198,1,0.0,0,0,0,0,0,0,1,0,0,0,0,1,0,106.8,20.8,0
4199,0,0.0,0,0,0,0,0,0,0,0,1,1,0,0,0,121.66,16.7,0
4200,1,0.0,0,0,1,1,0,0,1,0,0,0,0,0,1,85.18,22.2,0
4201,1,0.0,0,0,0,0,0,0,1,0,0,0,0,1,0,130.07,33.1,0
4202,1,0.0,0,0,0,0,0,0,1,0,0,0,0,1,0,74.24,32.7,0
4203,1,0.0,0,0,1,1,1,0,0,0,0,0,0,1,0,79.98,41.4,0
4204,1,0.0,0,0,1,1,0,0,0,1,0,0,1,0,0,106.76,24.1,0
4205,1,0.0,0,0,1,1,0,0,1,0,0,1,0,0,0,76.34,28.0,0
4206,1,1.0,1,1,1,0,0,0,1,0,0,1,0,0,0,221.24,24.2,0
4207,0,0.0,0,0,0,1,0,0,1,0,0,0,0,0,1,80.55,23.5,0
4208,1,0.0,0,0,0,0,0,0,0,0,1,1,0,0,0,63.98,23.0,0
4209,1,0.0,0,0,0,0,0,0,1,0,0,0,0,0,1,55.93,20.3,0
4210,1,0.0,0,0,1,0,0,0,1,0,0,1,0,0,0,73.94,24.8,0
4211,1,1.0,0,0,1,0,0,0,0,1,0,1,0,0,0,65.58,26.1,0
4212,1,0.0,0,0,1,0,0,0,1,0,0,0,0,0,1,83.8,24.2,0
4213,1,1.0,0,0,1,1,0,0,1,0,0,0,1,0,0,95.87,19.3,0
4214,0,0.0,0,0,0,0,0,0,0,0,1,1,0,0,0,112.83,18.2,0
4215,1,0.0,0,0,1,0,1,0,0,0,0,0,0,1,0,84.93,24.2,0
4216,0,0.0,0,0,1,0,1,0,0,0,0,0,0,0,1,103.08,41.5,0
4217,0,1.0,0,0,1,0,0,0,0,1,0,1,0,0,0,85.98,28.0,0
4218,0,0.0,0,0,1,1,0,0,1,0,0,0,0,1,0,83.75,37.0,0
4219,1,0.0,0,0,0,1,0,0,1,0,0,1,0,0,0,125.43,32.2,0
4220,0,1.0,0,0,1,1,0,0,1,0,0,0,0,1,0,101.58,35.9,0
4221,1,1.0,0,0,1,0,0,0,1,0,0,1,0,0,0,149.8,47.6,0
4222,1,0.0,0,0,1,0,0,0,1,0,0,0,0,1,0,112.55,32.1,0
4223,1,0.0,0,0,0,1,0,0,1,0,0,0,1,0,0,70.87,55.7,0
4224,0,1.0,0,0,1,0,0,0,1,0,0,0,0,1,0,92.96,22.2,0
4225,1,0.0,0,0,0,0,0,0,0,0,1,1,0,0,0,112.19,20.1,0
4226,0,0.0,0,0,0,1,0,1,0,0,0,1,0,0,0,85.08,14.6,0
4227,0,0.0,0,1,1,1,0,0,0,1,0,0,0,1,0,112.37,28.4,0
4228,1,0.0,0,0,1,1,0,0,1,0,0,0,0,1,0,151.26,20.6,0
4229,0,0.0,0,0,0,1,0,0,1,0,0,1,0,0,0,73.81,19.8,0
4230,1,0.0,0,0,1,1,0,0,1,0,0,1,0,0,0,77.2,23.4,0
4231,1,0.0,0,0,0,1,0,0,1,0,0,0,0,1,0,76.08,25.1,0
4232,1,0.0,0,0,1,0,0,0,1,0,0,0,0,1,0,123.98,30.1,0
4233,1,0.0,0,0,1,1,0,0,0,1,0,1,0,0,0,108.51,33.3,0
4234,0,0.0,0,0,0,0,0,0,1,0,0,0,0,1,0,98.07,24.0,0
4235,0,1.0,0,0,1,1,0,0,0,1,0,0,0,1,0,85.82,27.8,0
4236,1,0.0,0,0,0,0,0,0,1,0,0,1,0,0,0,86.21,21.4,0
4237,1,0.0,0,0,0,1,0,0,1,0,0,0,1,0,0,99.01,25.5,0
4238,0,0.0,0,0,0,0,0,0,0,0,1,0,0,1,0,80.08,21.8,0
4239,1,0.0,0,0,0,0,0,0,0,0,1,1,0,0,0,69.47,18.9,0
4240,1,0.0,0,0,0,1,0,0,1,0,0,1,0,0,0,85.07,21.9,0
4241,0,0.0,0,0,1,0,1,0,0,0,0,0,0,1,0,88.0,30.6,0
4242,1,1.0,0,0,1,0,0,0,1,0,0,0,0,1,0,144.14,29.8,0
4243,0,0.0,0,0,0,1,0,0,1,0,0,0,0,0,1,78.8,28.7,0
4244,1,0.0,0,0,1,1,0,0,1,0,0,0,0,0,1,86.78,35.5,0
4245,1,1.0,1,0,1,0,1,0,0,0,0,0,1,0,0,105.72,29.1,0
4246,1,0.0,0,0,1,0,0,0,1,0,0,0,0,1,0,64.37,32.8,0
4247,1,0.0,0,0,0,0,0,0,0,0,1,0,0,1,0,146.1,22.8,0
4248,1,0.0,0,0,0,1,0,0,1,0,0,0,0,1,0,58.66,31.3,0
4249,1,1.0,1,0,1,1,1,0,0,0,0,0,0,1,0,192.5,29.0,0
4250,0,0.0,0,0,0,0,0,0,0,0,1,1,0,0,0,103.5,19.0,0
4251,1,1.0,0,0,1,1,0,0,1,0,0,0,0,1,0,89.42,24.1,0
4252,1,1.0,0,0,1,0,0,0,0,1,0,0,0,1,0,212.92,21.4,0
4253,0,0.0,0,0,0,0,0,0,0,1,0,0,0,1,0,60.73,28.0,0
4254,0,0.0,0,0,0,1,0,0,0,0,1,0,0,1,0,73.18,27.6,0
4255,0,0.0,0,0,1,1,0,0,1,0,0,1,0,0,0,82.26,28.7,0
4256,1,0.0,0,0,1,1,0,0,1,0,0,0,1,0,0,87.4,24.5,0
4257,0,0.0,0,0,1,0,0,0,1,0,0,0,1,0,0,86.95,25.0,0
4258,1,1.0,1,0,1,0,0,0,0,1,0,0,0,1,0,74.0,29.6,0
4259,0,0.0,0,0,1,1,0,0,0,1,0,0,0,1,0,73.98,29.9,0
4260,1,1.0,1,0,1,0,0,0,0,1,0,0,0,1,0,124.78,35.6,0
4261,1,0.0,0,0,1,1,0,0,1,0,0,0,0,1,0,191.94,27.9,0
4262,1,0.0,0,0,1,1,0,0,1,0,0,0,0,1,0,247.87,42.6,0
4263,0,1.0,0,0,1,0,0,0,1,0,0,0,1,0,0,83.2,21.2,0
4264,1,1.0,0,0,1,1,0,0,0,1,0,0,1,0,0,88.62,28.5,0
4265,1,0.0,0,0,1,1,0,0,1,0,0,0,1,0,0,81.51,25.6,0
4266,1,1.0,1,0,1,1,0,0,1,0,0,0,1,0,0,115.71,31.1,0
4267,0,1.0,1,0,1,0,0,0,1,0,0,0,0,1,0,229.73,30.4,0
4268,1,0.0,0,0,0,0,0,0,1,0,0,1,0,0,0,57.4,22.9,0
4269,0,0.0,0,0,0,0,0,0,1,0,0,0,0,1,0,100.47,31.9,0
4270,1,0.0,0,0,1,0,1,0,0,0,0,0,0,1,0,81.36,48.8,0
4271,1,1.0,1,0,1,0,0,0,0,1,0,0,1,0,0,261.67,43.0,0
4272,0,0.0,0,0,0,0,0,0,0,0,1,1,0,0,0,110.2,21.8,0
4273,1,0.0,1,0,1,0,1,0,0,0,0,0,0,1,0,98.9,35.5,0
4274,0,0.0,0,0,1,0,1,0,0,0,0,0,0,0,1,95.19,24.3,0
4275,1,0.0,0,0,1,0,0,0,1,0,0,0,0,1,0,105.28,23.1,0
4276,1,0.0,0,0,0,0,0,0,0,0,1,1,0,0,0,83.03,18.5,0
4277,0,0.0,0,0,1,0,0,0,1,0,0,0,0,0,1,89.41,42.4,0
4278,1,0.0,0,0,0,0,1,0,0,0,0,0,0,1,0,70.56,32.3,0
4279,1,0.0,0,0,0,1,0,0,0,0,1,1,0,0,0,78.79,22.6,0
4280,1,0.0,0,0,0,0,0,0,0,0,1,1,0,0,0,70.13,17.8,0
4281,0,0.0,0,0,1,0,0,0,1,0,0,0,0,1,0,62.68,18.4,0
4282,1,0.0,0,0,0,1,0,0,1,0,0,0,0,1,0,71.77,26.9,0
4283,1,0.0,0,0,0,0,1,0,0,0,0,0,0,0,1,77.99,32.0,0
4284,0,0.0,0,0,0,1,0,0,1,0,0,0,1,0,0,256.74,23.4,0
4285,0,0.0,0,0,1,0,0,0,1,0,0,0,0,1,0,93.72,31.4,0
4286,1,0.0,0,0,0,1,0,0,0,0,1,1,0,0,0,63.74,22.4,0
4287,1,1.0,0,0,1,1,0,0,0,1,0,0,1,0,0,60.67,28.9,0
4288,1,0.0,0,0,1,1,0,0,1,0,0,0,0,1,0,112.08,27.4,0
4289,1,0.0,1,0,1,0,1,0,0,0,0,0,0,1,0,221.08,57.2,0
4290,0,0.0,0,1,1,1,1,0,0,0,0,0,0,0,1,101.81,28.4,0
4291,0,1.0,1,0,1,0,0,0,1,0,0,0,0,0,1,60.17,23.5,0
4292,0,0.0,0,0,1,0,0,0,0,1,0,0,0,1,0,65.29,28.3,0
4293,1,0.0,0,0,1,1,0,0,1,0,0,1,0,0,0,153.24,38.2,0
4294,0,0.0,0,0,1,0,0,0,1,0,0,0,0,0,1,61.42,33.3,0
4295,1,0.0,0,0,1,1,0,0,1,0,0,0,0,1,0,86.67,33.3,0
4296,1,0.0,0,0,1,0,0,0,1,0,0,0,0,1,0,82.42,28.8,0
4297,1,1.0,1,0,1,0,0,0,1,0,0,0,0,0,1,100.54,32.1,0
4298,1,0.0,0,0,0,1,0,0,1,0,0,0,0,1,0,111.48,28.9,0
4299,1,0.0,0,0,1,1,0,0,1,0,0,0,0,1,0,85.33,25.5,0
4300,0,0.0,0,0,0,1,0,0,1,0,0,0,1,0,0,126.57,25.9,0
4301,1,0.0,0,0,0,1,0,0,1,0,0,0,1,0,0,81.51,19.5,0
4302,0,0.0,0,0,1,0,1,0,0,0,0,1,0,0,0,67.97,23.8,0
4303,1,0.0,0,0,1,1,0,0,0,1,0,1,0,0,0,77.92,24.9,0
4304,0,0.0,0,0,0,1,0,0,1,0,0,0,0,0,1,80.54,18.5,0
4305,0,0.0,0,0,1,1,0,0,0,1,0,1,0,0,0,76.47,30.6,0
4306,1,0.0,0,0,0,1,0,0,0,0,1,1,0,0,0,87.15,16.1,0
4307,1,0.0,0,0,1,1,1,0,0,0,0,1,0,0,0,86.07,32.5,0
4308,0,0.0,0,0,0,0,0,0,1,0,0,0,1,0,0,106.52,27.4,0
4309,0,0.0,0,0,0,0,0,0,0,0,1,1,0,0,0,94.24,30.2,0
4310,1,0.0,0,0,1,1,0,0,0,1,0,0,1,0,0,89.73,23.5,0
4311,0,0.0,0,0,1,1,1,0,0,0,0,0,1,0,0,208.39,36.0,0
4312,1,1.0,0,0,1,0,0,0,0,1,0,0,0,1,0,128.61,24.8,0
4313,0,0.0,0,0,1,0,0,0,1,0,0,0,0,1,0,57.56,27.5,0
4314,0,1.0,0,0,1,1,0,0,0,1,0,0,1,0,0,227.23,40.0,0
4315,0,0.0,0,0,0,1,0,0,0,0,1,1,0,0,0,77.76,18.1,0
4316,0,0.0,0,0,0,1,0,0,0,0,1,1,0,0,0,72.76,18.8,0
4317,1,0.0,0,0,0,0,0,0,1,0,0,0,0,1,0,90.11,23.6,0
4318,0,1.0,0,0,1,0,1,0,0,0,0,0,0,1,0,203.27,29.7,0
4319,1,1.0,1,0,1,1,0,0,1,0,0,0,0,1,0,234.5,43.7,0
4320,1,0.0,0,0,1,1,0,0,0,1,0,0,0,1,0,71.12,27.3,0
4321,0,0.0,0,0,0,1,0,0,1,0,0,0,0,1,0,190.67,20.2,0
4322,1,0.0,0,0,0,0,0,0,0,0,1,1,0,0,0,116.04,23.8,0
4323,0,0.0,0,0,0,1,0,0,1,0,0,0,0,1,0,82.95,21.4,0
4324,1,0.0,0,0,0,1,0,0,0,0,1,1,0,0,0,112.75,25.1,0
4325,1,1.0,0,0,1,1,0,0,1,0,0,0,0,0,1,82.63,17.9,0
4326,1,0.0,0,0,1,1,0,0,1,0,0,0,0,0,1,92.75,34.5,0
4327,1,1.0,0,0,1,0,0,0,1,0,0,0,1,0,0,117.63,27.1,0
4328,1,1.0,1,0,1,0,0,0,0,1,0,0,0,1,0,197.06,26.1,0
4329,1,1.0,1,0,1,1,1,0,0,0,0,0,0,1,0,216.07,43.4,0
4330,1,0.0,0,0,1,0,0,0,1,0,0,0,0,1,0,76.03,33.2,0
4331,1,0.0,0,0,0,1,0,0,1,0,0,1,0,0,0,62.44,37.2,0
4332,1,0.0,0,0,0,0,0,0,1,0,0,0,0,0,1,108.82,41.3,0
4333,0,0.0,0,0,1,1,1,0,0,0,0,0,0,1,0,101.66,35.4,0
4334,1,0.0,0,0,0,0,0,0,0,0,1,1,0,0,0,121.15,26.1,0
4335,0,0.0,1,0,1,0,0,0,1,0,0,0,0,1,0,116.44,24.5,0
4336,1,0.0,0,0,1,1,0,0,1,0,0,0,0,1,0,93.3,32.7,0
4337,1,0.0,0,0,1,1,0,0,1,0,0,0,0,1,0,144.33,29.2,0
4338,1,0.0,0,0,1,1,0,0,1,0,0,0,0,1,0,98.02,20.4,0
4339,0,1.0,0,0,1,1,0,0,1,0,0,1,0,0,0,80.67,33.5,0
4340,1,0.0,0,0,0,1,0,0,0,0,1,1,0,0,0,94.27,14.0,0
4341,1,0.0,0,0,1,0,0,0,0,1,0,0,1,0,0,76.35,33.5,0
4342,0,1.0,0,1,1,1,0,0,1,0,0,0,0,1,0,57.56,27.5,0
4343,1,0.0,0,0,1,1,1,0,0,0,0,1,0,0,0,179.14,35.3,0
4344,1,1.0,0,0,1,0,0,0,1,0,0,0,0,1,0,63.49,30.1,0
4345,0,0.0,0,0,1,0,0,0,1,0,0,0,0,0,1,145.18,32.6,0
4346,1,0.0,0,0,1,0,0,0,1,0,0,0,0,1,0,66.3,47.5,0
4347,1,0.0,0,0,0,0,0,0,1,0,0,0,0,1,0,120.56,31.6,0
4348,0,0.0,0,0,0,0,0,0,0,0,1,0,1,0,0,69.2,23.5,0
4349,1,1.0,1,0,1,1,0,0,1,0,0,1,0,0,0,150.74,40.3,0
4350,1,0.0,0,0,1,1,1,0,0,0,0,0,0,0,1,81.38,34.1,0
4351,0,0.0,0,0,0,1,0,0,0,0,1,1,0,0,0,78.48,16.1,0
4352,1,1.0,0,0,1,0,0,0,0,1,0,0,0,1,0,203.87,26.4,0
4353,0,0.0,0,0,0,1,0,0,0,0,1,1,0,0,0,87.0,19.0,0
4354,1,0.0,0,0,1,0,0,0,1,0,0,0,1,0,0,84.68,34.7,0
4355,1,0.0,0,1,1,1,0,0,1,0,0,0,0,0,1,91.89,23.3,0
4356,0,0.0,0,1,1,0,1,0,0,0,0,0,0,1,0,88.97,32.6,0
4357,1,0.0,0,0,1,1,0,0,1,0,0,0,0,1,0,116.98,26.0,0
4358,0,0.0,0,0,0,1,0,0,0,0,1,0,0,1,0,135.82,35.1,0
4359,1,0.0,0,0,0,0,0,0,0,0,1,1,0,0,0,96.62,18.6,0
4360,0,0.0,0,0,1,0,0,0,1,0,0,0,1,0,0,106.53,30.4,0
4361,0,0.0,0,0,1,0,0,0,1,0,0,0,1,0,0,58.42,32.8,0
4362,1,0.0,0,0,0,0,0,0,1,0,0,0,0,1,0,79.62,21.6,0
4363,0,0.0,0,0,0,1,0,0,0,0,1,1,0,0,0,141.84,23.3,0
4364,0,0.0,0,0,1,0,0,0,1,0,0,0,0,1,0,78.05,31.4,0
4365,0,1.0,1,1,1,0,0,0,1,0,0,0,0,1,0,77.16,26.3,0
4366,1,0.0,0,0,1,1,0,0,1,0,0,0,0,1,0,86.3,20.1,0
4367,1,1.0,0,0,1,1,0,0,0,1,0,0,1,0,0,83.55,28.3,0
4368,1,0.0,0,0,0,0,0,0,1,0,0,0,0,0,1,102.0,40.4,0
4369,1,0.0,0,0,0,1,0,0,1,0,0,0,0,0,1,68.07,18.6,0
4370,0,0.0,0,0,0,0,0,0,1,0,0,0,0,1,0,81.77,44.7,0
4371,0,1.0,0,0,0,0,0,0,0,1,0,0,0,0,1,82.62,25.3,0
4372,1,0.0,0,0,1,1,0,0,1,0,0,1,0,0,0,102.03,28.3,0
4373,0,0.0,1,0,1,1,1,0,0,0,0,0,1,0,0,235.06,39.9,0
4374,1,0.0,0,0,1,1,1,0,0,0,0,0,0,1,0,76.98,34.7,0
4375,1,0.0,0,0,1,1,0,0,0,1,0,0,0,1,0,82.31,31.9,0
4376,1,0.0,0,0,1,1,0,0,1,0,0,1,0,0,0,83.84,35.0,0
4377,1,0.0,0,0,1,1,0,0,0,1,0,0,1,0,0,98.14,32.7,0
4378,1,0.0,0,0,1,0,0,0,1,0,0,1,0,0,0,84.04,30.6,0
4379,0,0.0,0,0,0,0,0,0,0,0,1,1,0,0,0,92.24,27.9,0
4380,1,0.0,0,0,0,1,0,0,0,0,1,1,0,0,0,94.92,20.4,0
4381,1,0.0,0,0,0,0,0,0,1,0,0,0,0,1,0,112.7,29.6,0
4382,0,0.0,0,0,0,1,0,0,1,0,0,0,0,1,0,74.34,23.5,0
4383,1,0.0,0,0,1,1,0,0,1,0,0,1,0,0,0,72.99,46.4,0
4384,0,0.0,0,0,0,1,0,0,1,0,0,0,0,1,0,104.9,27.4,0
4385,0,0.0,0,0,1,0,0,0,1,0,0,0,0,1,0,99.96,25.2,0
4386,0,0.0,0,0,1,1,0,0,1,0,0,1,0,0,0,85.27,25.8,0
4387,0,0.0,0,0,1,1,0,0,1,0,0,0,0,0,1,60.32,33.3,0
4388,1,0.0,0,0,1,0,0,0,1,0,0,0,0,0,1,94.14,27.7,0
4389,0,1.0,0,0,1,1,0,0,0,1,0,0,0,1,0,195.43,28.9,0
4390,0,1.0,0,0,1,0,1,0,0,0,0,0,0,1,0,200.25,33.1,0
4391,0,0.0,0,0,0,0,1,0,0,0,0,0,0,0,1,90.31,38.1,0
4392,1,0.0,0,0,1,1,1,0,0,0,0,0,0,1,0,95.33,27.9,0
4393,1,0.0,0,0,0,0,0,0,0,0,1,1,0,0,0,85.65,17.4,0
4394,1,1.0,0,0,1,1,1,0,0,0,0,0,0,0,1,223.64,27.1,0
4395,1,0.0,0,0,1,0,1,0,0,0,0,1,0,0,0,76.43,22.7,0
4396,1,0.0,0,0,0,1,0,0,1,0,0,1,0,0,0,98.66,28.3,0
4397,0,0.0,0,0,0,1,0,0,0,0,1,1,0,0,0,75.84,21.5,0
4398,1,0.0,0,0,1,1,0,0,1,0,0,0,0,1,0,85.46,30.0,0
4399,0,0.0,0,0,0,1,0,0,0,0,1,1,0,0,0,81.33,18.6,0
4400,1,1.0,1,0,0,1,0,0,1,0,0,1,0,0,0,199.78,45.2,0
4401,0,0.0,0,0,1,1,0,0,1,0,0,1,0,0,0,176.42,39.7,0
4402,1,1.0,1,1,1,1,0,0,0,1,0,0,0,1,0,101.56,31.5,0
4403,1,0.0,0,0,1,1,0,0,1,0,0,0,1,0,0,84.48,23.2,0
4404,0,0.0,0,0,0,1,0,0,0,0,1,1,0,0,0,93.21,27.3,0
4405,0,0.0,0,0,0,1,0,0,1,0,0,0,0,1,0,72.88,26.5,0
4406,0,0.0,0,0,0,1,0,0,1,0,0,1,0,0,0,84.1,19.3,0
4407,0,0.0,0,0,1,0,1,0,0,0,0,1,0,0,0,72.84,26.1,0
4408,1,0.0,0,0,0,1,0,0,1,0,0,0,0,1,0,70.89,19.8,0
4409,1,0.0,0,0,1,0,0,0,1,0,0,0,1,0,0,108.14,25.1,0
4410,1,0.0,0,0,1,0,1,0,0,0,0,0,0,1,0,244.3,37.3,0
4411,0,0.0,0,0,1,0,0,0,1,0,0,0,1,0,0,88.04,30.3,0
4412,0,0.0,0,0,0,0,0,0,0,0,1,1,0,0,0,65.84,16.1,0
4413,0,0.0,0,0,1,0,0,0,1,0,0,0,0,1,0,106.73,25.1,0
4414,0,0.0,0,0,0,1,0,0,1,0,0,1,0,0,0,106.03,26.7,0
4415,1,0.0,0,0,0,1,1,0,0,0,0,0,1,0,0,80.88,29.3,0
4416,0,0.0,0,0,0,1,0,0,0,0,1,0,0,1,0,140.1,38.7,0
4417,0,0.0,0,0,1,1,0,0,1,0,0,0,1,0,0,127.4,35.8,0
4418,1,0.0,0,0,0,1,0,0,1,0,0,0,0,1,0,87.72,21.7,0
4419,0,0.0,0,0,1,0,1,0,0,0,0,0,1,0,0,58.23,31.4,0
4420,0,0.0,0,0,1,0,0,0,1,0,0,0,1,0,0,69.37,26.9,0
4421,1,0.0,0,0,1,1,0,0,1,0,0,0,0,1,0,58.64,33.0,0
4422,1,0.0,0,0,0,1,1,0,0,0,0,0,0,0,1,59.67,24.5,0
4423,1,0.0,0,0,0,1,0,1,0,0,0,0,0,1,0,78.08,44.9,0
4424,1,0.0,0,0,0,1,0,0,1,0,0,0,0,1,0,105.08,25.5,0
4425,1,0.0,0,0,0,1,0,0,1,0,0,0,0,1,0,89.3,22.1,0
4426,1,1.0,0,0,1,0,1,0,0,0,0,1,0,0,0,61.38,24.3,0
4427,1,0.0,0,0,1,0,0,0,1,0,0,0,1,0,0,56.11,32.4,0
4428,0,0.0,0,0,1,1,1,0,0,0,0,0,1,0,0,75.53,33.1,0
4429,0,0.0,0,0,0,1,0,0,1,0,0,0,0,1,0,107.47,26.7,0
4430,1,0.0,0,0,1,1,0,0,1,0,0,1,0,0,0,76.0,37.9,0
4431,0,0.0,0,0,1,1,0,0,1,0,0,0,0,1,0,90.28,39.6,0
4432,1,0.0,0,0,1,1,0,0,1,0,0,0,0,1,0,65.22,19.8,0
4433,0,0.0,0,0,0,1,0,0,1,0,0,1,0,0,0,86.24,30.0,0
4434,0,0.0,0,0,1,1,1,0,0,0,0,0,0,1,0,166.38,23.1,0
4435,1,0.0,0,0,1,1,0,0,1,0,0,1,0,0,0,78.91,34.3,0
4436,1,0.0,0,0,0,1,1,0,0,0,0,1,0,0,0,226.28,38.4,0
4437,0,0.0,0,0,1,1,0,0,1,0,0,0,0,0,1,90.73,32.8,0
4438,0,1.0,0,0,1,0,0,0,1,0,0,0,0,1,0,172.86,34.4,0
4439,1,1.0,0,0,1,0,0,0,0,1,0,0,0,1,0,213.92,44.6,0
4440,0,0.0,0,0,1,1,0,0,1,0,0,0,0,1,0,92.23,32.8,0
4441,0,0.0,0,0,1,1,0,0,1,0,0,0,0,1,0,79.81,26.4,0
4442,0,0.0,0,0,1,0,1,0,0,0,0,1,0,0,0,81.78,27.3,0
4443,1,0.0,0,0,1,0,0,0,1,0,0,0,0,1,0,102.0,32.4,0
4444,1,0.0,0,0,1,0,0,0,1,0,0,0,0,0,1,68.42,43.2,0
4445,0,1.0,0,0,1,1,0,0,1,0,0,1,0,0,0,94.68,33.6,0
4446,1,1.0,0,0,1,0,1,0,0,0,0,1,0,0,0,125.33,26.4,0
4447,1,0.0,0,0,1,1,0,0,0,1,0,0,0,1,0,212.19,46.9,0
4448,0,0.0,0,0,1,1,0,0,1,0,0,0,1,0,0,89.0,36.3,0
4449,0,1.0,1,1,1,0,0,0,1,0,0,0,1,0,0,60.98,34.9,0
4450,0,0.0,0,0,1,1,0,0,1,0,0,0,0,0,1,58.19,29.6,0
4451,1,0.0,0,0,0,0,0,0,0,0,1,1,0,0,0,67.68,16.5,0
4452,1,0.0,0,0,1,0,1,0,0,0,0,1,0,0,0,84.99,35.4,0
4453,1,1.0,1,0,1,1,0,0,1,0,0,0,0,1,0,62.13,23.6,0
4454,1,0.0,0,0,1,0,0,0,1,0,0,0,0,1,0,57.1,33.1,0
4455,0,0.0,0,0,1,1,0,0,1,0,0,0,0,0,1,97.95,40.2,0
4456,1,0.0,0,0,0,0,0,0,0,0,1,1,0,0,0,94.06,14.8,0
4457,1,1.0,0,0,1,1,0,0,0,1,0,1,0,0,0,93.88,34.8,0
4458,0,1.0,0,0,1,0,0,0,1,0,0,0,1,0,0,90.3,33.5,0
4459,1,0.0,0,0,1,1,0,0,1,0,0,0,0,1,0,83.14,31.9,0
4460,0,0.0,0,0,0,1,0,0,0,0,1,1,0,0,0,118.66,16.1,0
4461,0,0.0,0,0,1,0,0,0,1,0,0,0,1,0,0,100.47,50.2,0
4462,0,0.0,0,0,1,1,0,0,1,0,0,1,0,0,0,90.78,35.9,0
4463,0,0.0,0,0,1,1,0,0,1,0,0,0,1,0,0,66.46,39.6,0
4464,1,1.0,0,0,1,1,1,0,0,0,0,0,1,0,0,73.56,27.5,0
4465,1,0.0,0,0,1,1,0,0,1,0,0,1,0,0,0,200.8,32.3,0
4466,1,0.0,0,0,0,1,0,0,0,0,1,0,0,1,0,57.28,15.4,0
4467,0,0.0,0,0,0,0,0,0,1,0,0,0,0,0,1,92.87,28.4,0
4468,0,0.0,0,0,0,0,0,0,0,0,1,1,0,0,0,96.47,19.5,0
4469,1,0.0,0,0,1,1,1,0,0,0,0,0,1,0,0,99.44,25.0,0
4470,1,0.0,0,0,1,1,0,0,1,0,0,0,0,0,1,77.96,26.3,0
4471,1,0.0,1,0,1,0,0,0,1,0,0,0,0,1,0,60.13,39.6,0
4472,1,0.0,0,0,1,0,0,0,1,0,0,0,1,0,0,88.17,38.6,0
4473,0,0.0,0,0,0,0,0,0,1,0,0,0,0,1,0,84.41,33.9,0
4474,0,0.0,0,0,1,0,0,0,1,0,0,1,0,0,0,72.34,32.2,0
4475,1,0.0,0,0,0,0,0,0,1,0,0,0,0,1,0,68.72,25.1,0
4476,1,1.0,0,0,1,1,0,0,0,1,0,0,0,0,1,222.58,37.4,0
4477,0,1.0,0,0,1,0,0,0,1,0,0,0,1,0,0,66.06,30.1,0
4478,1,0.0,0,0,1,0,0,0,1,0,0,0,1,0,0,156.43,27.0,0
4479,0,0.0,0,0,0,1,0,0,0,1,0,0,1,0,0,105.76,32.4,0
4480,0,0.0,0,0,1,0,1,0,0,0,0,0,0,0,1,73.07,26.8,0
4481,1,1.0,0,0,1,0,0,0,1,0,0,0,0,1,0,99.48,27.2,0
4482,0,0.0,0,0,0,0,0,0,1,0,0,1,0,0,0,79.6,36.7,0
4483,1,1.0,0,0,1,1,0,0,0,1,0,0,0,1,0,70.0,36.0,0
4484,1,0.0,0,0,1,0,1,0,0,0,0,0,1,0,0,112.98,37.2,0
4485,0,0.0,0,0,0,1,0,0,0,0,1,1,0,0,0,61.07,19.1,0
4486,0,0.0,0,0,0,0,0,0,0,0,1,1,0,0,0,63.43,21.8,0
4487,1,0.0,0,0,0,1,0,0,1,0,0,0,0,0,1,73.2,26.5,0
4488,1,1.0,0,0,1,1,0,0,0,1,0,0,1,0,0,102.73,35.0,0
4489,1,1.0,0,0,1,0,0,0,0,1,0,0,0,1,0,74.88,32.6,0
4490,1,0.0,0,0,1,1,0,0,1,0,0,0,0,1,0,122.43,23.9,0
4491,1,1.0,0,0,1,1,0,0,0,1,0,0,0,1,0,84.21,33.7,0
4492,1,1.0,0,0,1,0,0,0,0,1,0,0,1,0,0,80.42,29.4,0
4493,0,1.0,0,0,1,1,0,0,1,0,0,0,0,1,0,80.44,29.0,0
4494,1,1.0,0,0,1,0,0,0,0,1,0,0,0,1,0,80.63,20.2,0
4495,1,1.0,0,0,1,1,0,0,1,0,0,0,0,1,0,104.12,27.4,0
4496,1,1.0,0,0,1,0,0,0,0,1,0,0,0,1,0,96.82,25.0,0
4497,1,0.0,0,0,1,1,0,0,0,1,0,0,0,1,0,88.1,30.7,0
4498,0,0.0,0,0,0,0,0,0,0,1,0,1,0,0,0,64.85,23.0,0
4499,1,0.0,0,0,1,0,0,0,1,0,0,0,0,0,1,102.87,26.6,0
4500,0,0.0,0,0,0,1,0,0,0,0,1,1,0,0,0,83.75,18.1,0
4501,0,0.0,0,0,1,0,0,0,0,1,0,0,1,0,0,97.68,47.1,0
4502,1,1.0,0,0,1,1,0,0,1,0,0,0,1,0,0,97.58,29.7,0
4503,1,0.0,0,0,1,0,0,0,1,0,0,0,0,1,0,74.16,19.9,0
4504,1,0.0,0,0,0,1,0,0,0,0,1,1,0,0,0,86.0,13.3,0
4505,1,0.0,0,0,1,1,1,0,0,0,0,0,0,1,0,100.93,32.7,0
4506,0,1.0,1,0,1,1,0,0,1,0,0,0,1,0,0,232.78,31.8,0
4507,0,1.0,0,0,1,0,0,0,1,0,0,0,1,0,0,86.96,31.4,0
4508,1,0.0,0,0,1,1,0,0,0,1,0,0,1,0,0,67.5,20.4,0
4509,0,0.0,0,0,1,1,0,0,1,0,0,0,0,0,1,81.21,33.2,0
4510,0,0.0,0,0,1,0,0,0,1,0,0,0,0,0,1,110.14,30.5,0
4511,0,0.0,0,0,1,1,0,0,1,0,0,0,0,1,0,120.44,30.3,0
4512,0,0.0,0,1,1,1,0,0,0,1,0,0,0,1,0,187.47,34.2,0
4513,0,0.0,0,1,0,1,1,0,0,0,0,1,0,0,0,94.62,34.4,0
4514,1,0.0,0,0,0,0,0,0,1,0,0,0,0,1,0,89.57,48.1,0
4515,1,0.0,0,0,0,1,0,0,1,0,0,0,0,1,0,95.31,22.8,0
4516,0,1.0,0,0,0,0,1,0,0,0,0,0,0,1,0,75.07,30.5,0
4517,1,1.0,0,0,1,0,0,0,1,0,0,0,1,0,0,106.65,35.9,0
4518,1,1.0,0,0,1,1,0,0,0,1,0,0,0,1,0,234.06,33.7,0
4519,0,0.0,0,0,0,0,0,0,1,0,0,0,0,1,0,144.15,24.1,0
4520,1,0.0,0,0,0,1,0,0,1,0,0,0,0,1,0,58.81,25.4,0
4521,0,1.0,0,0,1,1,0,0,0,1,0,0,0,1,0,242.62,25.5,0
4522,0,0.0,0,0,1,1,0,0,1,0,0,0,0,1,0,93.04,29.2,0
4523,0,0.0,0,0,0,1,0,0,0,0,1,1,0,0,0,150.0,17.4,0
4524,0,0.0,0,0,1,1,0,0,1,0,0,1,0,0,0,63.56,29.9,0
4525,1,1.0,0,0,0,0,0,0,1,0,0,0,0,1,0,96.98,21.5,0
4526,1,0.0,0,0,0,0,0,0,1,0,0,0,0,1,0,66.7,24.7,0
4527,0,0.0,0,0,1,0,0,0,1,0,0,1,0,0,0,79.66,25.1,0
4528,1,1.0,0,0,1,0,1,0,0,0,0,0,0,1,0,90.16,34.4,0
4529,1,0.0,0,0,0,0,0,0,1,0,0,1,0,0,0,104.09,27.9,0
4530,1,1.0,0,0,1,0,0,0,1,0,0,0,1,0,0,90.96,31.5,0
4531,1,1.0,1,0,1,0,0,0,0,1,0,0,0,1,0,152.38,31.8,0
4532,1,0.0,0,0,1,0,0,0,0,1,0,0,0,0,1,114.54,30.1,0
4533,1,1.0,1,0,1,1,0,0,0,1,0,0,0,1,0,174.54,26.4,0
4534,1,0.0,0,0,1,0,0,0,1,0,0,1,0,0,0,106.47,27.2,0
4535,1,0.0,0,0,0,1,0,0,1,0,0,0,0,0,1,73.63,22.5,0
4536,1,0.0,0,0,1,1,1,0,0,0,0,0,1,0,0,98.52,29.8,0
4537,0,0.0,0,0,1,0,0,0,0,1,0,0,0,0,1,62.93,26.1,0
4538,1,0.0,0,0,0,1,0,0,1,0,0,0,1,0,0,67.87,24.9,0
4539,1,0.0,0,0,0,0,0,0,0,0,1,1,0,0,0,120.43,23.5,0
4540,1,0.0,0,0,0,0,0,0,1,0,0,0,0,1,0,76.56,30.1,0
4541,1,0.0,0,0,1,1,0,0,1,0,0,0,0,1,0,108.03,37.3,0
4542,0,1.0,0,0,1,0,0,0,1,0,0,0,1,0,0,83.16,25.5,0
4543,1,1.0,0,0,1,0,0,0,0,1,0,0,0,1,0,67.9,35.3,0
4544,0,0.0,0,0,0,0,0,0,1,0,0,1,0,0,0,115.46,27.6,0
4545,1,0.0,0,0,1,0,0,0,1,0,0,0,0,1,0,123.94,28.7,0
4546,1,0.0,0,0,1,1,1,0,0,0,0,0,0,1,0,231.54,29.9,0
4547,1,1.0,1,0,1,1,1,0,0,0,0,0,1,0,0,219.8,34.2,0
4548,1,0.0,0,0,0,0,0,0,1,0,0,0,0,0,1,187.99,24.9,0
4549,0,1.0,0,0,1,0,0,0,1,0,0,0,1,0,0,234.45,36.8,0
4550,0,1.0,0,0,1,0,0,0,1,0,0,0,1,0,0,75.47,24.5,0
4551,0,0.0,0,0,1,0,0,0,1,0,0,0,0,1,0,98.24,34.6,0
4552,0,1.0,0,0,1,0,1,0,0,0,0,1,0,0,0,66.2,30.0,0
4553,1,0.0,0,0,0,0,0,0,1,0,0,1,0,0,0,94.67,28.8,0
4554,0,1.0,1,0,0,1,0,0,1,0,0,0,0,1,0,75.95,28.6,0
4555,1,1.0,0,0,1,0,1,0,0,0,0,0,0,0,1,111.79,23.6,0
4556,1,0.0,0,0,0,0,0,0,0,0,1,1,0,0,0,80.89,20.1,0
4557,1,0.0,0,0,1,0,1,0,0,0,0,0,1,0,0,86.91,21.1,0
4558,1,0.0,0,0,1,1,0,0,1,0,0,0,0,0,1,59.36,34.1,0
4559,1,0.0,0,0,0,0,0,0,1,0,0,0,0,1,0,66.67,29.5,0
4560,1,0.0,0,0,0,0,0,0,1,0,0,0,0,1,0,87.54,37.8,0
4561,0,0.0,0,0,0,1,0,0,0,1,0,0,0,0,1,139.87,31.2,0
4562,0,0.0,0,0,1,0,0,0,1,0,0,0,0,1,0,67.92,31.1,0
4563,1,0.0,0,0,1,1,0,0,1,0,0,1,0,0,0,83.62,34.2,0
4564,1,0.0,0,0,0,0,0,0,0,0,1,1,0,0,0,110.97,17.7,0
4565,1,0.0,0,0,1,0,0,0,1,0,0,0,0,1,0,70.53,39.2,0
4566,1,0.0,0,0,1,0,0,0,0,1,0,0,1,0,0,115.91,22.2,0
4567,0,0.0,0,0,1,1,0,0,1,0,0,0,0,0,1,59.74,29.5,0
4568,0,0.0,0,0,1,0,0,0,1,0,0,0,0,1,0,62.64,27.0,0
4569,0,0.0,0,0,0,0,0,0,0,0,1,0,0,1,0,84.81,16.8,0
4570,1,1.0,1,0,1,1,0,0,0,1,0,0,0,1,0,78.68,23.3,0
4571,0,1.0,0,0,1,1,0,0,1,0,0,0,1,0,0,217.57,33.5,0
4572,1,0.0,0,0,0,0,0,0,0,0,1,1,0,0,0,79.76,15.6,0
4573,1,1.0,1,0,1,0,1,0,0,0,0,0,0,1,0,63.28,28.2,0
4574,0,0.0,0,0,0,0,1,0,0,0,0,0,0,1,0,78.48,22.6,0
4575,1,0.0,0,0,1,0,1,0,0,0,0,0,0,1,0,70.48,20.2,0
4576,1,0.0,0,0,0,0,0,0,1,0,0,0,1,0,0,120.96,22.2,0
4577,1,1.0,0,0,1,0,0,0,0,1,0,0,0,1,0,77.29,22.6,0
4578,0,0.0,0,0,1,1,0,0,1,0,0,1,0,0,0,108.51,26.7,0
4579,0,0.0,0,0,0,1,0,0,0,1,0,1,0,0,0,113.85,22.9,0
4580,1,0.0,0,0,0,1,0,1,0,0,0,1,0,0,0,97.65,21.5,0
4581,0,1.0,0,0,1,0,0,0,1,0,0,0,1,0,0,121.83,30.3,0
4582,1,0.0,0,0,0,1,0,0,0,0,1,1,0,0,0,81.53,14.8,0
4583,0,0.0,0,0,1,1,1,0,0,0,0,0,0,1,0,58.35,24.3,0
4584,1,0.0,0,0,1,1,0,0,1,0,0,0,1,0,0,65.42,17.4,0
4585,0,1.0,0,0,1,0,0,0,1,0,0,0,0,1,0,69.34,29.0,0
4586,0,0.0,0,0,1,1,0,0,0,1,0,0,0,0,1,109.09,26.3,0
4587,1,0.0,0,0,1,1,0,0,0,1,0,0,0,1,0,66.71,51.7,0
4588,1,0.0,0,0,1,0,0,0,1,0,0,1,0,0,0,114.92,29.2,0
4589,1,0.0,0,0,0,0,0,0,1,0,0,0,0,1,0,120.58,18.3,0
4590,1,0.0,0,0,0,0,0,0,1,0,0,0,0,0,1,165.36,21.9,0
4591,0,0.0,0,0,0,1,0,0,0,0,1,1,0,0,0,66.11,16.3,0
4592,1,1.0,1,1,1,0,0,0,1,0,0,0,0,0,1,126.34,27.4,0
4593,1,0.0,0,0,0,0,0,1,0,0,0,0,0,1,0,68.27,20.4,0
4594,0,0.0,0,0,0,0,0,0,1,0,0,0,0,1,0,92.86,23.2,0
4595,0,0.0,0,0,0,0,0,0,0,1,0,0,1,0,0,96.77,30.3,0
4596,0,0.0,0,0,0,0,0,0,0,0,1,1,0,0,0,89.24,16.7,0
4597,1,0.0,0,0,1,0,0,0,1,0,0,0,1,0,0,89.32,31.0,0
4598,1,1.0,0,0,1,1,0,0,1,0,0,0,0,0,1,65.63,33.5,0
4599,0,0.0,0,0,0,1,0,0,0,0,1,1,0,0,0,123.66,17.0,0
4600,0,0.0,0,0,0,0,0,0,1,0,0,0,0,0,1,63.82,19.4,0
4601,0,0.0,0,0,0,0,0,0,0,0,1,1,0,0,0,108.06,14.6,0
4602,0,1.0,0,0,1,0,0,0,0,1,0,1,0,0,0,136.18,32.2,0
4603,0,1.0,1,0,0,1,1,0,0,0,0,0,0,1,0,71.29,37.7,0
4604,0,0.0,0,0,1,0,1,0,0,0,0,0,0,1,0,76.58,27.4,0
4605,0,0.0,0,0,0,0,0,0,1,0,0,0,0,1,0,119.58,25.0,0
4606,1,0.0,0,0,0,1,0,0,0,0,1,1,0,0,0,109.3,20.1,0
4607,1,1.0,0,0,1,1,1,0,0,0,0,0,0,1,0,111.94,21.7,0
4608,0,1.0,0,0,1,1,0,0,1,0,0,0,0,1,0,81.64,38.2,0
4609,0,0.0,0,0,0,0,0,0,0,0,1,1,0,0,0,97.64,17.0,0
4610,1,0.0,0,0,1,0,0,0,1,0,0,0,0,1,0,110.32,28.4,0
4611,1,0.0,0,0,0,0,0,0,1,0,0,0,0,1,0,79.0,30.0,0
4612,1,0.0,0,0,1,1,0,0,0,1,0,0,0,1,0,95.08,34.1,0
4613,0,0.0,0,0,0,1,0,0,1,0,0,0,0,1,0,137.27,19.3,0
4614,1,0.0,0,0,0,1,0,0,0,1,0,0,0,0,1,57.83,21.6,0
4615,0,0.0,0,0,1,0,0,0,1,0,0,0,0,1,0,84.08,32.9,0
4616,0,1.0,1,0,1,1,0,0,1,0,0,0,1,0,0,234.51,27.2,0
4617,0,0.0,0,0,1,1,0,0,1,0,0,0,0,0,1,142.64,27.8,0
4618,1,1.0,0,0,1,0,0,0,0,1,0,0,0,1,0,69.77,29.9,0
4619,1,0.0,0,0,1,1,0,0,1,0,0,0,0,0,1,71.4,28.4,0
4620,1,0.0,0,0,0,1,0,0,1,0,0,1,0,0,0,79.61,24.1,0
4621,1,0.0,0,0,0,0,0,0,1,0,0,1,0,0,0,77.46,24.0,0
4622,1,0.0,0,0,0,1,0,0,1,0,0,1,0,0,0,96.85,23.4,0
4623,1,0.0,1,0,0,1,1,0,0,0,0,0,1,0,0,182.22,32.6,0
4624,1,0.0,0,0,1,1,0,0,0,1,0,0,1,0,0,67.26,33.1,0
4625,1,0.0,0,0,1,0,0,0,1,0,0,0,1,0,0,60.02,33.8,0
4626,1,1.0,0,0,1,1,0,0,0,1,0,0,0,1,0,113.45,30.3,0
4627,1,0.0,0,0,1,1,0,0,0,1,0,1,0,0,0,112.31,36.9,0
4628,1,0.0,0,0,1,0,0,0,0,1,0,0,0,1,0,68.53,29.7,0
4629,1,1.0,1,0,1,0,0,0,1,0,0,0,0,1,0,57.15,38.8,0
4630,1,1.0,0,0,1,0,0,0,1,0,0,0,0,1,0,214.73,30.9,0
4631,1,1.0,0,0,1,0,0,0,1,0,0,1,0,0,0,91.82,36.9,0
4632,1,0.0,0,0,0,1,0,0,0,0,1,1,0,0,0,71.8,18.8,0
4633,1,0.0,0,0,0,1,0,0,1,0,0,0,1,0,0,63.41,25.5,0
4634,0,0.0,0,0,1,1,0,0,1,0,0,0,0,1,0,106.24,32.3,0
4635,0,0.0,0,0,1,0,1,0,0,0,0,0,0,0,1,83.01,25.8,0
4636,0,1.0,0,0,1,0,0,0,1,0,0,0,1,0,0,67.92,31.1,0
4637,1,0.0,0,0,0,0,0,0,1,0,0,0,0,0,1,74.99,27.9,0
4638,1,0.0,0,0,0,0,0,0,0,0,1,1,0,0,0,75.22,18.6,0
4639,1,0.0,0,0,0,1,0,0,1,0,0,0,0,1,0,61.88,20.1,0
4640,1,0.0,0,0,1,1,0,0,1,0,0,0,0,0,1,65.67,26.7,0
4641,1,0.0,0,0,1,1,0,0,1,0,0,0,0,0,1,110.18,30.3,0
4642,0,0.0,1,0,1,0,0,0,0,1,0,0,1,0,0,119.3,30.4,0
4643,0,1.0,0,0,1,0,1,0,0,0,0,1,0,0,0,208.69,30.0,0
4644,0,0.0,0,0,0,0,0,0,1,0,0,0,0,0,1,95.18,24.9,0
4645,1,0.0,0,0,1,1,0,0,1,0,0,1,0,0,0,107.72,60.9,0
4646,0,0.0,0,0,0,0,0,0,0,0,1,1,0,0,0,83.27,24.3,0
4647,1,0.0,0,0,0,0,0,0,1,0,0,1,0,0,0,90.29,38.7,0
4648,0,0.0,0,0,0,1,0,0,0,0,1,1,0,0,0,81.87,18.6,0
4649,0,0.0,0,0,0,1,0,0,0,0,1,1,0,0,0,153.31,17.1,0
4650,0,0.0,0,0,1,0,0,0,1,0,0,1,0,0,0,101.46,29.4,0
4651,1,0.0,0,0,0,1,0,0,0,0,1,1,0,0,0,72.49,16.9,0
4652,0,0.0,0,0,1,0,0,0,1,0,0,0,0,1,0,86.58,34.2,0
4653,1,0.0,0,0,1,1,0,0,1,0,0,0,0,1,0,113.26,27.6,0
4654,1,0.0,0,0,1,1,0,0,1,0,0,0,0,1,0,84.92,47.8,0
4655,1,0.0,0,0,0,1,0,0,0,0,1,1,0,0,0,128.17,18.9,0
4656,0,1.0,0,0,1,0,1,0,0,0,0,0,1,0,0,93.93,24.4,0
4657,0,0.0,0,0,0,1,0,0,0,0,1,1,0,0,0,99.87,25.2,0
4658,1,1.0,0,0,1,1,0,0,1,0,0,0,1,0,0,129.31,30.7,0
4659,1,0.0,0,0,1,1,1,0,0,0,0,0,1,0,0,89.43,26.1,0
4660,1,0.0,0,0,0,0,0,0,0,0,1,0,0,1,0,101.6,25.3,0
4661,1,0.0,0,0,0,0,0,0,1,0,0,0,0,0,1,66.55,32.8,0
4662,1,0.0,1,1,1,0,0,0,1,0,0,0,1,0,0,231.72,45.7,0
4663,1,0.0,0,0,0,1,0,0,1,0,0,1,0,0,0,96.69,24.6,0
4664,0,0.0,0,0,1,0,0,0,1,0,0,0,0,1,0,102.13,32.3,0
4665,1,0.0,0,0,1,1,0,0,1,0,0,0,0,0,1,100.88,47.6,0
4666,0,0.0,0,0,1,0,0,0,1,0,0,1,0,0,0,66.22,34.4,0
4667,1,0.0,0,0,0,1,0,0,0,0,1,1,0,0,0,109.33,18.2,0
4668,1,0.0,0,0,1,1,0,0,1,0,0,0,0,0,1,206.53,44.5,0
4669,1,0.0,0,0,1,0,0,0,1,0,0,1,0,0,0,83.91,36.6,0
4670,1,0.0,0,0,0,1,0,0,1,0,0,0,0,1,0,67.92,19.4,0
4671,1,0.0,0,0,0,0,0,0,0,0,1,1,0,0,0,73.48,22.9,0
4672,0,0.0,0,0,0,0,0,0,0,0,1,1,0,0,0,101.31,20.0,0
4673,1,0.0,0,0,1,1,0,0,1,0,0,0,0,0,1,103.66,36.1,0
4674,0,0.0,0,0,1,1,0,0,0,1,0,0,1,0,0,70.73,27.3,0
4675,1,0.0,0,0,0,0,1,0,0,0,0,0,1,0,0,77.45,42.2,0
4676,1,0.0,0,1,1,1,0,0,1,0,0,0,0,1,0,193.8,26.4,0
4677,1,0.0,0,0,0,0,0,0,0,0,1,0,0,1,0,114.34,23.6,0
4678,0,0.0,0,0,0,1,0,0,0,0,1,1,0,0,0,69.25,18.6,0
4679,1,0.0,0,0,0,0,0,0,0,0,1,1,0,0,0,88.44,18.0,0
4680,0,0.0,0,0,1,0,0,0,1,0,0,0,1,0,0,84.09,31.1,0
4681,1,0.0,0,0,1,1,0,0,1,0,0,0,0,1,0,87.06,30.0,0
4682,1,0.0,0,0,1,0,0,0,1,0,0,0,0,1,0,92.64,43.8,0
4683,1,0.0,0,0,1,1,0,0,1,0,0,0,0,0,1,99.36,23.8,0
4684,1,0.0,0,0,1,0,0,0,1,0,0,0,1,0,0,135.63,36.2,0
4685,0,0.0,0,0,0,0,0,0,0,0,1,1,0,0,0,82.44,32.6,0
4686,0,0.0,0,0,0,1,0,0,0,0,1,1,0,0,0,81.88,18.0,0
4687,1,1.0,0,0,1,1,0,0,0,1,0,0,0,0,1,95.44,25.5,0
4688,1,1.0,0,0,0,1,0,0,0,1,0,0,0,1,0,72.71,29.9,0
4689,1,0.0,0,0,1,1,0,0,1,0,0,0,0,1,0,65.45,32.1,0
4690,1,1.0,0,0,1,1,0,0,1,0,0,0,0,1,0,203.01,25.4,0
4691,1,1.0,0,0,1,1,1,0,0,0,0,0,0,0,1,110.84,23.4,0
4692,0,0.0,0,0,1,1,0,0,1,0,0,1,0,0,0,83.12,23.4,0
4693,1,0.0,0,0,0,0,0,0,1,0,0,0,0,1,0,55.12,21.8,0
4694,1,0.0,0,0,0,0,0,0,1,0,0,0,0,1,0,105.91,30.8,0
4695,1,0.0,0,0,1,0,0,0,1,0,0,0,1,0,0,61.57,37.9,0
4696,1,0.0,0,0,1,1,1,0,0,0,0,0,0,0,1,83.1,42.5,0
4697,1,0.0,0,0,1,1,0,0,1,0,0,0,0,1,0,66.32,23.4,0
4698,1,0.0,0,0,1,1,1,0,0,0,0,0,0,1,0,72.56,35.4,0
4699,0,0.0,1,0,1,0,0,0,0,1,0,0,0,0,1,97.99,32.3,0
4700,1,0.0,0,0,0,1,0,0,1,0,0,0,0,1,0,63.27,27.0,0
4701,1,0.0,0,0,0,1,1,0,0,0,0,0,0,1,0,79.6,46.3,0
4702,1,0.0,1,0,1,0,0,0,1,0,0,0,0,1,0,177.56,30.1,0
4703,1,0.0,0,0,1,0,0,0,1,0,0,0,0,1,0,81.31,34.7,0
4704,1,1.0,0,0,1,0,0,0,0,1,0,0,0,1,0,59.91,18.3,0
4705,1,0.0,0,0,0,0,0,0,0,0,1,0,0,1,0,132.85,16.2,0
4706,0,1.0,0,0,1,0,0,0,1,0,0,0,1,0,0,198.84,33.2,0
4707,0,0.0,0,0,0,1,0,0,0,0,1,1,0,0,0,77.12,18.6,0
4708,0,0.0,0,0,0,1,0,0,1,0,0,0,0,1,0,87.17,25.1,0
4709,1,0.0,0,0,1,0,0,0,1,0,0,1,0,0,0,96.03,24.1,0
4710,1,0.0,0,0,0,0,0,0,1,0,0,1,0,0,0,83.56,33.1,0
4711,1,0.0,0,0,0,0,0,0,0,0,1,1,0,0,0,80.93,24.8,0
4712,1,1.0,0,0,1,0,0,0,1,0,0,0,0,0,1,84.54,23.4,0
4713,1,0.0,0,0,1,1,0,0,1,0,0,0,0,1,0,70.51,54.1,0
4714,0,0.0,0,0,1,0,0,0,1,0,0,0,1,0,0,56.87,28.9,0
4715,1,1.0,0,0,1,1,0,0,0,1,0,1,0,0,0,67.55,38.1,0
4716,1,0.0,0,0,1,1,0,0,1,0,0,0,0,0,1,243.52,37.2,0
4717,1,0.0,0,0,0,1,0,0,0,0,1,1,0,0,0,108.63,19.6,0
4718,1,0.0,0,0,0,0,0,0,1,0,0,0,0,0,1,69.06,29.0,0
4719,1,1.0,0,0,1,1,0,0,1,0,0,0,1,0,0,73.89,26.7,0
4720,0,0.0,0,0,0,1,0,0,1,0,0,0,0,1,0,84.49,20.5,0
4721,1,0.0,0,0,1,1,1,0,0,0,0,0,0,1,0,73.71,34.1,0
4722,1,0.0,0,0,0,1,1,0,0,0,0,1,0,0,0,129.01,42.4,0
4723,0,0.0,0,0,1,1,1,0,0,0,0,0,0,0,1,72.96,37.7,0
4724,0,0.0,0,0,0,0,0,0,1,0,0,1,0,0,0,110.23,39.1,0
4725,0,1.0,0,0,1,0,1,0,0,0,0,1,0,0,0,79.49,28.9,0
4726,0,0.0,0,0,1,1,0,0,1,0,0,0,0,1,0,89.33,30.7,0
4727,1,1.0,0,0,1,0,0,0,1,0,0,1,0,0,0,68.38,33.8,0
4728,1,0.0,0,0,1,1,1,0,0,0,0,0,1,0,0,135.79,32.1,0
4729,1,0.0,0,0,0,0,0,0,1,0,0,0,0,1,0,82.19,40.5,0
4730,0,0.0,1,0,1,1,0,0,0,1,0,0,0,0,1,93.2,24.8,0
4731,1,1.0,0,0,1,1,0,0,0,1,0,0,1,0,0,208.31,31.8,0
4732,0,0.0,0,0,1,0,0,0,1,0,0,0,0,1,0,111.33,27.0,0
4733,1,0.0,0,0,0,0,0,0,0,0,1,1,0,0,0,69.84,13.7,0
4734,0,0.0,0,0,0,0,0,0,0,0,1,0,0,1,0,121.71,23.4,0
4735,0,0.0,0,0,0,1,0,0,0,0,1,1,0,0,0,80.08,16.4,0
4736,0,0.0,0,0,0,1,0,0,0,0,1,1,0,0,0,84.4,14.9,0
4737,1,0.0,1,0,1,0,1,0,0,0,0,0,0,0,1,98.61,38.8,0
4738,0,0.0,1,0,0,1,0,0,1,0,0,0,0,0,1,86.61,38.6,0
4739,1,1.0,0,0,1,1,0,0,1,0,0,0,0,1,0,80.44,32.2,0
4740,0,0.0,0,0,0,0,0,0,1,0,0,0,0,1,0,97.23,30.6,0
4741,0,0.0,0,0,0,0,0,0,1,0,0,0,1,0,0,91.21,28.1,0
4742,1,1.0,1,0,1,1,0,0,0,1,0,0,0,0,1,103.69,35.2,0
4743,1,1.0,0,0,1,1,0,0,1,0,0,0,1,0,0,74.12,21.8,0
4744,1,0.0,0,0,1,1,0,0,1,0,0,0,0,1,0,71.08,28.1,0
4745,1,0.0,0,0,0,1,0,0,1,0,0,0,0,1,0,58.39,28.2,0
4746,1,0.0,1,0,1,0,0,0,0,1,0,0,0,1,0,176.34,28.4,0
4747,0,0.0,0,0,1,0,0,0,1,0,0,0,0,1,0,73.76,37.4,0
4748,1,0.0,0,0,0,0,0,0,1,0,0,0,1,0,0,67.21,21.8,0
4749,0,0.0,0,0,0,1,0,0,0,0,1,1,0,0,0,87.98,19.8,0
4750,0,0.0,0,0,0,1,0,0,0,0,1,1,0,0,0,94.23,16.2,0
4751,0,0.0,0,0,1,0,0,0,0,1,0,0,0,1,0,111.36,33.6,0
4752,1,0.0,0,0,1,1,0,0,1,0,0,0,0,0,1,84.07,21.2,0
4753,1,0.0,0,0,1,1,0,0,1,0,0,0,0,1,0,117.31,28.4,0
4754,1,0.0,0,0,0,1,0,0,1,0,0,0,0,1,0,68.86,41.1,0
4755,1,0.0,0,0,0,1,0,0,1,0,0,0,0,1,0,132.88,24.9,0
4756,0,0.0,1,0,1,0,0,0,0,1,0,0,0,1,0,211.83,56.6,0
4757,1,0.0,0,0,1,0,0,0,1,0,0,1,0,0,0,124.92,28.8,0
4758,1,1.0,0,0,0,1,0,0,0,1,0,0,0,1,0,57.42,33.7,0
4759,0,0.0,0,0,1,1,0,0,1,0,0,0,1,0,0,215.69,38.6,0
4760,1,0.0,0,0,1,1,0,0,1,0,0,0,0,1,0,154.67,33.8,0
4761,1,0.0,0,0,0,1,0,0,1,0,0,0,0,1,0,67.66,22.4,0
4762,0,1.0,0,0,1,0,0,0,1,0,0,0,0,1,0,153.48,37.3,0
4763,1,0.0,0,0,1,1,0,0,0,1,0,0,0,1,0,62.63,23.4,0
4764,1,0.0,0,0,1,1,0,0,1,0,0,0,0,0,1,77.93,39.1,0
4765,1,0.0,0,0,0,0,0,0,0,0,1,1,0,0,0,80.3,21.2,0
4766,0,0.0,0,0,1,1,0,0,1,0,0,1,0,0,0,106.69,31.2,0
4767,1,0.0,0,0,1,1,0,0,1,0,0,0,1,0,0,83.07,28.0,0
4768,1,0.0,0,0,0,1,0,0,1,0,0,0,0,1,0,140.14,21.1,0
4769,1,0.0,0,0,0,1,0,0,0,0,1,0,0,1,0,92.65,15.7,0
4770,0,0.0,0,0,1,1,0,0,1,0,0,0,1,0,0,111.37,29.1,0
4771,1,1.0,0,0,1,0,0,0,1,0,0,0,0,1,0,99.0,26.1,0
4772,0,0.0,0,0,0,0,0,0,0,0,1,1,0,0,0,78.24,16.2,0
4773,1,0.0,0,0,1,0,1,0,0,0,0,0,0,1,0,83.88,27.1,0
4774,0,0.0,0,0,0,1,0,0,1,0,0,0,0,0,1,86.21,28.8,0
4775,1,1.0,0,0,1,1,0,0,1,0,0,0,0,1,0,57.06,37.9,0
4776,1,0.0,0,0,1,0,0,0,1,0,0,1,0,0,0,112.25,21.6,0
4777,0,1.0,0,0,1,1,0,0,1,0,0,0,0,0,1,81.06,30.1,0
4778,0,1.0,0,0,1,1,0,0,1,0,0,0,0,1,0,104.37,29.7,0
4779,1,0.0,0,0,1,1,0,0,1,0,0,1,0,0,0,124.31,26.4,0
4780,1,0.0,0,0,0,1,0,0,1,0,0,0,1,0,0,101.95,46.0,0
4781,1,0.0,0,0,0,0,0,0,1,0,0,0,0,1,0,116.95,26.1,0
4782,1,0.0,0,0,0,1,0,0,0,0,1,1,0,0,0,99.76,23.2,0
4783,1,1.0,0,0,0,1,0,0,1,0,0,1,0,0,0,105.48,28.4,0
4784,1,0.0,0,0,0,1,0,0,1,0,0,0,0,1,0,100.6,20.5,0
4785,0,0.0,0,0,0,1,0,0,1,0,0,1,0,0,0,65.05,24.6,0
4786,0,0.0,0,0,0,0,0,0,1,0,0,0,0,1,0,75.9,32.2,0
4787,0,1.0,1,0,1,0,0,0,1,0,0,0,0,1,0,267.6,30.5,0
4788,1,0.0,0,0,1,1,1,0,0,0,0,1,0,0,0,109.03,24.9,0
4789,0,0.0,0,1,1,0,0,0,1,0,0,0,0,0,1,225.35,26.5,0
4790,0,1.0,1,0,1,0,0,0,1,0,0,1,0,0,0,196.26,34.5,0
4791,1,1.0,0,0,1,1,1,0,0,0,0,0,1,0,0,95.42,21.5,0
4792,1,0.0,0,0,0,0,0,0,0,0,1,1,0,0,0,123.04,15.9,0
4793,0,0.0,0,0,0,1,0,0,0,0,1,1,0,0,0,85.88,17.7,0
4794,1,0.0,0,0,1,0,0,0,1,0,0,0,0,1,0,107.43,26.5,0
4795,1,0.0,0,0,1,0,0,0,1,0,0,0,0,1,0,56.85,24.4,0
4796,1,0.0,0,0,1,0,1,0,0,0,0,1,0,0,0,102.15,26.6,0
4797,1,0.0,0,0,1,0,0,0,0,1,0,0,0,1,0,88.68,23.9,0
4798,1,0.0,0,0,1,1,0,0,1,0,0,1,0,0,0,182.52,30.1,0
4799,1,0.0,0,0,1,1,0,0,1,0,0,0,0,1,0,93.97,23.6,0
4800,1,0.0,0,0,0,1,0,0,0,0,1,1,0,0,0,104.03,18.4,0
4801,1,0.0,0,0,1,0,0,0,1,0,0,0,0,1,0,67.99,32.1,0
4802,0,0.0,0,0,0,0,0,0,1,0,0,1,0,0,0,83.37,24.4,0
4803,0,0.0,0,0,0,0,0,0,1,0,0,0,0,1,0,124.66,27.3,0
4804,1,1.0,0,0,1,0,0,0,1,0,0,0,0,1,0,212.87,34.8,0
4805,1,1.0,0,0,1,1,1,0,0,0,0,0,1,0,0,96.75,28.4,0
4806,0,0.0,0,0,0,1,0,0,1,0,0,1,0,0,0,63.28,40.2,0
4807,1,0.0,0,0,0,1,0,0,1,0,0,1,0,0,0,82.64,31.1,0
4808,1,0.0,0,0,0,0,0,0,1,0,0,0,0,1,0,71.34,24.0,0
4809,1,0.0,0,0,1,0,0,0,1,0,0,0,1,0,0,183.43,38.1,0
4810,1,0.0,0,0,1,1,1,0,0,0,0,0,1,0,0,101.19,29.9,0
4811,1,1.0,0,1,1,0,0,0,1,0,0,0,0,1,0,88.51,24.5,0
4812,1,0.0,0,0,1,0,0,0,0,1,0,0,1,0,0,126.85,49.5,0
4813,1,1.0,0,0,1,1,0,0,0,1,0,0,1,0,0,74.17,35.5,0
4814,1,0.0,0,0,1,1,0,0,1,0,0,0,0,0,1,76.04,29.5,0
4815,1,0.0,0,0,1,1,0,0,1,0,0,0,0,0,1,73.87,28.8,0
4816,1,0.0,0,0,1,0,0,0,1,0,0,0,0,1,0,99.07,22.1,0
4817,0,0.0,0,0,0,1,0,0,1,0,0,0,1,0,0,82.93,29.4,0
4818,1,0.0,0,0,1,0,1,0,0,0,0,0,0,0,1,133.24,45.0,0
4819,1,1.0,0,0,1,1,0,0,0,1,0,0,0,1,0,69.88,27.1,0
4820,1,0.0,0,0,1,0,1,0,0,0,0,1,0,0,0,69.12,28.3,0
4821,1,1.0,0,0,1,0,0,0,0,1,0,0,1,0,0,86.05,20.1,0
4822,0,0.0,0,0,1,1,0,0,1,0,0,0,0,1,0,185.27,31.3,0
4823,0,0.0,0,0,0,1,0,0,0,0,1,1,0,0,0,97.46,17.6,0
4824,1,0.0,0,0,1,1,0,0,1,0,0,0,0,1,0,81.9,24.5,0
4825,1,0.0,0,0,0,0,0,0,1,0,0,1,0,0,0,99.58,24.1,0
4826,1,0.0,0,0,0,0,0,0,1,0,0,0,0,1,0,124.54,31.3,0
4827,0,0.0,0,0,1,0,0,0,1,0,0,0,0,1,0,153.34,31.5,0
4828,1,0.0,0,0,1,1,0,0,1,0,0,1,0,0,0,112.35,29.9,0
4829,1,0.0,0,0,0,1,1,0,0,0,0,0,0,0,1,160.76,30.2,0
4830,1,0.0,0,0,1,0,0,0,1,0,0,0,0,1,0,73.29,27.8,0
4831,0,0.0,0,0,0,1,0,0,0,0,1,1,0,0,0,108.08,15.6,0
4832,1,1.0,0,0,1,1,0,0,1,0,0,0,0,1,0,206.49,26.3,0
4833,0,0.0,0,0,1,0,0,0,1,0,0,0,0,1,0,77.42,24.8,0
4834,1,0.0,0,0,0,0,0,0,1,0,0,0,0,1,0,117.59,17.1,0
4835,1,0.0,0,0,0,0,0,0,0,0,1,1,0,0,0,61.94,20.3,0
4836,1,0.0,0,0,0,1,0,0,1,0,0,0,1,0,0,116.68,18.7,0
4837,1,1.0,0,0,0,1,0,0,1,0,0,0,1,0,0,253.86,28.8,0
4838,1,1.0,0,0,1,1,0,0,1,0,0,0,1,0,0,203.36,28.7,0
4839,0,0.0,0,0,1,0,0,0,0,1,0,0,0,1,0,125.87,24.6,0
4840,1,0.0,0,0,0,0,0,0,0,1,0,0,0,1,0,64.09,25.3,0
4841,0,0.0,0,0,1,1,1,0,0,0,0,1,0,0,0,65.33,29.7,0
4842,0,0.0,0,0,1,1,0,0,1,0,0,1,0,0,0,96.84,21.1,0
4843,0,0.0,0,0,1,0,0,0,1,0,0,0,0,0,1,175.92,26.9,0
4844,0,0.0,0,0,0,0,0,0,1,0,0,0,1,0,0,100.65,26.2,0
4845,0,0.0,0,0,0,0,0,0,1,0,0,1,0,0,0,112.39,26.3,0
4846,0,0.0,0,0,1,0,1,0,0,0,0,0,0,1,0,81.1,24.8,0
4847,1,0.0,0,0,1,0,0,0,1,0,0,0,0,1,0,98.3,25.0,0
4848,0,0.0,0,0,1,1,0,0,1,0,0,1,0,0,0,89.68,34.6,0
4849,1,0.0,0,0,1,1,1,0,0,0,0,0,1,0,0,95.16,42.7,0
4850,1,0.0,0,0,1,0,0,0,1,0,0,0,0,1,0,91.04,24.5,0
4851,0,0.0,0,0,0,1,0,0,0,0,1,1,0,0,0,101.87,19.3,0
4852,1,0.0,0,0,1,0,0,0,1,0,0,0,0,1,0,96.86,29.3,0
4853,1,0.0,0,0,0,1,0,0,0,0,1,1,0,0,0,91.05,22.1,0
4854,1,0.0,0,0,1,1,1,0,0,0,0,0,0,1,0,55.84,27.8,0
4855,1,0.0,0,0,1,1,0,0,1,0,0,0,0,1,0,84.04,24.7,0
4856,1,0.0,0,0,0,1,0,0,1,0,0,0,0,0,1,92.06,25.3,0
4857,1,0.0,0,0,1,1,0,0,1,0,0,0,1,0,0,89.61,41.2,0
4858,1,0.0,0,0,1,1,1,0,0,0,0,0,0,1,0,69.92,47.6,0
4859,0,0.0,0,0,0,0,0,0,1,0,0,0,0,1,0,89.29,23.4,0
4860,1,1.0,0,0,1,0,1,0,0,0,0,1,0,0,0,120.23,22.7,0
4861,0,1.0,0,0,1,1,0,0,1,0,0,0,1,0,0,60.22,29.7,0
4862,0,0.0,0,0,1,1,0,0,1,0,0,0,0,1,0,223.78,32.3,0
4863,1,1.0,0,0,1,0,0,0,0,1,0,0,0,1,0,211.58,36.9,0
4864,0,0.0,0,0,1,1,0,0,1,0,0,1,0,0,0,179.38,27.7,0
4865,0,1.0,0,0,1,0,0,0,0,1,0,1,0,0,0,193.88,24.3,0
4866,1,0.0,0,0,1,1,0,0,1,0,0,0,0,1,0,89.01,37.4,0
4867,1,0.0,0,0,0,1,0,0,1,0,0,0,0,1,0,118.41,25.1,0
4868,0,0.0,0,0,0,1,0,0,1,0,0,0,0,1,0,138.51,24.3,0
4869,0,1.0,0,0,1,1,0,0,0,1,0,0,1,0,0,120.03,24.3,0
4870,1,0.0,0,0,0,1,0,0,1,0,0,0,0,1,0,91.01,28.7,0
4871,1,0.0,0,0,0,1,0,0,0,0,1,1,0,0,0,61.98,16.8,0
4872,0,1.0,0,0,1,0,0,0,1,0,0,1,0,0,0,135.32,35.8,0
4873,1,0.0,0,0,1,0,0,0,1,0,0,0,0,0,1,58.72,40.0,0
4874,1,0.0,0,0,0,1,0,0,1,0,0,0,0,1,0,90.42,24.3,0
4875,1,0.0,0,0,1,1,1,0,0,0,0,0,0,0,1,104.0,25.6,0
4876,0,1.0,0,0,1,1,0,0,1,0,0,1,0,0,0,102.5,37.8,0
4877,1,0.0,0,0,1,0,0,0,1,0,0,0,0,1,0,174.37,23.0,0
4878,0,0.0,0,0,0,0,0,0,1,0,0,1,0,0,0,106.56,21.0,0
4879,1,0.0,0,0,0,1,0,0,0,0,1,1,0,0,0,76.31,15.5,0
4880,0,0.0,0,0,0,1,0,0,0,0,1,1,0,0,0,77.28,17.1,0
4881,1,0.0,0,0,1,1,0,0,0,1,0,0,0,1,0,90.52,28.0,0
4882,0,0.0,0,0,1,0,1,0,0,0,0,0,1,0,0,108.35,40.8,0
4883,1,0.0,0,0,1,0,0,0,1,0,0,0,0,0,1,72.03,37.5,0
4884,1,0.0,0,0,0,1,0,0,1,0,0,1,0,0,0,90.57,24.2,0
4885,0,1.0,0,0,1,0,0,0,1,0,0,0,0,0,1,97.04,26.9,0
4886,1,1.0,0,0,1,1,0,0,1,0,0,0,1,0,0,83.89,33.1,0
4887,1,0.0,0,0,1,1,0,0,1,0,0,1,0,0,0,152.56,21.8,0
4888,1,1.0,0,0,1,0,0,0,0,1,0,0,1,0,0,75.93,34.7,0
4889,1,1.0,1,0,1,1,0,0,0,1,0,1,0,0,0,76.89,30.2,0
4890,1,0.0,0,0,0,0,0,0,0,0,1,1,0,0,0,62.13,16.8,0
4891,0,0.0,0,0,0,0,1,0,0,0,0,0,0,0,1,100.85,21.0,0
4892,0,0.0,1,0,1,0,0,0,1,0,0,0,0,1,0,95.05,30.9,0
4893,0,1.0,0,0,1,1,1,0,0,0,0,0,0,1,0,82.35,38.9,0
4894,0,0.0,0,0,0,1,0,0,0,0,1,1,0,0,0,82.38,24.3,0
4895,0,0.0,0,0,0,0,0,0,0,0,1,1,0,0,0,79.15,17.4,0
4896,0,0.0,0,0,1,0,1,0,0,0,0,0,0,1,0,76.62,28.2,0
4897,0,1.0,0,0,1,1,0,0,0,1,0,1,0,0,0,91.68,40.8,0
4898,0,0.0,0,0,0,1,0,0,0,0,1,1,0,0,0,71.88,17.5,0
4899,0,1.0,1,0,1,0,0,0,0,1,0,0,0,1,0,71.97,28.3,0
4900,1,0.0,0,0,1,1,0,0,1,0,0,1,0,0,0,97.95,24.5,0
4901,1,0.0,0,0,1,0,0,0,1,0,0,0,0,1,0,77.93,21.7,0
4902,1,0.0,0,0,0,1,0,0,1,0,0,1,0,0,0,82.85,46.9,0
4903,1,0.0,0,0,0,0,0,0,0,0,1,1,0,0,0,103.08,18.6,0
4904,1,1.0,0,0,1,1,0,0,0,1,0,0,0,1,0,125.2,40.0,0
4905,1,0.0,0,0,1,0,0,0,0,1,0,0,0,1,0,82.99,30.6,0
4906,0,0.0,0,0,1,0,0,0,1,0,0,0,1,0,0,166.29,25.6,0
4907,1,0.0,0,0,1,1,1,0,0,0,0,1,0,0,0,85.28,26.2,0
4908,0,1.0,0,0,1,0,0,0,0,0,0,0,0,0,0,104.17357715542467,23.508711732589376,1
4909,0,1.0,0,0,1,0,0,0,1,0,0,0,0,0,0,78.66890431692447,20.377835175929263,1
4910,0,0.799157971104782,0,0,1,0,0,0,1,0,0,0,0,0,0,211.26485886947313,40.28412594158657,1
4911,0,1.0,0,0,0,1,0,0,0,0,0,0,0,0,1,69.1215211040864,24.734708342676974,1
4912,1,1.0,0,0,0,0,0,0,1,0,0,0,0,1,0,91.93849452805554,23.850131449509007,1
4913,1,0.42001100429566285,0,0,1,1,0,0,0,0,0,0,0,1,0,228.37167113969778,48.31198459398607,1
4914,1,0.0,0,0,1,0,0,0,0,0,0,0,0,0,0,104.05462854416587,27.3,1
4915,1,1.0,0,0,1,0,0,0,0,0,0,0,0,0,0,194.43881691548813,22.366522354665225,1
4916,0,1.0,0,0,1,1,0,0,0,0,0,0,0,0,0,213.75266966324384,26.45250198302901,1
4917,0,0.8664231835397002,0,0,1,0,0,0,1,0,0,0,0,0,1,97.36855466442827,26.76065740444281,1
4918,0,1.0,1,0,1,0,0,0,1,0,0,0,1,0,0,242.81749045346984,45.2019133732767,1
4919,0,0.0,0,0,1,0,0,0,1,0,0,0,0,0,0,63.039639620666804,30.02284549773577,1
4920,1,1.0,0,0,1,0,0,0,0,1,0,0,0,0,0,81.49504102565427,17.249968441804405,1
4921,0,0.0,0,0,1,1,0,0,1,0,0,0,0,0,0,86.2591072997613,30.7068915656313,1
4922,1,0.0,0,0,1,0,1,0,0,0,0,0,0,1,0,65.9474264647772,36.78213963052968,1
4923,0,1.0,0,0,1,0,0,0,0,0,0,0,0,0,0,187.86525928230947,29.966574763392394,1
4924,0,0.4803883241969925,0,0,1,0,0,0,0,0,0,0,0,0,0,63.08314568676661,27.43040787079233,1
4925,1,0.0,0,0,1,0,0,0,1,0,0,0,0,0,0,73.19024738904407,30.29861052351945,1
4926,0,1.0,0,0,1,0,0,0,0,0,0,0,0,0,0,134.34161330651344,32.89686996869315,1
4927,1,0.0,0,0,1,0,0,0,1,0,0,0,0,0,0,222.6072421398065,43.56369832500698,1
4928,1,0.0,0,0,1,1,0,0,1,0,0,0,0,0,0,61.90055841512759,30.141599613445752,1
4929,1,1.0,0,0,0,1,0,0,0,0,0,0,0,0,0,97.94152421864467,22.84534017552005,1
4930,0,1.0,0,0,1,0,0,0,0,0,0,0,0,0,0,218.66159568948538,27.08572617407376,1
4931,0,1.0,1,0,1,0,0,0,0,0,0,0,0,0,0,206.44204464265542,26.37027519059651,1
4932,1,1.0,0,0,1,0,0,0,0,0,0,0,0,1,0,80.34912527598459,22.617409728626452,1
4933,0,1.0,0,0,0,1,0,0,0,0,0,0,0,0,0,130.7863388049002,20.425353138547425,1
4934,1,1.0,0,0,1,0,0,0,0,0,0,0,0,1,0,80.14541034799416,23.34496304287801,1
4935,0,1.0,0,0,1,1,0,0,0,0,0,0,0,0,0,261.1118568659097,36.99181380193016,1
4936,1,0.6445606626359383,0,0,1,0,0,0,0,0,0,0,0,0,0,109.84321130423227,29.982489524062657,1
4937,0,0.6692190299248667,0,0,0,0,0,0,0,1,0,0,0,1,0,91.11287890650962,26.469984738902326,1
4938,0,1.0,0,0,1,0,0,0,1,0,0,0,0,0,0,185.33431740285224,28.27429619020903,1
4939,0,1.0,0,0,1,0,0,0,1,0,0,0,0,0,0,106.39692058262976,32.790805233310834,1
4940,1,0.0,0,0,1,0,0,0,1,0,0,0,0,0,0,60.534298188197624,29.22015862626237,1
4941,0,0.0,0,0,1,0,0,0,1,0,0,0,0,0,0,61.59861889528202,28.568707115279167,1
4942,1,1.0,0,0,0,1,0,0,0,1,0,0,0,1,0,71.4620200827727,35.418575771263804,1
4943,0,1.0,0,0,0,1,0,0,1,0,0,0,0,0,0,111.19874892157875,24.083854216593576,1
4944,1,0.47173983751843906,0,0,1,0,0,0,1,0,0,0,0,0,0,174.95202731802047,31.428039023633833,1
4945,0,0.5534717762098499,0,0,0,0,0,0,1,0,0,0,0,0,0,183.96343152786253,38.241460072781585,1
4946,1,1.0,0,0,1,0,0,0,0,0,0,0,1,0,0,205.53047948573283,43.832909632820716,1
4947,1,1.0,0,0,1,1,0,0,0,0,0,0,0,0,0,259.9982052800557,39.078192947242236,1
4948,0,1.0,0,0,1,0,0,0,0,0,0,0,0,0,0,116.43402212651353,30.069085569009147,1
4949,1,1.0,0,0,1,1,0,0,0,0,0,0,0,1,0,228.65665755690776,26.680637103427426,1
4950,1,1.0,0,0,1,0,0,0,0,1,0,0,0,0,0,80.79679646948472,17.787079638857904,1
4951,1,0.7802126485356335,0,0,1,0,0,0,0,0,0,0,0,0,0,61.48284230895412,25.89342584895379,1
4952,1,1.0,0,0,0,1,0,0,1,0,0,0,0,0,0,204.69860344999475,45.83083212368338,1
4953,1,1.0,0,0,0,1,0,0,0,0,0,0,0,0,0,95.33801963001443,22.66941878374457,1
4954,1,0.6949531193430477,0,0,1,0,0,0,1,0,0,0,0,0,0,58.94479233679195,35.03028128394172,1
4955,0,0.5673909441560734,0,0,0,0,0,0,1,0,0,0,0,0,0,87.37708542210487,37.32413003857168,1
4956,0,1.0,1,0,1,0,0,0,1,0,0,0,1,0,0,243.53674438881262,44.481218047281935,1
4957,0,1.0,0,0,1,0,0,0,1,0,0,0,1,0,0,138.0419294786685,31.22304533514168,1
4958,0,0.38989207796376535,0,0,0,0,0,0,0,0,0,0,0,0,0,92.19891655579914,31.76606475322174,1
4959,0,0.488177675310814,0,0,1,0,0,0,1,0,0,0,0,0,0,240.3459111623446,29.252018228632416,1
4960,0,0.8668178743324766,0,0,1,0,0,0,0,0,0,0,0,0,0,56.74927420320411,26.086001352937103,1
4961,0,0.0,0,0,0,0,0,0,1,0,0,0,0,0,0,92.90746631967393,31.52960056780631,1
4962,0,0.5809005270829147,0,0,1,1,0,0,0,1,0,0,0,0,0,98.67201382752017,31.981692161039952,1
4963,0,0.5992992870063887,0,0,1,0,0,0,1,0,0,0,0,0,0,87.25310712652991,29.059229215707028,1
4964,0,1.0,0,0,1,1,0,0,1,0,0,0,0,0,0,225.23246285058082,41.90058437815318,1
4965,1,1.0,0,0,1,0,0,0,0,1,0,0,0,1,0,74.68910654559804,26.138904758464754,1
4966,1,0.006464357789710551,0,0,1,1,0,0,0,0,0,0,0,1,0,64.17174537660323,41.522625252263985,1
4967,0,0.5037607780991861,0,0,1,0,0,0,0,0,0,0,0,1,0,233.61744450576447,45.625554942355286,1
4968,0,1.0,0,0,1,0,0,0,0,0,0,0,0,1,0,228.59998763839872,27.171499209150205,1
4969,0,0.26539169928946493,0,0,1,0,0,0,0,1,0,0,0,0,0,190.14007054349767,39.52420739234476,1
4970,1,0.9760537347295165,0,0,0,1,0,0,0,0,0,0,0,1,0,79.75144651291453,29.72634089179753,1
4971,0,1.0,0,0,1,0,0,0,0,0,0,0,0,1,0,207.1528408030572,28.360688754776834,1
4972,0,1.0,0,0,1,0,0,0,1,0,0,0,0,0,1,260.33874698380157,31.66488454250364,1
4973,1,1.0,0,0,1,0,0,0,0,0,0,0,0,0,0,123.48991798970079,32.341810042402095,1
4974,0,1.0,0,1,1,1,0,0,0,0,0,0,0,0,0,114.59115976615985,35.867783523176726,1
4975,0,1.0,0,0,1,1,0,0,0,0,0,0,0,0,0,213.12690731132616,20.931375934537105,1
4976,1,0.0,0,0,0,1,0,0,0,0,0,0,0,1,0,65.6111246377938,40.00272764904541,1
4977,0,1.0,0,0,1,1,0,0,0,0,0,0,0,0,0,73.5876061158797,29.923670798509438,1
4978,1,0.40736552421283234,0,0,1,0,0,0,0,0,0,0,0,0,0,172.40728636497508,30.163398548186542,1
4979,1,0.5213770214737412,1,0,1,0,0,0,0,1,0,0,0,1,0,170.9084398140888,27.302498551831185,1
4980,0,0.8965746584690102,1,0,1,0,0,0,1,0,0,0,0,0,0,247.69616561475578,40.01390089480435,1
4981,1,0.19629430231106704,0,0,0,0,0,0,0,0,0,0,0,1,0,93.2567749662586,25.050375953529013,1
4982,1,0.022564511705347234,0,0,1,0,0,0,1,0,0,0,0,0,0,116.31386437956711,23.806769353511605,1
4983,0,0.13833511530089904,0,0,1,0,0,0,1,0,0,0,0,0,0,239.90385782810753,31.52450160377081,1
4984,0,0.4228829176120935,0,0,1,0,0,0,0,0,0,0,0,0,0,73.56905228420312,29.665675623581862,1
4985,1,1.0,1,0,1,0,0,0,0,0,0,0,0,0,0,174.6667077226908,24.448300332606447,1
4986,1,0.0,0,0,0,0,0,0,0,0,0,0,0,1,0,67.65586341371797,34.75405197229941,1
4987,0,1.0,0,0,1,1,0,0,0,1,0,0,0,0,0,195.573315984771,33.853209416947614,1
4988,0,1.0,0,0,1,0,0,0,1,0,0,0,0,0,0,231.68421484238547,39.907894492540144,1
4989,1,1.0,1,0,0,0,0,0,0,0,0,0,0,1,0,79.95008964397552,29.7,1
4990,0,1.0,0,0,1,1,0,0,0,1,0,0,0,0,0,195.37695992095612,27.76955294802812,1
4991,0,0.4278770362777937,0,0,1,0,0,0,0,0,0,0,0,0,0,100.94910798733385,32.384117183438924,1
4992,1,1.0,0,0,1,0,0,0,1,0,0,0,0,0,0,206.726353446475,44.78873949123206,1
4993,0,0.7312023849698018,0,0,0,1,0,0,0,0,0,0,0,0,0,70.54729380582778,26.525753560581535,1
4994,1,1.0,0,0,1,1,0,0,1,0,0,0,0,0,0,105.52193975688405,31.397289153794812,1
4995,0,0.24685702759573291,0,0,1,0,0,0,0,0,0,0,1,0,0,78.89037715668852,28.09497124415317,1
4996,0,0.3064154493510364,0,0,1,1,0,0,1,0,0,0,0,0,0,202.6607268926779,35.52422609558406,1
4997,0,1.0,0,0,1,0,0,0,0,0,0,0,0,0,0,207.07315433127545,29.280224036831505,1
4998,0,1.0,0,0,1,0,0,0,0,1,0,0,0,0,0,90.54705982700784,32.553623437501265,1
4999,0,1.0,0,0,1,0,0,0,0,0,0,0,0,0,0,57.159189378214975,24.94555032858558,1
5000,1,1.0,0,0,0,1,0,0,0,0,0,0,0,0,0,97.90847202614805,21.99233662385667,1
5001,0,0.9184250743886341,0,0,1,0,0,0,0,0,0,0,0,0,0,152.06303442651782,27.483685014877725,1
5002,0,1.0,0,0,1,0,0,0,0,1,0,0,0,0,0,77.906032472317,27.658018826704687,1
5003,0,0.17182946035765845,0,0,1,0,0,0,0,0,0,0,0,0,0,85.67652884969144,36.270426349105854,1
5004,1,1.0,0,0,1,1,0,0,1,0,0,0,0,0,0,106.00747779702132,32.03615499608069,1
5005,0,1.0,0,0,1,1,0,0,0,0,0,0,0,0,0,216.47926659031975,27.664605853431855,1
5006,1,1.0,0,0,1,0,0,0,0,1,0,0,0,0,0,75.68278018389722,24.569970642095544,1
5007,0,0.40031283617299407,0,0,1,0,0,0,0,0,0,0,1,0,0,103.20582481174313,27.2599687163827,1
5008,0,0.18813387598962017,1,0,1,0,0,0,1,0,0,0,0,0,0,253.5298428384472,34.91577078284878,1
5009,1,1.0,0,0,1,0,0,0,1,0,0,0,0,1,0,235.57358110683467,32.36376582519915,1
5010,1,0.0,0,0,1,0,0,0,0,0,0,0,0,0,0,62.038223227038664,40.693571286544234,1
5011,0,0.33112346895931466,0,0,1,0,0,0,0,0,0,0,1,0,0,78.88026518372489,28.229797550334904,1
5012,0,1.0,0,0,0,1,0,0,1,0,0,0,0,0,0,207.98153719078405,30.760403265893007,1
5013,1,0.0672470609396868,0,0,1,0,0,0,0,0,0,0,0,0,0,104.64920141614516,27.071359992805064,1
5014,0,0.020137848949289827,0,0,1,1,0,0,1,0,0,0,1,0,0,110.95340724951807,32.02013784894929,1
5015,0,0.8462162944867838,0,0,1,0,0,0,0,0,0,0,0,1,0,261.16549028575986,38.254027254011675,1
5016,0,0.11382870594400696,1,0,1,0,0,0,1,0,0,0,0,0,0,249.10510832930078,36.33499491793683,1
5017,0,1.0,0,0,1,0,0,0,1,0,0,0,0,0,0,208.46048149676545,31.67466658806337,1
5018,0,1.0,0,0,0,0,0,0,0,0,0,0,0,0,0,218.50956197623503,32.4808537890137,1
5019,0,1.0,0,0,1,1,0,0,0,1,0,0,0,0,0,195.46737958668066,33.66193536484009,1
5020,1,0.6790666044956374,0,0,1,0,0,0,0,0,0,0,0,0,0,77.94310783400334,29.492560037302617,1
5021,0,1.0,0,0,1,0,0,0,1,0,0,0,0,0,0,191.50965839287528,37.43174040331651,1
5022,0,0.0,0,0,1,0,0,0,1,0,0,0,0,0,0,240.61660108017026,31.41342256338865,1
5023,0,1.0,0,0,1,0,0,0,0,0,0,0,0,0,0,197.84836053629644,26.711937015627626,1
5024,1,1.0,0,0,1,0,0,0,0,1,0,0,0,0,0,89.37988245200847,33.56811333974867,1
5025,0,1.0,0,0,1,0,0,0,0,0,0,0,0,1,0,208.34216614987352,30.219009609177373,1
5026,0,0.0,0,0,1,0,0,0,1,0,0,0,1,0,0,197.44439785456615,34.56398718890299,1
5027,1,0.2310808528744962,0,0,1,0,0,0,0,0,0,0,0,1,0,92.99617565970122,25.276486805975708,1
5028,1,1.0,0,0,1,0,0,0,1,0,0,0,0,0,1,97.48028099844278,26.451307141268142,1
5029,0,1.0,1,0,1,0,0,0,0,0,0,0,0,0,0,211.2520308897909,21.865244843855805,1
5030,0,1.0,0,0,1,0,0,0,1,0,0,0,1,0,0,222.9231241449546,32.29717190731915,1
5031,1,1.0,0,0,1,0,0,0,1,0,0,0,0,1,0,238.59484899159753,26.956376817469533,1
5032,0,1.0,0,0,1,1,0,0,0,1,0,0,0,0,0,195.8794947972477,28.257733527294075,1
5033,1,0.4999417408089133,0,0,1,1,0,0,0,0,0,0,0,0,1,97.59501922553306,28.000186429411478,1
5034,0,0.6748932030541548,0,0,1,0,0,0,0,0,0,0,0,0,0,93.54016135853495,27.55719028885705,1
5035,1,1.0,0,0,1,0,0,0,0,0,0,0,0,0,0,109.82918653999963,24.052186723184995,1
5036,0,1.0,0,0,1,0,0,0,0,1,0,0,0,0,0,90.95687741463703,32.07748682116859,1
5037,1,0.7600055449620985,0,0,1,1,0,0,1,0,0,0,0,0,0,221.81399944550378,31.75195952177668,1
5038,1,0.31259802490830013,1,0,1,0,0,0,0,0,0,0,0,0,0,73.02057500729677,29.86236276512838,1
5039,0,0.5893173669897172,0,0,1,0,0,0,0,0,0,0,0,1,0,257.56633631152596,37.50902036427018,1
5040,1,0.7903097225697991,1,0,0,0,0,0,0,0,0,0,0,1,0,66.31937258285367,34.875774306424496,1
5041,1,1.0,0,0,0,1,0,0,0,0,0,0,0,0,0,94.47508348533786,22.78828051166145,1
5042,1,1.0,0,0,1,0,0,0,1,0,0,0,0,0,0,99.00445611420126,27.360716649824063,1
5043,0,1.0,0,0,1,0,0,0,1,0,0,0,1,0,0,231.41886813168932,34.73091223856897,1
5044,0,0.6966144563708668,0,0,1,1,0,0,0,0,0,0,0,0,0,78.15372409799204,27.560677108725827,1
5045,1,1.0,0,0,1,1,0,0,0,0,0,0,0,1,0,129.82216584661737,29.05432726100933,1
5046,0,1.0,0,0,0,0,0,0,0,0,0,0,0,0,0,92.96240829086277,28.125373830215587,1
5047,0,0.30834434813345846,0,0,1,1,0,0,0,0,0,0,0,0,0,70.399804033965,27.790807999293044,1
5048,0,0.034361024733199574,0,0,1,0,0,0,0,0,0,0,0,0,0,60.74506708128064,29.74881149117392,1
5049,1,0.6064446638936845,0,0,1,0,0,0,1,0,0,0,0,1,0,74.58909128447601,21.530955928619264,1
5050,0,0.0,0,0,1,0,0,0,0,0,0,0,0,0,0,87.64738814843587,31.178430394153857,1
5051,0,0.32829114075593924,0,0,1,0,0,0,0,0,0,0,0,0,0,97.74476709218402,30.61013924747732,1
5052,0,0.7293098004772062,0,0,1,1,0,0,1,0,0,0,0,0,0,207.47805515898884,45.51275764085897,1
5053,0,0.5750605734588147,0,0,1,0,0,0,1,0,0,0,0,0,0,242.30943111464185,32.66513326160939,1
5054,0,1.0,0,0,1,1,0,0,0,0,0,0,0,0,0,216.46118109069616,27.672500317553265,1
5055,0,0.49554405833064463,0,0,1,0,0,0,0,0,0,0,1,0,0,113.77044776140185,31.55401034750242,1
5056,0,0.0,0,0,1,1,0,0,1,0,0,0,0,0,0,86.84501378104119,29.50049642148939,1
5057,1,0.42746652816668906,0,0,1,1,0,0,1,0,0,0,0,0,0,73.86634407894499,21.99613284858341,1
5058,0,0.0,0,0,1,1,0,0,1,0,0,0,1,0,0,110.42157102163885,41.11635244579419,1
5059,0,0.25478525730916546,0,0,1,0,0,0,1,0,0,0,0,0,0,211.82011903754466,42.95155223918509,1
5060,0,0.7677753090986569,0,0,1,1,0,0,1,0,0,0,0,0,0,111.08352103931131,37.67866962908161,1
5061,0,0.0,0,0,0,1,0,0,0,0,0,0,0,0,0,85.0511832573586,30.510650721293906,1
5062,0,1.0,0,0,1,0,0,0,1,0,0,0,0,0,0,221.23283554804732,30.99589781266903,1
5063,0,1.0,1,0,1,1,1,0,0,0,0,0,0,0,0,213.60801799633805,21.72946342673639,1
5064,0,1.0,0,0,1,0,0,0,0,0,0,0,0,0,0,131.10024372459404,27.143645875975864,1
5065,0,0.9092526944369924,0,0,1,0,0,0,1,0,0,0,0,0,0,105.5787901310831,32.400177963880694,1
5066,0,1.0,0,1,1,1,0,0,0,0,0,0,0,0,0,115.04246677370364,35.57367333848527,1
5067,1,1.0,1,0,0,1,0,0,0,0,0,0,0,1,0,70.64285259565493,36.45179049412327,1
5068,0,0.8969952893644111,0,0,1,0,0,0,1,0,0,0,0,0,0,236.14090336475252,32.20729576042797,1
5069,0,0.15387578946976843,0,0,0,0,0,0,1,0,0,0,0,0,0,83.50540298947125,25.569263368416745,1
5070,1,0.8171866114607741,0,0,1,0,0,0,0,0,0,0,0,0,0,106.2015762857238,24.521565521033367,1
5071,0,1.0,0,0,1,0,0,0,0,1,0,0,0,0,0,76.32994713274807,24.52675354361125,1
5072,0,1.0,0,0,0,1,0,0,0,0,0,0,0,0,0,71.24545786547795,25.988338220214732,1
5073,0,1.0,1,0,0,0,0,0,0,0,0,0,0,1,0,183.8381016529346,36.7035443967043,1
5074,1,0.9375686727222197,0,0,0,1,0,0,0,0,0,0,0,1,0,79.68948556308278,29.768674460005556,1
5075,1,0.0,0,0,1,0,0,0,0,0,0,0,0,0,0,103.95506754643328,27.3,1
5076,0,1.0,0,0,1,0,0,0,0,1,0,0,0,0,1,77.633586717254,27.478197276871814,1
5077,0,0.248539820927426,0,0,1,0,0,0,1,0,0,0,0,1,0,226.54563183792587,53.07073454283055,1
5078,0,1.0,0,0,1,0,0,0,1,0,0,0,1,0,0,221.02263417546354,33.129503280818895,1
5079,0,0.19117367650831596,0,0,0,0,0,0,1,0,0,0,0,0,0,115.78427428957647,23.838234735301665,1
5080,0,0.0,0,0,0,1,0,0,0,0,0,0,0,0,0,86.03852616583139,31.45097730079179,1
5081,0,0.6975336825385303,0,0,1,0,0,0,0,0,0,0,0,0,0,111.41981845047471,27.662959580953764,1
5082,0,0.0,0,0,1,0,0,0,0,0,0,0,0,1,0,64.60205714353025,29.89455657564399,1
5083,0,0.14276906263020894,0,0,1,0,0,0,0,0,0,0,0,1,0,233.38279989070963,47.97200109290364,1
5084,1,0.7646509503848735,0,0,1,0,0,0,1,0,0,0,0,1,0,74.71407425080406,21.799906615654283,1
5085,0,1.0,0,0,1,0,0,0,1,0,0,0,1,0,0,229.11834973292434,36.30660977196964,1
5086,0,1.0,0,0,0,1,0,0,0,0,0,0,0,1,0,113.96690240307674,24.95999917460774,1
5087,1,0.05497593541943124,0,0,1,0,0,0,0,0,0,0,0,0,0,60.96662521348201,29.647110697070616,1
5088,1,1.0,0,0,1,0,0,0,0,0,0,0,0,1,0,94.95428793576038,22.357140707328675,1
5089,0,0.33161684910783396,0,0,1,0,0,0,0,0,0,0,1,0,0,198.37765177054692,32.67610732990691,1
5090,0,1.0,0,0,1,0,0,0,0,0,0,0,0,1,0,107.69705657687945,31.649015160367586,1
5091,1,1.0,0,0,1,0,0,0,0,1,0,0,0,1,0,74.35301845925001,25.566839930638317,1
5092,1,0.5105704087285036,0,0,1,0,0,0,1,0,0,0,0,0,0,58.733318714997914,35.677064179773325,1
5093,0,0.11995294173096982,0,1,1,0,0,0,1,0,0,0,0,0,0,240.40767152856893,30.764249408825858,1
5094,0,1.0,0,0,0,0,0,0,0,0,0,0,0,0,0,218.85246195586737,32.826220674974344,1
5095,1,0.8023960305536325,0,0,1,1,0,0,1,0,0,0,0,0,0,105.07970118169308,30.26886531304844,1
5096,1,1.0,0,0,1,0,0,0,1,0,0,0,0,1,0,236.10672192143142,31.440791885792205,1
5097,0,0.8626999672844298,0,0,1,0,1,0,0,0,0,0,0,0,0,103.64567499182111,25.31579007524581,1
5098,0,1.0,0,0,1,0,0,0,0,0,0,0,0,0,0,103.64143326944297,25.104749144722806,1
5099,1,0.6711773821513907,0,0,1,0,0,0,0,0,0,0,0,0,0,61.60131270361593,26.8125840421036,1
5100,1,0.66231373873072,0,0,1,0,0,0,1,0,0,0,0,0,0,59.00561527703737,25.483207792823265,1
5101,0,1.0,0,0,1,0,0,0,0,0,0,0,0,0,0,206.63846642743573,28.13941415345125,1
5102,0,0.1880537653621166,0,0,1,0,0,0,1,0,0,0,0,0,0,221.4819233291642,36.62300644469638,1
5103,0,1.0,0,0,1,0,0,0,1,0,0,0,0,0,1,259.1558523974546,31.504698928013347,1
5104,0,1.0,0,0,1,1,0,0,1,0,0,0,0,0,0,208.22130021920051,32.01426210172105,1
5105,1,0.1414935454484455,0,0,0,1,0,0,0,0,0,0,0,1,0,78.407804608172,30.64435710000671,1
5106,0,0.868313096563793,0,0,1,1,0,0,1,0,0,0,0,0,0,174.755351172049,31.881892019965,1
5107,1,1.0,0,0,1,0,0,0,0,0,0,0,0,0,0,79.73617155404972,18.8036104471547,1
5108,0,0.7419777295139859,0,0,0,0,0,0,0,0,0,0,0,0,0,91.8186640521249,31.554813362291608,1
5109,0,0.0,0,0,1,0,0,0,1,0,0,0,1,0,0,198.35640437438758,34.91895978643828,1
5110,1,1.0,0,0,1,0,0,0,0,1,0,0,0,0,0,75.75462981216644,24.551388841681092,1
5111,1,1.0,0,0,1,0,0,0,0,1,0,0,0,1,0,74.1393394418057,25.203130964775674,1
5112,0,0.168858463370395,0,0,1,0,0,0,1,0,0,0,0,0,0,241.09488680547747,31.771488619414868,1
5113,1,1.0,0,0,1,0,0,0,0,1,0,0,0,0,0,76.68960558509144,33.842553000700015,1
5114,0,1.0,0,0,1,1,0,0,0,0,0,0,0,0,0,131.9129123167108,27.04383195493718,1
5115,1,0.0,0,0,1,0,1,0,0,0,0,0,0,1,0,65.71054131735406,37.41090884899849,1
5116,1,1.0,1,0,0,1,0,0,0,0,0,0,0,1,0,71.24346184254627,36.58873722794215,1
5117,0,1.0,0,1,1,0,0,0,0,0,0,0,0,0,0,67.83605117468456,23.24150714735435,1
5118,0,0.16827858850771282,0,0,1,0,0,0,0,0,0,0,0,0,0,75.78839446532933,29.714893552641517,1
5119,1,0.16355780753013027,0,0,1,0,0,0,1,0,0,0,0,0,0,59.64901042828613,27.378480331385504,1
5120,1,0.45109036835992833,0,0,1,0,0,0,1,0,0,0,0,0,0,59.61641120108564,30.34566991547163,1
5121,0,1.0,0,0,1,1,0,0,0,0,0,0,0,0,0,261.31452460066225,37.14859450239909,1
5122,0,0.0,0,0,1,1,0,0,0,0,0,0,0,0,0,110.89459967926496,31.02134399505256,1
5123,0,1.0,0,0,1,0,0,0,1,0,0,0,0,1,0,71.43934000561228,27.9111136384895,1
5124,1,1.0,0,0,1,0,0,0,1,0,0,0,0,0,0,59.33812938946721,32.65611831598371,1
5125,0,1.0,0,0,1,0,0,0,1,0,0,0,0,0,0,98.21036595307015,26.300832160331442,1
5126,0,1.0,0,0,1,0,0,0,0,0,0,0,0,0,0,73.85505384685975,28.8171291016182,1
5127,0,1.0,0,0,1,0,0,0,0,0,0,0,0,1,0,206.5263194478514,27.3817491372678,1
5128,1,0.29061117817561377,0,0,0,0,0,0,0,1,0,0,0,0,0,82.18409831120205,21.936660634953142,1
5129,1,1.0,0,0,1,0,0,0,0,0,0,0,0,1,0,93.34406984293612,23.91541628102955,1
5130,0,1.0,0,0,1,0,0,0,1,0,0,0,0,0,0,241.13736613513692,45.00044697190261,1
5131,1,1.0,0,0,1,0,0,0,0,1,0,0,0,1,0,74.32924779829906,25.526379231147345,1
5132,0,0.6970241660042995,0,0,1,0,0,0,0,0,0,0,0,0,0,100.18742161020783,33.00315558180989,1
5133,0,1.0,0,0,0,1,0,0,0,0,0,0,0,0,0,131.50190452707025,21.37043994141355,1
5134,1,0.1207204438429933,1,0,1,0,0,0,0,0,0,0,0,1,0,180.1078937774292,27.253334357780926,1
5135,1,1.0,0,0,1,0,0,0,0,0,0,0,1,0,0,75.8703854364016,24.042983080305316,1
5136,1,0.8874095334708055,0,0,0,1,0,0,0,0,0,0,0,0,0,82.22835313184328,27.009927626776644,1
5137,0,1.0,0,0,1,0,0,0,1,0,0,0,0,0,1,256.0660199792901,30.231999076137814,1
5138,0,1.0,0,0,1,0,0,0,0,0,0,0,0,0,0,206.3410994000681,27.358993900631177,1
5139,0,0.0,0,0,1,1,0,0,1,0,0,0,0,0,0,86.32297750234385,29.924485277284194,1
5140,1,0.0,0,0,0,1,0,0,0,0,0,0,0,0,0,83.20295995485637,26.211258225176714,1
5141,1,0.6791625683195628,0,0,1,0,0,0,1,0,0,0,0,0,0,97.49328621586503,26.73958128415978,1
5142,0,1.0,0,0,1,1,0,0,1,0,0,0,0,0,0,141.86939530731178,28.609815921751817,1
5143,0,1.0,0,0,1,1,0,0,1,0,0,0,0,0,0,222.3419408832355,30.51406258732718,1
5144,1,1.0,0,0,0,1,0,0,0,0,0,0,0,0,0,97.87321284464389,23.320046333830625,1
5145,0,0.05794178051140453,0,0,1,0,0,0,0,0,0,0,0,0,0,170.7033092151513,34.29570479507947,1
5146,0,0.7017275457658773,0,0,1,0,0,0,1,0,0,0,0,0,0,242.68816536184,32.94380060068493,1
5147,0,0.22449470328100063,0,0,1,0,0,0,0,0,0,0,0,0,0,63.6461116527818,28.479571716547895,1
5148,1,0.6068782017929208,0,0,1,0,0,0,1,0,0,0,0,0,0,210.80053961318333,39.57518525874495,1
5149,0,1.0,0,0,0,0,0,0,0,0,0,0,0,0,0,70.27075664513521,26.022806513255528,1
5150,0,0.0,0,0,0,0,0,0,0,0,0,0,0,0,0,83.39789171360424,25.384998583226498,1
5151,0,1.0,1,0,1,0,0,0,0,0,0,0,0,0,0,174.75678108430785,28.08193002761438,1
5152,0,1.0,0,0,1,0,0,0,1,0,0,0,1,0,0,137.367819308063,31.656401873388077,1
5153,0,1.0,0,0,1,1,0,0,0,0,0,0,1,0,0,137.5492689007784,27.57444197900201,1
5154,0,1.0,0,0,1,0,0,0,0,0,0,0,1,0,0,132.04341260788232,23.242807666006957,1
5155,0,1.0,0,0,1,0,0,0,1,0,0,0,0,1,0,239.42097345020642,26.4096824560645,1
5156,0,1.0,0,0,0,0,0,0,0,0,0,0,0,1,0,89.52890932662282,24.817824650780565,1
5157,1,1.0,0,0,1,1,0,0,0,0,0,0,0,0,0,96.8971433703281,21.5,1
5158,0,0.12008537327298552,0,0,1,0,0,0,1,0,0,0,0,0,0,216.9570680720772,31.32423050783706,1
5159,0,1.0,1,0,1,0,0,0,0,1,0,0,0,0,0,75.0534615452979,26.137302179035974,1
5160,0,0.5077578381885688,0,0,1,0,0,0,0,0,0,0,0,0,0,116.37439005696511,39.60578032232516,1
5161,1,1.0,1,0,1,0,0,0,1,0,0,0,0,0,0,74.86263966942545,22.324534435248502,1
5162,0,1.0,0,0,1,0,0,0,0,0,0,0,1,0,0,133.26094048685832,23.739809718625875,1
5163,0,1.0,0,0,0,1,0,0,0,0,0,0,0,0,0,201.77487150271827,29.499945781737658,1
5164,1,1.0,0,0,1,0,0,0,0,0,0,0,1,0,0,205.38081290833304,42.47878345634649,1
5165,0,0.6631462489752088,1,0,0,1,0,0,0,0,0,0,0,0,0,79.49693723660843,29.02629249795042,1
5166,0,0.0,0,0,1,0,0,0,1,0,0,0,0,0,0,244.11840525223207,33.180387971309756,1
5167,1,1.0,0,0,1,0,0,0,0,1,0,0,0,0,0,89.6388232810263,32.91332043878404,1
5168,1,0.42219223388067806,0,0,1,0,0,0,0,0,0,0,0,0,0,208.26792921890257,40.92882291453749,1
5169,0,1.0,0,0,1,0,0,0,0,0,0,0,0,0,0,56.63874275422578,25.22058309736036,1
5170,1,1.0,0,0,0,1,0,0,0,0,0,0,0,0,0,89.14761413760897,34.904565504358736,1
5171,1,1.0,0,0,1,0,0,0,0,0,0,0,0,1,0,182.55220411875348,26.870886616307114,1
5172,0,0.6487471138950182,0,0,1,0,0,0,0,1,0,1,0,0,0,137.831312407086,37.920410499091275,1
5173,0,0.0,0,0,1,0,0,0,1,0,0,0,0,0,0,63.21616194030944,29.922927203598427,1
5174,1,1.0,0,0,1,0,0,0,0,0,0,0,0,0,0,75.68043879211923,23.39233704351549,1
5175,1,1.0,0,0,1,0,0,0,1,0,0,0,0,1,0,232.6045541332474,35.71942284694396,1
5176,1,1.0,0,0,1,0,0,0,0,0,0,0,0,0,0,199.35864682707393,26.947039934224236,1
5177,1,0.5128747423052678,0,0,1,0,0,0,1,0,0,0,0,1,0,222.80755564939074,51.932839845022066,1
5178,0,1.0,0,0,1,0,0,0,0,0,0,0,0,1,0,108.33096637323806,31.345452722674736,1
5179,0,0.40394988423904976,0,0,1,0,0,0,0,0,0,0,1,0,0,58.34518793410356,26.990125289402375,1
5180,0,1.0,0,0,0,0,0,0,0,0,0,0,0,1,0,88.92541724589482,22.917062191794706,1
5181,1,0.0,0,0,1,0,0,0,0,0,0,0,0,0,0,104.03991673797093,27.3,1
5182,1,0.07930859922138045,0,0,1,1,0,0,1,0,0,0,0,0,0,210.1525571704293,39.59552614397096,1
5183,1,0.6549831600754339,0,0,0,0,0,0,0,0,0,0,1,0,0,83.42622053013201,25.637457900188586,1
5184,0,1.0,1,0,1,0,0,0,1,0,0,0,0,1,0,240.2810171471682,27.361235865704906,1
5185,0,1.0,0,0,1,1,0,0,0,0,0,0,1,0,0,138.68868704499414,28.613274729878896,1
5186,1,0.0,0,0,1,0,0,0,0,0,0,0,0,1,0,95.07851053258706,26.065043885337854,1
5187,1,1.0,0,0,1,0,0,0,0,1,0,0,0,0,0,89.32108238787727,33.71680315709195,1
5188,0,0.0002270382182555375,0,0,1,0,0,0,0,0,0,0,0,0,0,87.84972074299154,31.099636738850794,1
5189,0,1.0,0,0,1,0,0,0,0,0,0,0,0,0,0,91.09649861602722,33.15499538675742,1
5190,1,0.0,0,0,1,0,0,0,1,0,0,0,0,0,0,75.66944426313124,29.962448235507626,1
5191,0,0.2577077685130529,0,0,1,0,0,0,0,0,0,0,0,0,0,159.3771750025605,27.35154155370261,1
5192,0,0.8321854043539714,0,0,1,0,0,0,0,0,0,0,0,0,0,163.6654346744224,32.902066272162855,1
5193,0,1.0,0,0,0,1,0,0,0,0,0,0,0,1,0,113.38192345048886,24.373127086250957,1
5194,0,0.9323952505276168,0,0,0,0,0,0,1,0,0,0,0,0,0,91.96732332463067,35.636341477057705,1
5195,0,1.0,0,1,1,1,0,0,1,0,0,0,0,0,0,227.45191008719829,31.676601516344135,1
5196,0,0.07119203931211471,0,0,1,0,0,0,1,0,0,0,0,0,0,88.08751657788686,28.478311243243326,1
5197,0,1.0,0,0,0,1,0,0,1,0,0,0,0,0,0,207.22062107456873,30.82916074627391,1
5198,0,0.8808593280039518,0,0,1,0,0,0,0,1,0,0,0,0,0,162.76787134141915,32.39746085760672,1
5199,1,0.5123928207321066,0,0,1,1,0,0,1,0,0,0,0,0,0,73.8179360921827,22.293374872562374,1
5200,0,1.0,0,1,1,0,0,0,0,0,0,0,0,0,0,119.14490370888096,35.99768661284515,1
5201,1,0.3748249243499977,0,0,1,1,0,0,0,0,0,0,0,1,0,83.0788252825295,26.937202371394996,1
5202,0,0.3786693758442927,1,0,1,1,0,0,0,0,0,0,0,0,0,178.7943047202382,29.138943628208313,1
5203,0,0.7187181132622024,0,1,0,0,0,0,0,0,0,0,0,0,0,216.8387385207744,30.928128188673778,1
5204,0,0.0,0,0,0,0,0,0,1,0,0,0,0,0,1,102.45862971695753,31.45530179943658,1
5205,1,0.9644097691935236,0,0,1,1,0,0,0,0,0,0,0,1,0,221.99676160274385,47.54982632312907,1
5206,1,1.0,0,0,1,0,0,0,1,0,0,0,0,0,0,231.58374930143486,34.57278545289143,1
5207,1,0.7672716510844482,0,0,1,1,0,0,0,0,0,0,0,1,0,76.94469264175403,33.33199644857868,1
5208,1,0.053830524908459076,0,0,1,0,0,0,1,0,0,0,0,0,0,102.32472140621988,31.378467790036616,1
5209,0,1.0,0,0,1,1,0,0,0,0,0,0,0,0,0,196.24773176395414,28.432912730367146,1
5210,0,0.9610421536515358,0,0,1,0,0,0,0,0,0,0,0,0,0,109.53116381876708,30.84674941561816,1
5211,0,0.39181089461717167,0,0,1,0,0,0,0,0,0,0,0,0,0,110.42485689545104,31.529826926459393,1
5212,0,1.0,0,0,1,1,0,0,0,1,0,0,0,0,0,195.0374235717317,31.910808030030957,1
5213,0,1.0,0,0,1,0,0,0,0,0,0,0,0,0,0,268.86672173304,33.69345781815868,1
5214,0,0.0,0,0,1,0,0,0,1,0,0,0,1,0,0,198.76357257897374,35.077438428941875,1
5215,0,1.0,0,1,1,0,0,0,0,0,0,0,0,0,0,221.0600942283735,29.670563647227453,1
5216,1,0.0,0,0,1,0,0,0,1,0,0,0,0,0,0,61.181074951512024,29.129543638839277,1
5217,0,0.8614456860213242,0,0,1,0,0,0,1,0,0,0,1,0,0,197.25174736765663,36.40301198021493,1
5218,0,1.0,0,0,1,0,0,0,0,0,0,0,0,0,0,208.00393884185112,31.723006915265387,1
5219,0,0.9900893045088464,0,0,1,0,0,0,0,0,0,0,0,0,1,76.11019821390983,27.325767808277,1
5220,0,1.0,0,0,0,1,0,0,0,0,0,0,0,1,0,113.69583691296691,24.68805644990208,1
5221,0,0.5392663997583261,0,0,1,0,0,0,0,0,0,0,0,0,0,92.54439924852686,30.84711967970999,1
5222,1,1.0,0,0,1,0,0,0,0,0,0,0,0,0,0,199.83285794643436,27.984376757825128,1
5223,0,0.48323207587543515,0,0,1,0,0,0,0,1,0,0,0,0,0,120.97771566284015,33.51874848891072,1
5224,0,1.0,0,0,1,0,0,0,0,0,0,0,0,0,0,104.15223597434479,23.505241621844682,1
5225,1,0.2454306387942634,0,0,1,0,0,0,1,0,0,0,0,1,0,74.30389020464747,20.917232085950246,1
5226,0,1.0,0,0,1,0,0,0,1,0,0,0,0,0,0,220.23461211114954,32.78016192693077,1
5227,0,0.0,0,0,1,1,0,0,1,0,0,0,0,0,0,87.1393618908047,29.26143196685913,1
5228,1,1.0,0,0,0,1,0,0,0,0,0,0,0,0,0,95.85714430593669,21.506291488417133,1
5229,0,0.1424693922480763,0,0,1,0,0,0,1,0,0,0,0,0,0,74.44480307178299,20.599728574573653,1
5230,0,1.0,0,0,1,1,0,0,0,0,0,0,0,0,0,227.97851131700705,26.522106484967026,1
5231,1,1.0,0,0,1,0,0,0,0,0,0,0,0,1,0,80.6644029658058,21.491417979264973,1
5232,0,0.34557958587081306,0,0,1,0,0,0,0,0,0,0,1,0,0,196.73744005018284,34.361768165651675,1
5233,1,1.0,0,0,1,0,0,0,0,0,0,0,0,1,0,93.06948051064617,24.18114789292306,1
5234,0,0.5965190309730004,1,0,1,0,0,0,1,0,0,0,0,0,0,250.25250006893734,31.206803461507896,1
5235,0,0.7652455782750287,0,0,1,0,0,0,0,1,0,0,0,0,0,122.69799802747767,32.362493129072384,1
5236,0,0.0,0,0,1,0,0,0,1,0,0,0,0,0,0,214.25719136834394,46.44602104554615,1
5237,0,1.0,0,0,1,0,0,0,0,0,0,0,0,0,0,77.94437943618549,20.007195095922377,1
5238,0,0.0,0,0,1,0,0,0,0,0,0,0,0,0,1,97.62374371822352,29.51376184697691,1
5239,0,1.0,1,0,0,0,0,0,0,0,0,0,0,1,0,182.991494847087,36.50035876330088,1
5240,0,0.0,0,0,1,0,0,0,1,0,0,0,0,0,0,86.33051808294827,39.745595739885076,1
5241,0,0.7588347856922381,0,0,1,1,0,0,0,0,0,0,0,0,0,184.93664766845504,28.68648522139991,1
5242,0,0.23356736106861098,1,0,1,0,0,0,1,0,0,0,0,1,0,247.97165902107687,35.286151805649055,1
5243,0,0.0681866197654627,0,0,1,0,0,0,1,0,0,0,1,0,0,200.35339031671705,35.84773063383582,1
5244,0,1.0,0,0,1,0,0,0,0,0,0,0,1,0,0,116.66380260214252,33.86377748060429,1
5245,1,0.5555495698856199,1,0,1,0,0,0,0,0,0,0,0,0,0,72.89666971935834,29.522230602160132,1
5246,1,0.7086389271622555,0,1,1,1,0,0,0,0,0,0,0,0,0,216.12647108661616,28.803219325797006,1
5247,0,1.0,0,0,1,0,0,0,1,0,0,0,0,1,0,232.94660041805662,40.104328697189686,1
5248,0,1.0,0,0,1,0,0,0,0,0,0,0,0,0,0,257.0258498568009,31.247759743583373,1
5249,1,0.12409507500010541,0,0,1,0,0,0,0,0,0,0,0,0,0,78.25693894650007,30.61385738749984,1
5250,0,1.0,0,0,1,0,0,0,1,0,0,0,0,0,1,260.77682912198264,31.643179399406307,1
5251,1,1.0,1,0,0,0,0,0,0,0,0,0,0,1,0,80.10549246185975,29.7,1
5252,0,0.3301559503156044,0,0,1,0,0,0,0,0,0,0,0,0,0,93.00026002831198,30.596187140378724,1
5253,1,0.0,0,0,0,1,0,0,0,0,0,0,0,0,0,82.38252867584227,24.245641619205436,1
5254,0,0.046597120617905,0,0,1,0,0,0,0,0,0,0,0,0,0,116.42415697898991,23.953770498039088,1
5255,0,1.0,0,0,1,0,0,0,1,0,0,0,1,0,0,74.74021530916754,22.985568804689436,1
5256,0,0.7023497224317196,0,0,0,0,0,0,0,1,0,0,0,1,0,91.0204442744155,26.513054639161236,1
5257,0,1.0,0,0,1,0,0,0,0,0,0,0,1,0,0,134.4150520868087,26.014336229477035,1
5258,1,0.0,0,0,0,1,0,0,0,0,0,0,0,1,0,66.78645504836017,38.78160514456086,1
5259,1,1.0,0,0,1,0,0,0,0,0,0,0,0,0,0,81.43413931212464,17.343574476835503,1
5260,0,0.7831614309236972,0,0,1,0,0,0,0,0,0,0,0,0,0,162.15951547121685,31.450755583895596,1
5261,0,1.0,0,0,1,0,0,0,0,0,0,0,0,1,0,72.68714970067523,28.581505558888427,1
5262,1,1.0,0,0,1,0,0,0,0,0,0,0,1,0,0,75.25430961284809,23.57462134310089,1
5263,1,0.0,0,0,1,0,0,0,0,0,0,0,0,0,0,170.75690817798377,33.966538906529635,1
5264,1,0.07053563759295656,0,0,0,1,0,0,0,0,0,0,0,0,0,82.26730358523326,24.218660476538165,1
5265,0,0.0905704963141235,0,0,1,1,0,0,1,0,0,0,0,0,0,111.14868459557695,32.489080680096265,1
5266,1,1.0,0,0,0,1,0,0,0,0,0,0,0,0,0,95.0801674217369,22.704935616840647,1
5267,0,0.1787498454402957,0,0,1,0,0,0,0,0,0,0,1,0,0,59.18968807959889,27.55312538639926,1
5268,0,0.4553691288928642,0,0,1,0,0,0,1,0,0,0,0,0,0,81.9163892572314,24.48926174221427,1
5269,1,0.0778565196087696,0,0,1,0,0,0,0,0,0,0,0,1,0,233.1553082210768,47.96572176469476,1
5270,1,1.0,0,0,0,1,0,0,1,0,0,0,0,0,0,203.9546484362677,45.71336554256858,1
5271,1,1.0,1,0,0,1,0,0,0,0,0,0,0,1,0,70.65365843466978,36.454254366211345,1
5272,1,0.1403546546473935,0,0,1,0,0,0,0,0,0,0,0,0,0,72.86560557358985,30.875454084054315,1
5273,0,1.0,1,0,1,0,0,0,1,0,0,0,1,0,0,246.66763807113503,41.34405002892282,1
5274,0,1.0,0,0,1,1,0,0,0,0,0,0,0,0,0,74.83439087864198,26.921325659287923,1
5275,0,1.0,0,0,1,0,0,0,1,0,0,0,0,0,0,100.94785398464013,28.165605086446234,1
5276,1,1.0,0,0,1,1,0,0,0,0,0,0,0,0,0,67.93996117984325,25.41884873051117,1
5277,0,1.0,0,0,1,0,0,0,0,1,0,0,0,1,0,91.1849415723092,31.538334452347065,1
5278,0,0.06520448250721667,0,0,0,1,1,0,0,0,0,0,0,1,0,84.10936576931498,29.58915237973773,1
5279,0,0.09079786379351296,0,0,0,0,0,0,0,0,0,0,0,0,0,57.76474788789581,30.40969153551503,1
5280,0,0.1803751304523551,1,0,1,0,0,0,1,0,0,0,0,0,0,248.98532476518577,36.64776311312607,1
5281,0,0.11180865033869591,0,0,1,0,0,0,0,1,0,0,0,0,0,117.88017640854615,35.388191349661305,1
5282,1,1.0,0,0,0,1,0,0,1,0,0,0,0,0,0,204.24851740309046,45.759765905751124,1
5283,1,0.0,0,0,0,1,0,0,0,0,0,0,0,1,0,65.26410953849016,40.363262817153085,1
5284,0,0.7110314750789415,0,0,1,0,0,0,1,0,0,0,0,0,0,72.86003583621448,28.949040197350012,1
5285,0,0.6229460689983012,1,0,1,0,0,0,1,0,0,0,0,1,0,245.74051902463975,34.42951864820374,1
5286,1,0.3933206703851887,0,0,1,0,0,0,1,0,0,0,0,1,0,79.06497150836668,30.367347262576292,1
5287,0,1.0,0,0,1,1,0,0,0,0,0,0,0,0,0,217.08772058187023,27.399010857120143,1
5288,0,0.8401202366335586,0,0,1,0,0,0,1,0,0,0,0,0,0,76.08428255608885,21.08808416564349,1
5289,0,1.0,0,0,1,0,0,0,1,0,0,0,0,0,0,208.5419363323251,31.25575600518522,1
5290,0,0.1675665393045065,0,0,1,1,0,0,1,0,0,0,0,0,0,223.02945246727063,37.182703422486846,1
5291,1,1.0,0,0,1,0,0,0,0,0,0,0,0,0,0,59.61573958469233,24.541339330315,1
5292,0,0.0,0,0,0,1,0,0,0,0,0,0,0,0,0,85.2082093848695,29.848996460818153,1
5293,1,1.0,0,0,1,0,0,0,0,0,0,0,0,0,0,121.20706313920883,35.70077903222678,1
5294,1,0.7394692332387273,0,0,1,1,0,0,0,0,0,0,0,1,0,82.92202822970735,27.557097696505835,1
5295,1,0.6455343564105223,0,0,1,0,0,0,0,0,0,0,1,0,0,101.84844082679423,27.88098092076947,1
5296,0,0.15577326058017016,0,0,1,0,0,0,0,1,0,0,0,0,0,166.5890749167425,31.16481454298629,1
5297,0,1.0,0,0,1,1,0,0,1,0,0,0,0,0,0,69.32267064517274,23.112908829477387,1
5298,0,0.9125534982001146,0,0,0,0,0,0,0,0,0,0,0,0,0,56.269152633275795,25.97221110971938,1
5299,1,1.0,0,0,1,0,0,0,0,0,0,0,1,0,0,75.69470896767773,23.909427870164354,1
5300,1,1.0,0,0,0,1,0,0,0,0,0,0,0,0,0,96.51893499504745,22.50675826514498,1
5301,1,1.0,0,0,1,0,0,0,1,0,0,0,0,0,0,78.8625511000684,19.751283469893867,1
5302,0,0.2739880994699718,0,0,1,0,0,0,1,0,0,0,0,1,0,70.91039344759893,28.19861309058303,1
5303,0,1.0,0,0,1,0,0,0,0,0,0,0,1,0,0,77.95504759968037,23.922175266366754,1
5304,0,0.0,0,0,1,0,0,0,1,0,0,0,0,0,0,71.3108800886538,28.58346130590656,1
5305,0,1.0,0,0,0,1,0,0,1,0,0,0,0,0,0,90.17128304648186,37.130578596920174,1
5306,0,0.9568998910516759,0,0,0,1,0,0,0,0,0,0,0,0,0,112.90268072871868,24.193950490267458,1
5307,1,1.0,0,0,0,0,0,0,1,0,0,0,0,1,0,92.31033790057461,23.967176578873364,1
5308,0,1.0,1,0,1,0,0,0,0,0,0,0,0,1,0,187.31381273946596,36.86466932393988,1
5309,0,1.0,0,0,1,1,0,0,0,0,0,0,0,0,0,213.03992185738585,20.508099781981542,1
5310,0,0.8588009364628151,0,0,0,1,0,0,0,0,0,0,0,1,0,89.909013863561,27.111798595305775,1
5311,0,0.0,0,0,0,1,0,0,0,0,0,0,0,0,0,85.80338327170324,31.227031687336424,1
5312,1,0.10868253937469208,0,0,1,1,0,0,1,0,0,0,0,1,0,73.69374587419493,20.6412873011871,1
5313,0,1.0,0,0,1,0,0,0,0,0,0,0,1,0,0,77.99832530579125,23.90937121130436,1
5314,1,0.381616499109135,0,0,1,1,0,0,0,0,0,0,0,0,1,97.634066555294,28.37882720285077,1
5315,0,1.0,0,1,0,0,0,0,1,0,0,0,0,0,0,207.6324465805302,32.162851808348584,1
5316,0,1.0,0,0,1,1,0,0,0,0,0,0,0,0,0,137.12288349037127,29.3861133757833,1
5317,0,1.0,0,0,1,0,0,0,0,0,0,0,0,0,0,103.3354139035515,25.82237484548759,1
5318,0,0.0,0,0,0,0,0,0,1,0,0,0,0,0,1,104.79279437034099,31.01672601019583,1
5319,1,1.0,0,0,1,0,0,0,0,1,0,0,0,0,0,76.00123123523105,24.487612611578175,1
5320,0,1.0,0,1,1,0,0,0,0,0,0,0,0,0,0,219.98393702777065,28.804388339425167,1
5321,0,1.0,0,0,1,1,0,0,0,0,0,1,0,0,0,218.02847173621925,26.742353094533104,1
5322,0,1.0,0,0,1,0,0,0,0,0,0,0,0,1,0,190.84552004920585,31.557543483701963,1
5323,1,0.6254334501665935,0,0,1,0,0,0,1,0,0,0,0,0,0,101.42198852880342,29.3986129594669,1
5324,0,0.19173178878372177,1,0,1,1,0,0,1,0,0,0,0,0,0,112.1753385431027,41.52216787720302,1
5325,0,1.0,0,0,1,0,0,0,0,0,0,0,0,0,0,103.6240800811018,25.151881261205023,1
5326,1,0.0,0,0,0,0,0,0,0,0,0,0,0,0,0,58.92767134483422,30.56521095810932,1
5327,1,0.6862968752428438,1,0,0,1,0,0,1,0,0,0,0,0,0,64.9383131258451,33.800114063738505,1
5328,0,1.0,0,0,1,0,0,0,1,0,0,0,0,0,0,72.8138015759509,29.45662856633742,1
5329,0,1.0,1,0,1,0,0,0,1,0,0,0,0,0,0,248.2879486759296,30.057767754088523,1
5330,1,0.1485067816436808,0,0,1,0,0,0,1,0,0,0,0,1,0,60.673874217186544,30.390072379424147,1
5331,0,0.0,0,0,1,0,0,0,0,0,0,0,0,0,1,97.2887910104233,29.30176646229323,1
5332,0,0.1856160793309185,1,0,1,0,0,0,1,0,0,0,0,0,0,253.47336865939252,34.92760442714468,1
5333,0,1.0,0,1,1,0,0,0,0,0,0,0,0,0,0,222.26329367271413,30.638992468282087,1
5334,0,1.0,0,0,0,0,0,0,0,0,0,0,0,0,0,70.11777643017068,27.188370055842427,1
5335,0,0.803311802687177,1,0,0,1,0,0,0,0,0,0,0,0,0,79.61888126833784,29.30662360537435,1
5336,1,0.23748330516938398,0,0,0,0,0,0,0,0,0,0,1,0,0,82.69559578404642,24.59370826292346,1
5337,1,0.0,0,0,1,1,0,0,1,0,0,0,0,0,0,62.058167947488954,30.180040962802185,1
5338,1,1.0,0,0,1,0,0,0,0,0,0,0,0,0,0,121.77094209124184,34.87109338073407,1
5339,0,0.0,0,0,1,0,0,0,1,0,0,0,0,0,0,72.00214685030608,29.218298127832107,1
5340,0,1.0,0,0,1,0,0,0,1,0,0,0,0,0,0,208.40637204845154,31.95294375082067,1
5341,1,0.0,0,0,1,0,0,0,1,0,0,0,0,0,0,60.52937291624191,29.211246229390124,1
5342,0,1.0,0,0,1,0,0,0,0,0,0,0,0,1,0,228.5846403287368,27.25919812150398,1
5343,0,0.7959123388442397,0,0,0,0,0,0,0,0,0,0,0,0,0,91.34654025784921,32.71632110495982,1
5344,1,0.5309592524818461,0,0,1,1,0,0,1,0,0,0,0,0,0,59.667555349192476,26.873532260853477,1
5345,0,1.0,0,0,1,0,0,0,1,0,0,0,1,0,0,76.77252620717995,21.737465451838137,1
5346,0,1.0,0,0,1,0,0,0,1,0,0,0,0,1,0,231.98877758160364,37.8908725625294,1
5347,0,0.890136886259217,0,0,1,1,0,0,1,0,0,0,0,0,0,112.10816426351106,36.80673918579977,1
5348,1,1.0,0,0,0,1,1,0,0,0,0,0,0,0,0,82.72741561705847,27.89531557091919,1
5349,1,0.3429296627591959,0,0,1,1,0,0,0,0,0,0,0,1,0,64.26259100894498,42.700253819657185,1
5350,0,0.316129875090968,0,0,1,0,0,0,0,0,0,0,0,0,0,88.52967923144558,31.38451688758187,1
5351,0,1.0,0,0,0,1,0,0,0,0,0,0,0,0,0,205.20984761578893,30.949302791472125,1
5352,0,0.3099531115905504,0,1,1,0,0,0,1,0,0,0,0,0,0,242.73487553220662,34.220573315474006,1
5353,0,0.0,0,0,1,0,0,0,1,0,0,0,0,1,0,63.11899276370328,29.558050655773485,1
5354,0,1.0,0,0,0,0,0,0,1,0,0,0,0,0,0,111.87688902430493,27.116055183161443,1
5355,0,1.0,1,0,1,0,0,0,0,0,0,0,0,0,0,208.79789943485608,24.16378295006276,1
5356,1,0.7591961839268268,0,0,1,1,0,0,1,0,0,0,0,0,0,105.04902929058805,30.10902588052926,1
5357,0,1.0,1,0,1,0,0,0,0,0,0,0,0,0,0,174.8374355267993,28.5989456846109,1
5358,0,1.0,0,0,0,1,0,0,0,0,0,0,0,0,0,70.50225783883914,25.840290406143257,1
5359,0,0.14716325109494532,0,0,0,0,0,0,1,0,0,0,0,0,0,105.1366669120585,32.06187957620444,1
5360,1,1.0,1,0,1,1,0,0,0,1,0,0,0,0,0,197.79009352764785,23.928267965875893,1
5361,1,0.9102404994398429,0,1,1,1,0,0,1,0,0,0,0,0,0,214.3135011563948,28.45132660156844,1
5362,1,1.0,0,0,0,1,0,0,0,0,0,0,0,0,0,89.21197436382177,37.47897455287073,1
5363,1,1.0,0,0,1,0,0,0,0,0,0,0,0,0,0,74.01709741927169,24.99395295681602,1
5364,0,1.0,0,0,1,0,0,0,1,0,0,0,1,0,0,77.27033945638303,22.59357740906636,1
5365,0,0.8767525418674486,0,0,1,0,0,0,1,0,0,0,0,0,0,94.1526279336085,28.24118033792164,1
5366,1,1.0,0,0,0,0,0,0,0,0,0,0,0,0,0,89.77382236106031,36.29237246155805,1
5367,1,1.0,0,0,0,1,0,0,0,0,0,0,0,1,0,94.49721363826352,22.703877427763747,1
5368,0,0.8383054467260131,0,0,1,0,0,0,0,0,0,0,0,0,0,98.94840085427339,32.956205054939666,1
5369,0,1.0,0,1,1,1,0,0,0,0,0,0,0,0,0,112.39204617725342,37.300913727183165,1
5370,0,1.0,0,1,1,0,0,0,0,0,0,0,0,0,0,119.68415519874988,36.326672932924325,1
5371,0,0.0,0,0,0,0,0,0,1,0,0,0,0,0,1,104.16222849286044,31.770783054233412,1
5372,1,0.5466772648973117,0,0,1,0,0,0,1,0,0,0,0,1,0,222.72237329245877,51.62523688943446,1
5373,0,1.0,0,0,1,1,0,0,0,0,0,0,1,0,0,200.50335904569758,28.884478727596758,1
5374,1,1.0,0,0,0,0,0,0,0,1,0,0,0,0,0,79.3484533229481,29.52159730220125,1
5375,1,0.0,0,0,1,0,0,0,1,0,0,0,0,0,0,77.08415360072956,30.31889670275932,1
5376,0,0.1954580003683999,0,0,1,1,0,0,0,0,0,0,1,0,0,113.04542474166885,40.9363359970528,1
5377,1,0.8337706379483413,0,0,1,0,0,0,0,0,0,0,0,1,0,70.35321035195764,34.15065595692251,1
5378,0,0.9164891511155142,0,0,1,1,0,0,1,0,0,0,0,0,0,91.50411597255527,36.334256414199324,1
5379,1,1.0,0,0,1,0,0,0,0,0,0,0,0,0,0,199.63018355273599,27.541026521609954,1
5380,0,1.0,0,0,1,0,0,0,0,0,0,0,1,0,0,196.0820822549629,34.99299741191095,1
5381,0,1.0,0,0,1,0,0,0,0,0,0,0,0,1,0,73.72938662669834,25.312229244043095,1
5382,1,0.33882348242280735,0,0,0,0,0,0,0,0,0,0,0,0,0,58.4009646405677,31.679294009572455,1
5383,1,1.0,0,0,0,1,0,0,1,0,0,0,0,0,0,205.67891864861411,45.9856187339917,1
5384,1,0.7379277689988003,0,0,1,0,0,0,0,0,0,0,0,1,0,232.01338495963208,40.044866772014394,1
5385,0,1.0,0,0,0,1,0,0,0,0,0,0,0,0,0,98.3366374985639,24.271516500492286,1
5386,0,1.0,0,0,1,0,0,0,0,0,0,0,0,0,0,205.43492338299615,26.97394113074707,1
5387,0,1.0,0,0,1,1,0,0,0,0,0,0,0,0,0,213.3549280707106,26.18929063502907,1
5388,1,0.25706269218920874,0,0,0,1,0,0,0,0,0,0,0,0,0,82.9469485309043,26.50565015375137,1
5389,1,1.0,1,0,0,0,0,0,0,0,0,0,0,1,0,80.13237674609863,29.7,1
5390,0,0.0,0,0,1,1,0,0,0,0,0,0,0,0,0,78.34796411920892,30.096366527638285,1
5391,0,0.25609481269784806,0,0,0,0,0,0,1,0,0,0,0,0,0,104.95219413257122,31.669514668571935,1
5392,0,1.0,0,0,1,0,0,0,0,0,0,0,0,0,0,76.90354790951504,20.85259453353102,1
5393,0,1.0,0,0,0,1,0,0,0,0,0,0,0,0,0,71.36366300102662,26.01188505996546,1
5394,0,1.0,0,0,0,0,0,0,1,0,0,0,0,0,0,130.17159425606266,21.744668499720262,1
5395,0,1.0,0,0,1,1,0,0,0,0,0,0,0,0,0,215.83541799141418,27.830791317847616,1
5396,0,0.5551475671724592,0,0,1,1,0,0,1,0,0,0,0,0,0,110.02463488451885,37.93382291939305,1
5397,0,0.5109515995507168,0,0,1,0,0,0,0,0,0,0,0,0,0,208.64129573502368,43.17809680089857,1
5398,0,1.0,0,0,1,0,0,0,0,0,0,0,0,0,0,220.27857380085337,27.615380357442668,1
5399,0,0.9095484730121384,0,0,1,0,0,0,0,0,0,0,0,0,0,62.138993359373295,25.670851260650235,1
5400,1,0.5689554832818507,0,0,1,0,0,0,1,0,0,0,0,0,0,74.40585685130657,21.979284256532814,1
5401,0,0.7621745871816447,0,0,1,0,0,0,1,0,0,0,0,0,0,93.78859571284634,28.904303201791205,1
5402,0,0.18819328164911364,0,0,1,0,0,0,1,0,0,0,0,0,1,97.05656890955859,28.591878139547394,1
5403,0,0.3418490419172582,0,0,1,0,0,0,0,1,0,0,0,0,0,189.65609556466376,39.27189816167305,1
5404,0,0.56630566867962,0,0,1,0,0,0,1,0,0,0,0,0,0,104.28930931423537,32.02293623554758,1
5405,0,1.0,1,0,1,0,0,0,0,0,0,0,0,0,0,174.29728802394467,25.136461691953016,1
5406,0,1.0,0,0,1,0,0,0,1,0,0,0,0,0,0,98.14885087155577,26.427768042821448,1
5407,0,1.0,0,0,0,1,0,0,1,0,0,0,0,0,0,206.01413535693987,30.938180540035557,1
5408,0,0.9409923225744371,0,0,1,0,0,0,0,0,0,0,0,0,0,88.8839379851354,34.34751919356391,1
5409,0,1.0,0,0,1,0,0,0,1,0,0,0,0,1,0,232.45675931209814,38.97234294812596,1
5410,0,0.2583727125481111,0,0,1,1,0,0,1,0,0,0,0,1,0,71.6308126129515,27.931580032394155,1
5411,1,0.19490268795886512,0,0,0,0,0,0,1,0,0,0,0,0,0,83.3939731234875,26.338980537591773,1
5412,0,1.0,0,0,1,0,0,0,0,0,0,0,0,0,0,195.2565318038978,33.37335329908242,1
5413,0,0.39505333785679597,0,0,1,0,0,0,1,0,0,0,0,1,0,70.77358972822182,28.065441328357522,1
5414,0,1.0,0,0,0,0,0,0,0,0,0,0,0,1,0,90.33661349324335,26.761588660224803,1
5415,1,0.0,0,0,1,0,0,0,0,0,0,0,0,0,0,165.32828091499368,29.453245423547738,1
5416,1,1.0,0,0,1,0,0,0,0,1,0,0,0,0,0,90.68723135437978,32.60638060680568,1
5417,0,0.5496496142192072,1,0,1,0,0,0,1,0,0,0,0,0,0,261.6386408469368,33.216646813169724,1
5418,0,1.0,0,0,1,0,0,0,0,0,0,0,0,0,0,128.77111740992365,26.670748918527636,1
5419,0,1.0,0,0,1,0,0,0,0,0,0,0,0,0,0,103.31622803683584,25.87916501096594,1
5420,1,0.0,0,0,1,1,0,0,1,0,0,0,0,0,0,61.50901960858939,30.04610234355839,1
5421,0,0.8135801951460254,0,0,1,1,0,0,0,0,0,0,0,0,0,69.05587668091158,26.62876555116414,1
5422,0,0.7493694366449569,0,0,1,0,0,0,1,0,0,0,0,0,0,233.8606624589283,33.79798219726386,1
5423,0,0.45430403118697416,1,0,1,1,0,0,0,0,0,0,0,0,0,178.36772526410547,29.426355318510502,1
5424,0,1.0,0,0,1,0,0,0,1,0,0,0,0,0,1,257.8464772441027,30.965368201232238,1
5425,1,1.0,0,0,0,1,1,0,0,0,0,0,0,0,0,82.30725693318344,27.362720056148028,1
5426,0,0.25139129141816763,0,0,1,0,0,0,1,0,0,0,0,0,1,97.08563999405236,28.42124351317095,1
5427,0,0.5173987643384793,0,0,1,0,0,0,1,0,0,0,1,0,0,86.43178551809201,29.74130061783076,1
5428,0,0.0,0,0,1,1,0,0,1,0,0,0,0,0,0,87.77441806242565,28.745650304628914,1
5429,1,1.0,0,0,0,0,0,0,0,0,0,0,0,0,0,205.30156136174804,42.31455083370396,1
5430,0,0.2848749801831121,0,0,0,0,0,0,0,0,0,0,0,0,0,92.16420003170703,32.2563874821648,1
5431,0,1.0,0,0,1,0,0,0,0,0,0,0,0,0,1,195.17470393397633,28.0470955119848,1
5432,1,0.0,0,0,0,1,0,0,0,0,0,0,0,1,0,65.81435442463732,39.791579818558624,1
5433,0,1.0,0,1,1,0,0,0,1,0,0,0,0,0,0,230.05353797778523,36.74253010220752,1
5434,1,0.0,0,0,1,0,0,0,0,0,0,0,0,0,0,103.54020836652019,27.3,1
5435,1,1.0,0,0,0,1,0,0,0,0,0,0,0,0,0,89.17725444062208,36.09017762488338,1
5436,0,0.29272108809433284,0,0,1,0,0,0,0,0,0,0,0,0,0,185.26367074819018,39.4340204092887,1
5437,1,0.0,0,0,1,0,0,0,0,0,0,0,0,0,0,190.14305036465473,40.4,1
5438,1,0.44672646870264054,0,0,1,0,0,0,1,0,0,0,0,1,0,74.46291391027509,21.25943499679449,1
5439,0,0.8765501341896449,0,0,1,0,0,0,0,0,0,0,0,0,1,76.1124689973162,27.620969651106925,1
5440,1,1.0,0,0,0,1,0,0,1,0,0,0,0,0,0,95.07797331982906,22.53222595335995,1
5441,1,1.0,0,0,1,1,0,0,0,0,0,0,0,1,0,228.69348100050067,26.603207611909948,1
5442,0,1.0,0,0,1,0,0,0,1,0,0,0,0,0,0,219.80127865691273,33.55471930889996,1
5443,1,1.0,1,0,1,0,0,0,0,0,0,0,0,1,0,74.0399902356043,24.936394704895402,1
5444,0,1.0,0,0,1,0,0,0,0,0,0,0,0,1,0,73.72675202888452,25.31505980367779,1
5445,0,0.0,0,0,1,1,0,0,0,0,0,0,0,0,0,110.86492156894208,30.821587483264008,1
5446,0,1.0,0,0,1,0,0,0,0,0,0,0,0,0,0,198.56122580423445,26.873530512040663,1
5447,0,0.44933954076343574,0,0,1,0,0,0,1,0,0,0,1,0,0,86.40524242089775,29.775330229618284,1
5448,1,0.8468554999160438,0,0,1,1,0,0,1,0,0,0,0,0,0,221.62747479502605,45.937926099143645,1
5449,1,0.7281164373361664,1,0,1,0,0,0,0,0,0,0,0,0,0,179.61210924842155,27.99124657493447,1
5450,0,0.0,0,0,1,0,0,0,0,0,0,0,0,1,0,66.10282211102563,31.50087993534854,1
5451,0,0.0,0,0,1,1,0,0,1,0,0,0,0,0,0,87.68937611976001,29.286873055153663,1
5452,0,1.0,0,1,1,0,0,0,0,0,0,0,0,0,0,119.59194476817122,36.2704172325713,1
5453,0,0.9754103676847451,0,0,1,0,0,0,1,0,0,0,0,0,0,243.5064769993774,33.54590280890644,1
5454,0,0.0,0,0,1,0,0,0,0,0,0,0,0,1,0,65.53444807431266,30.892528519906513,1
5455,0,1.0,0,0,1,1,0,0,0,0,0,0,0,0,0,216.80093560398032,27.524194776040336,1
5456,0,1.0,0,0,1,0,0,0,0,0,0,0,0,0,0,73.61839644295333,28.659385822760093,1
5457,0,1.0,0,0,0,0,0,0,0,0,0,0,0,1,0,90.3857404284339,26.71521008504491,1
5458,0,1.0,0,0,1,0,0,0,0,0,0,0,0,0,0,198.70442904749325,26.641041072671367,1
5459,0,1.0,0,0,1,1,0,0,1,0,0,0,0,0,0,221.593227768799,26.528224169163,1
5460,0,1.0,0,0,1,0,0,0,0,0,0,0,0,0,0,78.4803452986165,20.87529277048618,1
5461,0,0.1842546193738791,0,0,1,1,0,0,1,0,0,0,0,0,0,104.20782242422685,27.281574538062614,1
5462,0,1.0,0,1,1,1,0,0,0,0,0,0,0,0,0,114.03195991642833,36.23220589715906,1
5463,1,0.3936355202774421,0,0,0,1,0,0,0,0,0,0,0,1,0,78.81375318764668,30.367000927694814,1
5464,0,1.0,1,0,1,0,0,0,1,0,0,0,1,0,0,244.88244394028135,43.13282170312489,1
5465,0,1.0,0,1,0,0,0,0,1,0,0,0,0,0,0,205.76199424218953,31.21817891019673,1
5466,0,1.0,0,0,1,0,0,0,1,0,0,0,0,0,0,98.13420276321773,26.45799429812214,1
5467,0,1.0,0,0,1,0,0,0,0,0,0,0,0,0,0,128.2689308670606,28.46906685960819,1
5468,0,1.0,0,0,1,0,0,0,0,0,0,0,0,0,0,78.64094993124561,19.79660493939511,1
5469,1,0.7767984372086307,0,0,1,0,0,0,0,0,0,0,0,0,0,190.51497862548948,37.37048609488634,1
5470,1,1.0,0,0,1,0,0,0,1,0,0,0,0,0,0,73.74733521904557,23.725585739498527,1
5471,1,0.0,0,0,1,1,0,0,1,0,0,0,0,0,0,61.20818095065323,29.972727061134936,1
5472,1,1.0,0,0,1,0,0,0,0,0,0,0,0,0,0,208.60272130015474,40.548004943879384,1
5473,0,1.0,0,0,1,0,0,0,1,0,0,0,0,0,0,235.35998806661416,42.913049301457335,1
5474,1,0.29339587100578224,0,0,1,0,0,0,0,0,0,0,0,0,0,191.32709493671027,39.255756103077445,1
5475,0,1.0,0,0,1,0,0,0,0,0,0,0,1,0,0,135.0997206732666,27.363683078700582,1
5476,1,1.0,0,0,1,0,0,0,0,0,0,0,0,0,0,195.83326357319078,22.272935330658335,1
5477,0,1.0,1,0,1,0,0,0,0,1,0,0,0,0,0,196.41895823426165,23.14313744138981,1
5478,1,0.7882541379475805,0,0,1,0,0,0,1,0,0,0,0,0,0,97.63837800347028,26.79412706897379,1
5479,0,0.9585026744900936,0,0,1,1,0,0,0,0,0,0,0,0,0,115.86844492365472,27.158096255713872,1
5480,0,1.0,0,0,1,0,0,0,0,0,0,0,0,0,0,254.94548666820248,30.886481042234877,1
5481,0,1.0,0,0,1,1,0,0,0,0,0,0,0,0,0,138.34539001578267,24.83271494826571,1
5482,0,0.8579349139973288,0,0,1,0,0,0,0,0,0,0,0,0,0,119.28085978617783,37.609770990215225,1
5483,1,1.0,0,0,1,0,0,0,0,0,0,0,0,0,0,207.25184427501094,41.234089597630174,1
5484,0,1.0,0,0,1,1,0,0,0,0,0,0,0,0,0,193.395124925939,36.01965250044085,1
5485,0,1.0,0,0,0,0,0,0,1,0,0,0,0,0,0,130.00625273593928,22.482800285985345,1
5486,0,0.7192452005758319,0,0,1,0,0,0,0,0,0,0,0,0,0,103.91302648352206,25.645736038675587,1
5487,0,0.06983479713745,0,0,0,0,0,0,0,0,0,0,0,0,0,104.47381357182991,32.025702634847406,1
5488,0,0.0,0,0,1,0,0,0,1,0,0,0,0,0,0,83.32031004454373,25.87482917594495,1
5489,1,0.7410957252068604,0,0,1,0,0,0,1,0,0,0,0,1,0,79.84746538171544,29.984794702272453,1
5490,0,1.0,0,0,1,0,0,0,1,0,0,0,1,0,0,101.07984243722933,28.147173313635278,1
5491,0,0.2739151485161495,0,0,1,0,0,0,0,1,0,0,0,0,0,117.66295370098835,35.22608485148385,1
5492,1,1.0,0,0,1,0,0,0,1,0,0,0,0,0,0,79.9698800426327,22.939048607578968,1
5493,1,1.0,0,0,1,1,0,0,0,0,0,0,0,1,0,226.6078238636407,27.62943543612469,1
5494,0,0.4675290921161026,0,0,1,1,0,0,0,0,0,0,0,0,0,113.12881233400785,27.845459271037456,1
5495,0,0.5644165877797477,0,0,1,0,0,0,0,0,0,0,1,0,0,89.24281967814137,36.47178398020607,1
5496,0,0.399416803012864,0,0,1,1,0,0,0,0,0,0,0,0,0,112.74874576081177,27.94081647578199,1
5497,0,1.0,0,0,1,0,0,0,0,0,0,0,0,1,0,72.67997531982098,28.81687233482515,1
5498,0,0.6202625951783513,0,0,1,0,0,0,0,0,0,0,1,0,0,196.30618772557,34.25189496192866,1
5499,0,1.0,0,0,1,1,0,0,0,0,0,0,0,0,0,225.69426411394036,29.871129403719923,1
5500,1,1.0,0,0,1,0,0,0,0,0,0,0,0,0,0,73.55448694497579,24.030181135366217,1
5501,1,0.0,0,0,1,0,0,0,0,0,0,0,0,0,0,170.18955094601282,33.44670898194891,1
5502,0,1.0,0,1,1,0,0,0,0,0,0,0,0,0,0,220.04732459591477,28.855407601589942,1
5503,0,0.762212058314177,0,0,1,0,0,0,0,0,0,0,0,0,0,88.13842428317011,34.79446985421456,1
5504,0,1.0,0,0,0,1,0,0,0,0,0,0,0,0,0,72.637456405425,33.545556671091795,1
5505,1,1.0,0,0,1,0,0,0,0,1,0,0,0,0,0,89.29706033114861,33.77754858790004,1
5506,1,1.0,0,0,1,0,0,0,1,0,0,0,0,0,0,74.44669248657382,22.799965826593475,1
5507,0,0.6233795659599071,0,0,1,0,0,0,0,0,0,0,0,0,0,87.08324313386932,30.10259269446415,1
5508,0,0.39753082954273355,0,0,1,0,0,0,0,0,0,0,0,0,1,76.80182710192722,28.945926009097438,1
5509,0,1.0,0,0,1,0,0,0,0,0,0,0,0,0,0,195.8324316929398,34.612207711556486,1
5510,0,0.5286566039892756,1,0,1,0,0,0,1,0,0,0,0,0,0,250.14527743430304,31.72934414928258,1
5511,0,0.6655574728818959,0,0,1,0,0,0,0,0,0,0,0,0,0,111.37856914001765,27.701331032541724,1
5512,0,1.0,0,0,0,0,0,0,1,0,0,0,0,0,0,130.2491848921203,21.39828173160576,1
5513,0,1.0,1,1,1,0,0,0,1,0,0,0,0,0,1,267.62095936660376,30.507332282964565,1
5514,1,1.0,0,0,1,0,0,0,1,0,0,0,0,0,0,73.80496281958989,23.649313915248676,1
5515,0,1.0,0,1,1,0,0,0,0,0,0,0,0,0,0,119.75962088078586,36.37271300419297,1
5516,0,1.0,0,0,1,0,0,0,0,0,0,0,0,0,0,127.79130111034786,27.35163821145319,1
5517,0,0.43624602635715737,1,0,1,1,0,0,0,0,0,0,0,0,0,178.46957241134564,29.357734900157197,1
5518,0,1.0,0,0,1,0,0,0,0,0,0,0,0,0,0,114.634138915481,27.16833851209879,1
5519,0,1.0,0,0,1,0,0,0,0,0,0,0,0,0,0,105.19678338933652,23.675086729973415,1
5520,0,0.7232458680486914,0,0,1,0,0,0,0,0,0,0,0,0,0,109.90450398716355,31.13210495834157,1
5521,1,1.0,0,0,1,0,0,0,0,0,0,0,0,0,0,122.50848824487791,33.78587560699162,1
5522,1,1.0,0,0,0,0,0,0,0,1,0,0,0,0,0,79.44646768794192,29.56119906583512,1
5523,0,0.9328676901266331,0,0,1,1,0,0,0,0,0,0,0,0,0,195.36795490458707,33.0013969296201,1
5524,0,0.07735486039642792,0,0,0,0,0,0,1,0,0,0,0,0,0,104.94199615202021,31.946412916237854,1
5525,1,0.0,1,0,1,0,0,0,0,0,0,0,0,0,0,64.9684729549356,31.59383326807255,1
5526,0,1.0,0,0,1,0,0,0,0,0,0,0,0,0,0,187.49665004339175,37.2311535976073,1
5527,0,0.7371324139566391,0,0,1,0,0,0,1,0,0,0,0,0,0,98.03477953135501,25.81029406883469,1
5528,1,1.0,0,0,0,1,0,0,0,1,0,0,0,1,0,76.4084630486745,34.19912494740428,1
5529,1,1.0,0,1,1,1,0,0,0,0,0,0,0,0,0,214.96832266118076,28.057569298186902,1
5530,0,1.0,0,0,1,0,0,0,0,0,0,0,0,0,0,56.93735554990502,25.062779587448567,1
5531,1,1.0,0,0,1,0,0,0,0,0,0,0,0,1,0,127.61739215337748,27.75562488042821,1
5532,0,0.0,0,0,1,0,0,0,1,0,0,0,0,0,0,223.95572361218234,56.45116246181874,1
5533,0,1.0,1,0,1,0,0,0,0,0,0,0,0,0,0,69.24419324015093,26.73662214913798,1
5534,0,0.259336418933374,0,0,0,1,0,0,1,0,0,0,0,0,0,87.53128703516809,40.24418981751987,1
5535,0,1.0,0,0,0,1,0,0,0,0,0,0,0,0,0,98.29294046661225,23.999440641170665,1
5536,0,1.0,0,0,1,1,0,0,0,1,0,0,0,0,0,195.64850981828286,33.98897606078846,1
5537,1,1.0,0,0,1,0,0,0,0,0,0,0,0,1,0,127.40345907308505,27.719277026980468,1
5538,1,1.0,0,0,0,1,0,0,0,0,0,0,0,0,0,96.13962213410477,22.55900521568805,1
5539,1,0.6141862443190114,0,0,1,0,0,0,1,0,0,0,0,0,0,74.42937684704589,22.09688423522943,1
5540,1,0.23660978270750732,0,0,0,0,0,0,0,0,0,0,0,0,0,58.26598589144466,31.231253695790507,1
5541,0,0.0,0,0,1,0,0,0,1,0,0,0,0,0,0,85.91732620851147,38.82739157446994,1
5542,0,1.0,0,0,1,0,0,0,0,0,0,0,0,0,0,73.3179348039829,28.57165979678333,1
5543,0,0.07489584200198374,0,0,1,0,0,0,0,0,0,0,0,0,0,75.97796144073597,29.817614573797815,1
5544,0,0.8938396464525328,0,0,1,0,0,0,1,0,0,0,0,0,0,98.34192570704697,25.684928282837976,1
5545,0,1.0,1,0,1,0,0,0,1,0,0,0,1,0,0,246.69898787289767,41.31263740190613,1
5546,1,0.23981995220659025,0,0,1,0,0,0,1,0,0,0,0,1,0,78.71959489246484,30.53619805257275,1
5547,0,0.8050417285013695,0,0,1,0,0,0,0,0,0,0,1,0,0,78.82339499257984,28.98806676560219,1
5548,0,1.0,0,0,0,0,0,0,0,0,0,0,0,0,0,218.3436538344754,32.31375206350039,1
5549,0,1.0,1,0,1,0,0,0,0,0,0,0,0,0,0,68.91381688901535,26.477503442364984,1
5550,0,0.9380534814210121,0,0,0,0,0,0,0,0,0,0,0,0,0,91.11911442972638,32.84424813327891,1
5551,0,0.5768079196382558,0,0,1,0,0,0,0,0,0,0,0,1,0,233.66492514776485,45.150748522351336,1
5552,0,0.0,0,0,1,0,0,0,1,0,0,0,0,0,0,83.3897342247171,25.507289398556516,1
5553,0,0.9635389491743815,0,0,1,0,0,0,1,0,0,0,0,0,0,93.92521692060896,28.52187663049537,1
5554,0,1.0,0,0,1,0,0,0,0,0,0,0,0,0,0,200.51668590649453,28.87341451481068,1
5555,0,0.8341641082084413,0,0,0,1,1,0,0,0,0,0,0,0,0,82.44825537276228,27.531173318658055,1
5556,0,1.0,0,0,0,0,0,0,1,0,0,0,0,0,0,185.83012860271765,29.884793627210463,1
5557,0,0.954848635587708,0,0,1,0,0,0,0,0,0,0,0,0,1,191.6194817865266,37.630938956795646,1
5558,0,1.0,0,0,1,0,0,0,0,0,0,0,0,0,0,195.7431878058858,34.420229582428775,1
5559,0,1.0,0,0,1,0,0,0,0,0,0,0,0,0,0,103.06500816007248,26.62277584618549,1
5560,0,1.0,0,0,1,0,0,0,1,0,0,0,1,0,0,101.47595183156479,27.9375916235107,1
5561,1,0.5782873824740836,0,0,1,0,0,0,1,0,0,0,0,1,0,59.990523061866206,31.808348362164477,1
5562,0,1.0,0,0,1,0,0,0,1,0,0,0,1,0,0,101.0554535865455,28.16007746743625,1
5563,1,1.0,0,0,0,1,0,0,1,0,0,0,0,0,0,95.88992223721048,22.216197931624663,1
5564,1,0.0,0,0,0,0,0,0,0,0,0,0,0,1,0,67.76234397918864,35.55702017093081,1
5565,1,0.0,0,0,1,0,0,0,1,0,0,0,0,0,0,74.44582419143117,30.128362821500858,1
5566,1,0.33242669217436516,0,0,1,0,0,0,0,0,0,0,0,0,0,116.47656693613918,26.226714852872867,1
5567,1,1.0,0,0,1,0,0,0,0,0,0,0,0,0,0,192.0207238437743,32.25193958779047,1
5568,0,0.8933763810634021,0,0,1,0,0,0,0,0,0,0,0,0,0,152.34032346162815,27.47867527621268,1
5569,1,0.0,0,0,1,0,0,0,0,0,0,0,0,0,0,164.13001530094766,28.620473954326567,1
5570,0,1.0,1,0,1,1,0,0,1,0,0,0,0,0,0,241.164542423828,27.10944413576026,1
5571,0,1.0,0,0,0,1,0,0,1,0,0,0,0,0,0,206.104901463556,30.929978783413617,1
5572,0,0.9662742977481859,0,0,1,1,0,0,1,0,0,0,0,0,0,223.7645721376315,32.0821187921598,1
5573,0,0.0,0,0,1,1,0,0,1,0,0,0,0,0,0,86.29790521196666,31.6491265763334,1
5574,0,0.0,0,0,1,0,0,0,0,0,0,0,0,1,0,64.58121750504246,29.87225115218612,1
5575,0,1.0,0,0,1,0,0,0,0,0,0,0,0,0,0,255.47852624806322,30.979049420792457,1
5576,0,0.2991343027561201,0,0,0,0,0,0,1,0,0,0,0,0,0,105.4223724891815,32.229047733031734,1
5577,0,1.0,0,0,1,0,0,0,0,0,0,0,0,0,0,113.03353289349897,27.242958839463917,1
5578,0,0.36922957982737936,1,0,1,1,0,0,0,0,0,0,0,0,0,178.84754516977358,29.10307240334404,1
5579,0,1.0,0,0,1,0,0,0,0,0,0,0,1,0,0,135.4272803518021,28.009238649536993,1
5580,0,1.0,0,0,1,0,0,0,0,0,0,0,0,0,0,114.03214561235696,27.19640346795539,1
5581,1,0.757776560375158,0,0,1,0,0,0,1,0,0,0,0,0,0,188.93614950506452,37.444671414536884,1
5582,0,1.0,1,0,1,0,0,0,0,0,0,0,0,1,0,188.82907964647276,36.66915101335835,1
5583,1,0.6819603883054801,0,0,1,0,0,0,1,0,0,0,0,0,0,60.3472679457733,32.27768512608589,1
5584,1,1.0,0,0,0,0,0,0,1,0,0,0,0,1,0,127.53491417883194,27.127277612577636,1
5585,0,0.9437757051490278,0,0,1,0,0,0,1,0,0,0,0,0,0,72.75530093268294,28.506826160216846,1
5586,0,1.0,0,0,1,0,0,0,1,0,0,0,0,1,0,105.58005599111067,31.77154855237999,1
5587,0,1.0,0,0,1,1,0,0,0,0,0,0,0,0,0,68.55738402401224,26.025601600815722,1
5588,0,1.0,0,0,1,1,0,0,1,0,0,0,0,0,0,222.84032203985814,29.523214347690757,1
5589,0,0.4535929257878679,0,0,1,1,0,0,1,0,0,0,0,0,0,224.9744318953575,36.98248495194849,1
5590,1,0.2497441792293552,0,0,1,0,0,0,0,0,0,0,0,1,0,92.99748209254605,25.250358149078902,1
5591,0,1.0,0,0,1,0,0,0,0,0,0,0,0,0,0,196.59280369158586,27.716431668590438,1
5592,1,0.8520484158046929,0,0,1,0,0,0,1,0,0,0,0,1,0,74.7831182484857,21.948482306867977,1
5593,1,0.44078186823154186,0,0,1,0,0,0,1,0,0,0,0,0,0,103.50879251678852,31.223687252707382,1
5594,1,0.5147421937567799,0,0,1,0,0,0,0,0,0,0,0,0,1,97.84235875100109,28.210196076856693,1
5595,1,1.0,0,0,1,0,0,0,1,0,0,1,0,0,0,207.65641131718132,35.33815073957613,1
5596,0,1.0,0,0,1,0,0,0,1,0,0,0,0,1,0,243.45257615618178,33.579163396608344,1
5597,1,0.03631481131295089,0,0,0,0,0,0,0,0,0,0,0,0,0,82.20192315567715,23.97821111321223,1
5598,0,1.0,0,0,1,0,0,0,0,0,0,0,0,0,0,91.35928755055815,34.030958501860525,1
5599,0,1.0,0,0,1,0,0,0,1,0,0,0,1,0,0,77.08295549250377,22.271324732331337,1
5600,0,0.07971507318728499,0,0,1,0,0,0,1,0,0,0,0,0,0,95.82200808968591,43.446336399864265,1
5601,0,0.0,0,0,1,0,0,0,0,0,0,0,0,0,0,86.79117285712927,31.509868571433827,1
5602,1,1.0,0,0,0,1,0,0,1,0,0,0,0,1,0,65.92278106684248,36.04735959642277,1
5603,0,1.0,0,1,1,0,0,0,1,0,0,0,0,0,0,193.77410720971318,37.07566525299742,1
5604,1,1.0,0,0,1,0,0,0,0,0,0,0,0,0,0,73.6005353547402,24.126115322375412,1
5605,1,1.0,0,0,1,0,0,0,1,0,0,0,0,0,0,99.19993212593117,27.44376201428448,1
5606,0,1.0,0,1,1,1,0,0,0,0,0,0,1,0,0,248.72733101972474,38.163472131046525,1
5607,1,1.0,1,0,1,0,0,0,0,1,0,0,0,0,0,203.54989664641238,27.228341497546225,1
5608,0,1.0,0,1,1,0,0,0,1,0,0,0,0,0,0,231.215134336592,36.86395132438244,1
5609,1,0.6486829533573645,0,0,1,0,0,0,0,0,0,0,0,1,0,232.16777849069175,41.11580455971163,1
5610,1,1.0,0,0,1,0,0,0,1,0,0,0,0,1,0,235.21994309743704,32.763454975869664,1
5611,1,0.3764946887526628,0,0,1,0,0,0,1,0,0,0,0,0,0,114.33539468987262,23.9129484066258,1
5612,0,1.0,0,0,1,0,0,0,0,0,0,0,0,0,0,251.5200279358759,30.906992713214954,1
5613,0,0.6903082888948109,0,0,1,1,0,0,1,0,0,0,1,0,0,108.07167435775231,32.69030828889481,1
5614,0,0.0,0,0,1,0,0,0,1,0,0,0,0,0,0,94.37583358182049,29.978025556922297,1
5615,0,0.0,1,0,1,1,0,0,1,0,0,0,0,0,1,211.92682851616433,43.81707129041082,1
5616,0,1.0,0,0,1,0,0,0,0,0,0,0,1,0,0,136.31524427655157,29.75924054502861,1
5617,0,0.32360163108999396,0,0,1,0,0,0,1,0,0,0,0,0,0,103.37674213289837,31.755961794198992,1
5618,0,1.0,0,0,0,1,0,0,1,0,0,0,0,0,0,112.3599127495957,24.03009663196316,1
5619,0,1.0,0,0,1,0,0,0,1,0,0,0,0,0,0,78.41649402130545,23.80797761397489,1
5620,0,1.0,0,0,1,0,0,0,0,0,0,0,0,0,0,116.440402989595,30.125804351955647,1
5621,0,0.47415794587907967,0,0,1,0,0,0,0,0,0,0,0,0,0,166.91990427195915,33.546515697417654,1
5622,0,0.22578955215062912,0,0,1,0,0,0,0,1,0,1,0,0,0,141.48143616494008,43.12278850854726,1
5623,0,0.6166219781652751,0,0,1,0,0,0,0,0,0,0,0,0,0,98.11469167078391,37.68713142708114,1
5624,0,0.040333852138451975,0,0,1,0,0,0,0,0,0,0,0,0,0,112.49477097274915,42.270097042810825,1
5625,1,1.0,0,0,1,0,0,0,0,0,0,0,1,0,0,205.63300849326615,44.760553034312636,1
5626,0,1.0,0,1,1,1,0,0,0,0,0,0,0,0,0,251.74745930010178,29.224536787018724,1
5627,1,1.0,0,0,1,0,0,0,0,0,0,0,0,0,0,110.21821791335283,24.07040833317812,1
5628,1,0.9846544775908396,1,0,1,0,0,0,0,0,0,0,0,0,0,179.1477753955606,28.093861791036336,1
5629,1,1.0,0,0,0,0,0,0,1,0,0,0,0,1,0,90.0637625843052,22.879090263541038,1
5630,1,0.13035313004326554,0,0,0,1,0,0,0,0,0,0,0,1,0,67.7605972712139,37.22625842690914,1
5631,0,1.0,0,0,1,0,0,0,0,0,0,0,0,0,0,103.51513675215162,25.447776722551172,1
5632,1,0.0,0,0,1,0,0,0,1,0,0,0,0,0,0,60.48122555180034,28.531159393732633,1
5633,0,1.0,0,0,1,0,0,0,1,0,0,0,0,1,0,72.76404045274175,27.50643811552913,1
5634,1,0.565415939752538,0,0,1,0,0,0,0,0,0,0,1,0,0,102.04473094760628,27.808874345777284,1
5635,0,1.0,0,0,1,1,0,0,1,0,0,0,0,0,0,221.72937510617302,47.27100018884867,1
5636,0,1.0,0,0,1,0,0,0,1,0,0,0,0,0,0,97.9416917244012,26.85523929885469,1
5637,1,1.0,0,0,0,1,0,0,0,0,0,0,0,1,0,67.88623150016284,41.344230491418465,1
5638,0,1.0,0,1,1,1,0,0,1,0,0,0,0,0,0,227.2935195341252,31.046744346228962,1
5639,0,0.11476112129243476,0,0,0,1,0,0,0,0,0,0,0,1,0,88.42837463137195,28.227858318061347,1
5640,0,0.9132934324043598,0,0,0,1,0,0,1,0,0,0,0,0,0,89.02230902588194,38.08613167306561,1
5641,1,1.0,0,0,1,0,0,0,1,0,0,1,0,0,0,209.31501252594188,37.2687976492445,1
5642,1,1.0,0,0,1,0,0,0,0,0,0,0,0,0,0,199.00216368471672,26.218210619628792,1
5643,1,1.0,0,0,0,1,0,0,0,1,0,0,0,1,0,71.6927935120906,35.86886538944507,1
5644,1,0.0,0,0,1,0,0,0,0,0,0,0,0,1,0,225.66629000917328,55.28765690199844,1
5645,0,0.1336956543994362,0,0,1,0,0,0,1,0,0,0,0,0,0,240.52315217280028,30.81173912064248,1
5646,0,1.0,0,0,1,0,0,0,0,0,0,0,0,1,0,228.6909552285535,26.651684408265762,1
5647,0,1.0,0,0,1,1,0,0,1,0,0,0,0,0,0,68.22176491373882,24.29943067298748,1
5648,1,0.058665607213098325,0,0,1,0,0,0,0,0,0,0,0,0,1,97.7693864971541,29.441602860524636,1
5649,0,1.0,0,0,1,0,0,0,0,0,0,0,0,1,0,193.4798024806902,32.347264126973506,1
5650,1,0.636596068000573,0,0,1,1,0,0,1,0,0,0,0,0,0,208.41382026783822,36.75336005319708,1
5651,0,0.9381811725247224,0,0,0,0,0,0,0,0,0,0,0,0,0,86.47039843750983,29.512363765495056,1
5652,0,0.7244332236908215,0,0,1,0,0,0,0,0,0,0,0,0,0,164.64490199665042,33.09602019735652,1
5653,1,0.0,0,0,1,1,0,0,1,0,0,0,0,0,0,220.1261639078522,35.20731311101108,1
5654,0,0.7008084180017403,0,0,0,1,1,0,0,0,0,0,0,0,0,82.72830232219634,27.877898113195474,1
5655,0,1.0,0,0,1,0,0,0,1,0,0,0,1,0,0,75.05947117186854,22.654100969098234,1
5656,1,1.0,0,0,1,1,0,0,1,0,0,0,0,0,0,106.63269329545071,32.85880696769831,1
5657,0,1.0,1,0,1,0,0,0,1,0,0,0,1,0,0,176.0743932266853,30.80367180920889,1
5658,0,1.0,0,0,1,0,0,0,0,0,0,0,0,0,0,103.51637840852757,25.444404322517705,1
5659,0,0.0,0,0,1,1,0,0,1,0,0,0,1,0,0,110.87887566164513,41.480329608248155,1
5660,0,1.0,1,0,1,0,0,0,0,1,0,0,1,0,0,194.7189562227072,27.063794556253598,1
5661,1,1.0,0,0,1,0,0,0,1,0,0,0,0,0,0,234.07336297233496,33.190613224783476,1
5662,0,1.0,0,0,0,0,0,0,1,0,0,0,0,0,0,183.90050477173352,34.37925907204926,1
5663,0,0.6955095756459696,0,0,1,0,0,0,0,0,0,0,1,0,0,78.83653885092248,28.81281532103355,1
5664,0,0.017053120445299164,0,0,0,0,0,0,0,0,0,1,0,0,0,83.38766041221666,25.428990304757008,1
5665,1,0.3572225865200721,0,0,1,0,0,0,0,0,0,0,0,0,0,208.59602593807364,40.78588969034416,1
5666,0,1.0,0,0,1,1,0,0,0,0,0,0,0,0,0,73.2818491801154,30.59419039448375,1
5667,1,1.0,0,0,1,0,0,0,1,0,0,0,0,0,0,73.56548677532665,23.97895587358351,1
5668,1,1.0,1,0,0,1,0,0,0,0,0,0,0,1,0,128.12213657444653,24.362380141771318,1
5669,0,0.19815983154719408,1,0,1,0,0,0,1,0,0,0,0,0,0,248.95331230321506,36.73135120827181,1
5670,0,0.0,0,0,1,1,0,0,1,0,0,0,0,0,0,87.34397400229015,29.095249541287192,1
5671,1,0.13046632818502024,0,0,0,1,0,0,0,0,0,0,0,1,0,67.76037200691181,37.226020710811454,1
5672,1,1.0,1,0,1,0,0,0,0,0,0,0,0,0,0,178.2167122934435,27.35930408062366,1
5673,0,0.9476861770642796,0,0,1,1,0,0,1,0,0,0,0,0,0,111.97947716178011,37.46277658752286,1
5674,1,0.7812282915891203,0,0,1,1,0,0,1,0,0,0,0,1,0,71.11789564321367,21.515596779065856,1
5675,0,1.0,0,0,1,0,0,0,0,0,0,0,0,0,0,260.8337536707596,33.98354354886652,1
5676,1,1.0,0,0,1,0,0,0,0,0,0,0,0,0,0,109.80894083963595,24.05123844682136,1
5677,0,1.0,1,0,1,0,0,0,1,0,0,0,1,0,0,244.48483815641137,43.531224292172965,1
5678,0,0.39178862323355335,0,0,1,0,0,0,1,0,0,0,0,0,0,95.50082762741073,27.22275610879046,1
5679,1,0.5554264989305715,0,0,1,0,0,0,1,0,0,0,0,1,0,60.02687186670039,31.732907446470886,1
5680,1,1.0,0,0,1,0,0,0,0,0,0,0,0,1,0,126.47588900120371,28.653231232767805,1
5681,1,0.22833125236861085,0,0,1,1,0,0,0,0,0,0,0,0,1,97.68465068671837,28.869339992420446,1
5682,1,0.05845798723687701,0,0,1,0,0,0,0,0,0,0,0,0,0,171.39894358311457,33.79203693273648,1
5683,0,1.0,0,1,1,0,0,0,0,0,0,0,0,0,0,119.32926617152654,36.11016238581195,1
5684,0,0.47430866486843026,0,0,1,1,0,0,0,0,0,0,0,0,0,144.1272337373566,36.65098103506561,1
5685,1,1.0,0,0,1,0,0,0,0,0,0,0,0,0,0,107.19869474248601,32.63035588517611,1
5686,0,0.3547972896563887,0,0,1,0,0,0,0,0,0,0,0,0,0,83.19712162620617,26.322472953106608,1
5687,1,1.0,0,0,1,1,0,0,0,0,0,0,0,1,0,225.93611734359143,27.959942262198133,1
5688,0,0.9426081563117265,0,1,1,0,0,0,1,0,0,0,0,0,0,239.15723560240616,26.404176771547853,1
5689,0,0.41669275181579546,0,0,1,0,0,0,0,0,0,0,0,0,1,115.61734896698654,36.291716228450014,1
5690,0,1.0,1,1,1,0,0,0,1,0,0,0,0,0,1,253.30143952679865,28.446969716086137,1
5691,0,1.0,0,0,1,1,0,0,0,0,0,0,0,0,0,192.23214594310753,36.98407409595962,1
5692,0,0.597808013401514,0,0,1,1,0,0,1,0,0,0,0,0,0,173.65710053441015,32.66635676113561,1
5693,1,0.0,0,0,1,0,0,0,0,0,0,0,0,0,0,104.14791834130372,27.3,1
5694,1,1.0,1,0,0,1,0,0,0,0,0,0,0,1,0,127.85206469851235,24.83848188873796,1
5695,1,1.0,1,0,1,0,0,0,0,1,0,0,1,0,0,89.69492555988153,33.81142686357355,1
5696,0,0.589268456508988,0,0,1,1,0,0,0,0,0,0,0,0,0,184.04133745036745,28.466048993461683,1
5697,0,0.4953627120225651,0,0,1,0,0,0,1,0,0,0,0,0,0,95.21289166057727,27.440261695247386,1
5698,0,0.992646955445573,0,0,1,0,0,0,0,0,0,0,0,0,0,111.80051457252479,27.308823653465314,1
5699,1,0.6917201141346888,0,0,1,0,0,0,1,0,0,0,0,0,0,97.50998775179914,26.745860057067343,1
5700,0,0.3386573210552756,0,0,1,0,0,0,1,0,0,0,0,0,0,97.25376834926834,26.12907414315578,1
5701,0,1.0,0,0,1,0,0,0,0,0,0,0,1,0,0,76.40489748268152,24.380799561336826,1
5702,0,0.6317498926048669,0,0,1,0,0,0,0,1,0,0,0,0,0,121.88367434488968,32.90982544032004,1
5703,0,0.9790318407916674,0,0,0,1,1,0,0,0,0,0,0,1,0,82.83914574129959,28.035645870654164,1
5704,1,1.0,0,0,1,0,0,0,0,0,0,0,0,1,0,81.18425945612512,19.63478765669601,1
5705,0,1.0,0,0,1,0,0,0,1,0,0,1,0,0,0,209.67463068183613,35.886771245103475,1
5706,0,0.09006984184028144,0,0,1,0,0,0,0,0,0,0,0,0,0,170.41126513767182,34.23787428468749,1
5707,1,1.0,0,0,1,0,0,0,0,1,0,0,0,0,0,89.3759821679968,33.577976126904666,1
5708,0,1.0,0,0,1,1,0,0,0,0,0,0,0,0,0,90.75397566583658,35.18951922291118,1
5709,0,0.20219531865892748,0,0,0,0,0,0,1,0,0,0,0,0,0,92.47846327693875,32.788561742769815,1
5710,0,0.8643662664559733,0,0,0,1,0,0,1,0,0,0,0,0,0,88.91075508751962,38.247591320695285,1
5711,0,1.0,0,0,1,0,0,0,1,0,0,0,1,0,0,77.17731427262751,22.43359779369062,1
5712,1,1.0,0,0,0,1,0,0,0,0,0,0,0,0,0,96.8757362355514,21.88008669194547,1
5713,0,0.3860509356518358,0,0,0,0,0,0,1,0,0,0,0,0,0,83.64935158010414,25.824656029217017,1
5714,0,0.03329385998153944,0,0,1,0,0,0,1,0,0,0,0,0,0,74.18824057095662,20.523305701987077,1
5715,0,1.0,0,0,0,1,0,0,0,0,0,0,0,0,0,72.72076134088937,32.96558560140307,1
5716,0,0.0832230662080723,0,0,1,0,0,0,0,0,0,0,0,0,0,197.0894191783835,34.358520787446274,1
5717,1,0.0,0,0,1,0,0,0,0,0,0,0,0,0,0,103.57800360682195,27.3,1
5718,1,0.5194400591637319,0,0,1,1,0,0,1,0,0,0,0,0,0,207.99499252607194,43.116640354982394,1
5719,0,0.9312460935775125,0,0,0,0,0,0,1,0,0,1,0,0,0,93.72818285135725,28.740638672478706,1
5720,0,1.0,0,0,1,1,0,0,0,0,0,0,0,0,0,73.47332232911381,30.17429313790828,1
5721,1,1.0,0,0,1,0,0,0,1,0,0,1,0,0,0,209.48311902547184,37.46447717250691,1
5722,0,0.12225059513737513,1,0,1,0,0,0,0,0,0,0,0,0,0,168.3733346896825,30.973350357082424,1
5723,0,0.7960053963906126,0,1,1,0,0,0,1,0,0,0,0,0,0,246.09835734302303,38.64364910715457,1
5724,0,1.0,0,0,1,1,0,0,1,0,0,0,0,0,0,144.06703012556247,27.007373866777357,1
5725,0,1.0,0,0,1,0,0,0,1,0,0,0,0,1,0,72.76538490470517,27.47114625148945,1
5726,0,0.05461030321346905,0,1,0,0,0,0,0,0,0,0,0,0,0,216.59965970915687,30.994538969678654,1
5727,0,0.9718453013254846,0,0,1,0,0,0,1,0,0,0,0,0,0,219.78109569612369,33.801356915228254,1
5728,1,0.4873847558968001,0,0,0,1,0,0,0,1,0,0,0,1,0,69.44316348721865,35.98910725671992,1
5729,0,0.7091231457684175,0,0,1,1,0,0,0,1,0,0,0,0,0,98.87332333885641,32.50740489765052,1
5730,0,1.0,0,0,1,0,0,0,1,0,0,0,0,1,0,237.9964454847279,29.487856262543065,1
5731,0,1.0,0,0,1,1,0,0,0,1,0,0,0,0,0,195.0241141319558,32.160360025828695,1
5732,1,0.3049031243850635,0,1,1,1,0,0,0,0,0,0,0,0,0,216.38486200039355,30.054800314406304,1
5733,1,0.8073236035132997,0,0,1,1,0,0,1,0,0,0,0,0,0,207.8811503570385,35.88264962208217,1
5734,1,0.0,0,0,1,0,0,0,0,0,0,0,0,0,0,186.02832379209036,40.4,1
5735,0,1.0,0,0,1,0,0,0,0,0,0,0,0,0,0,200.1759754362376,28.285137443863494,1
5736,0,1.0,0,0,1,1,0,0,1,0,0,0,0,0,0,223.27132214108173,30.558293330944263,1
5737,0,0.0,0,0,1,0,0,0,1,0,0,0,0,0,0,63.39011407933953,29.824463728675735,1
5738,1,0.0,0,0,1,0,0,0,1,0,0,0,0,0,0,223.59726565583728,52.20960504871468,1
5739,0,1.0,0,0,1,1,0,0,0,0,0,0,0,0,0,74.24291909966438,28.434393000858552,1
5740,0,1.0,0,0,1,0,0,0,1,0,0,0,0,0,0,111.49057970255004,26.235265675166787,1
5741,1,1.0,0,0,1,0,0,0,0,1,0,0,0,0,0,78.66603135153512,29.588363010148598,1
5742,0,0.3430267125900244,0,1,1,0,0,0,0,0,0,0,0,0,0,217.66053414465858,30.17673588978394,1
5743,1,1.0,1,0,0,1,0,0,0,0,0,0,0,1,0,72.09708182636146,36.783373706336484,1
5744,0,1.0,0,0,1,0,0,0,1,0,0,0,0,0,0,208.48016934048212,31.57341482037764,1
5745,0,1.0,0,1,1,0,0,0,0,0,0,0,0,0,0,117.36544797195387,34.91207701206735,1
5746,1,0.8911400917935094,0,0,1,1,0,0,1,0,0,0,0,0,0,221.80088599082063,30.79467732990738,1
5747,0,1.0,0,0,0,0,0,0,1,0,0,0,0,0,0,184.72765569850586,32.4526652985112,1
5748,1,0.29032865649547557,0,0,1,1,0,0,0,0,0,0,0,0,1,97.6641915433565,28.67094829921448,1
5749,0,0.9837115832091518,0,0,1,0,0,0,1,0,0,0,0,1,0,70.10840591097366,27.41791725846993,1
5750,0,1.0,0,0,1,0,0,0,0,0,0,0,0,1,0,72.6770245490448,28.769544089168065,1
5751,1,0.0,0,0,1,0,0,0,0,0,0,0,0,0,0,166.9091221803004,30.551899584764758,1
5752,0,1.0,0,0,1,0,0,0,0,0,0,0,0,0,0,91.27158893268351,33.73862977561173,1
5753,0,0.281825003295472,0,0,1,1,0,0,1,0,0,0,0,0,0,222.43674050639322,35.77814498220445,1
5754,0,1.0,0,0,1,1,0,0,0,1,0,0,0,0,0,195.57730299419595,33.86040818396487,1
5755,1,1.0,1,0,1,0,0,0,1,0,0,0,0,0,0,74.64062770755132,23.064574308162246,1
5756,0,1.0,0,0,1,1,0,0,0,0,0,0,0,0,0,70.98413035821213,34.33227519284277,1
5757,0,0.22551439688020913,0,0,1,0,0,0,1,0,0,0,0,0,0,82.67031277823291,24.94897120623958,1
5758,0,1.0,0,0,1,0,0,0,0,0,0,0,0,0,0,132.39684277851964,24.151177052215157,1
5759,1,1.0,0,0,0,0,0,0,0,0,0,0,0,0,0,83.12729921117568,26.78063236958269,1
5760,0,0.605896815179483,0,0,1,0,0,0,1,0,0,0,0,0,1,97.5456019744205,27.767027006605137,1
5761,1,1.0,0,0,0,1,1,0,0,0,0,0,0,0,0,82.40412977840388,27.485516620511962,1
5762,0,1.0,0,0,1,0,0,0,0,0,0,0,0,0,0,263.2199764528793,38.51025343364637,1
5763,0,0.7835015025879088,0,0,0,0,0,0,1,0,0,0,0,0,0,90.72249957203991,39.16394053369617,1
5764,0,0.0,0,0,1,1,0,0,1,0,0,0,0,0,0,86.31997512662915,31.665306359012543,1
5765,1,1.0,0,0,0,0,0,0,1,0,0,0,0,1,0,129.76614215672683,21.90963680273112,1
5766,0,1.0,0,0,1,0,0,0,0,0,0,0,0,0,0,78.10148598916196,23.41987022204655,1
5767,1,0.5671600789428277,1,0,0,0,0,0,0,0,0,0,0,1,0,66.6273190910589,34.31790019735707,1
5768,1,0.46445752690220177,0,0,1,0,0,0,1,0,0,0,0,0,0,61.03930529582898,41.893853656032775,1
5769,1,1.0,0,0,0,1,0,0,0,0,0,0,0,1,0,95.0816259192956,22.17992158959705,1
5770,0,1.0,0,0,1,1,0,0,0,0,0,0,0,0,0,194.11424466364392,35.42330930331969,1
5771,0,1.0,0,0,1,0,0,0,0,0,0,0,0,1,0,72.79423943495185,26.592696208037065,1
5772,1,1.0,0,0,1,0,0,0,1,0,0,0,0,0,0,227.47108784559794,30.309119148784045,1
5773,1,0.6641836353584655,1,0,1,0,0,0,0,0,0,0,0,0,0,179.7278276200012,27.96567345414339,1
5774,1,1.0,0,0,1,0,0,0,1,0,0,0,0,0,0,79.6218920752994,21.93726506525585,1
5775,0,1.0,1,0,1,0,0,0,0,0,0,0,0,0,0,175.20448184771067,30.95180671609398,1
5776,1,0.037941501058648464,0,1,1,1,0,0,0,0,0,0,0,0,0,216.55571743932248,30.88238134671819,1
5777,0,0.49104095957795246,0,0,1,0,0,0,0,0,0,0,0,0,0,104.10243600355031,26.17060579297071,1
5778,0,1.0,0,0,1,0,0,0,1,0,0,0,0,0,0,77.52413829241817,20.475480311545077,1
5779,0,1.0,0,0,1,0,0,0,1,0,0,0,0,1,0,241.36438018836822,33.23769738929292,1
5780,0,0.04112812680958999,0,0,0,0,0,0,1,0,0,0,0,0,0,104.87480612565145,31.862984685871368,1
5781,0,0.14281430447286736,0,0,1,0,0,0,1,0,0,0,0,0,0,86.34570057743132,31.385808530159693,1
5782,1,0.420170423952275,0,0,1,0,0,0,1,0,0,0,0,0,0,101.66419889973632,30.055454643352718,1
5783,1,0.2825502675186389,0,0,1,0,0,0,0,0,0,0,0,0,1,97.80520804280299,28.837114277699676,1
5784,0,0.7209917096522034,0,0,1,0,0,0,0,0,0,0,0,0,0,109.90804301584605,31.134809948417356,1
5785,0,0.5950314126238115,0,0,1,0,0,0,0,0,0,0,0,0,0,208.07543859304175,43.00993717475238,1
5786,1,0.9987929358156545,0,0,1,0,0,0,1,0,0,0,0,0,0,100.98426093657075,28.19891364223409,1
5787,1,0.9450336931601779,0,0,1,0,0,0,0,0,0,0,0,0,1,97.91120539090564,27.048409028467518,1
5788,0,0.42145818179646855,0,0,1,1,0,0,1,0,0,0,0,0,0,209.4205988728643,44.95862472723365,1
5789,0,0.0,0,0,0,0,0,0,1,0,0,0,0,0,0,92.7108293738388,31.8513701155365,1
5790,0,0.15452082999051897,1,0,1,0,0,0,0,0,0,0,0,0,0,234.71622726081247,48.37462917803224,1
5791,1,0.4395629417728987,0,0,1,0,0,0,1,0,0,0,0,0,0,102.95834281554167,27.69560664759561,1
5792,1,0.5104601313464413,0,0,0,0,0,0,0,0,0,0,0,0,0,58.63953958257155,32.074058302096816,1
5793,1,1.0,0,0,1,0,0,0,0,0,0,0,0,0,0,108.76349672516484,31.369343298401954,1
5794,0,1.0,0,0,1,0,0,0,1,0,0,0,0,1,0,238.6786011963001,28.677222793634407,1
5795,0,1.0,0,0,1,0,0,0,0,0,0,0,1,0,0,136.9425655467481,30.99556713592694,1
5796,0,0.3032197838442505,0,0,1,0,0,0,1,0,0,0,0,0,0,73.0435510972701,29.723882410695925,1
5797,0,0.0,0,0,1,0,0,0,1,0,0,0,0,0,0,87.24833118891138,41.20032468185837,1
5798,0,0.055292618327518306,0,0,1,0,0,0,0,1,0,0,0,0,0,117.95590789144113,35.44470738167248,1
5799,0,1.0,1,0,1,0,0,0,0,1,0,0,1,0,0,196.20178424704932,27.334878290136984,1
5800,0,1.0,0,0,1,0,0,0,1,0,0,0,1,0,0,75.41533729660986,22.28462247892965,1
5801,0,1.0,0,0,1,0,0,0,1,0,0,0,0,0,0,208.61835838688884,30.8627282960003,1
5802,0,0.9938161773591033,0,0,0,0,0,0,1,0,0,1,0,0,0,93.80264125105734,28.521643379243137,1
5803,0,0.18931642966240814,0,0,1,0,0,0,1,0,0,0,0,0,0,73.13835038547427,30.48931642966241,1
5804,1,1.0,0,0,0,0,0,0,1,0,0,0,0,1,0,94.32081520073716,22.872282626095515,1
5805,0,0.09132573433355706,0,0,0,0,0,0,1,0,0,1,0,0,0,92.72867762385694,31.68035992983255,1
5806,0,1.0,0,0,1,1,0,0,1,0,0,0,0,0,0,145.9106625145661,26.57759245463621,1
5807,0,1.0,0,0,1,1,0,0,1,0,0,0,0,0,0,70.21130602984988,21.89420887334875,1
5808,0,1.0,0,1,1,0,1,0,0,0,0,0,0,0,0,217.69272285560308,28.223721899451757,1
5809,0,1.0,0,0,1,1,0,0,0,0,0,0,0,0,0,213.21730263945037,26.01623985661683,1
5810,0,0.7423680012364708,1,0,1,1,0,0,0,0,0,0,0,0,0,176.7430444730263,30.520998404698588,1
5811,1,1.0,0,0,1,0,0,0,0,0,0,0,0,1,0,187.06366655167164,29.25478032964855,1
5812,0,1.0,0,0,1,0,0,0,1,0,0,0,0,0,0,106.48818530704031,32.84645445551239,1
5813,0,0.7331603781367996,0,0,1,0,0,0,0,0,0,0,0,0,0,91.0058825416983,36.84171225644569,1
5814,0,0.004578487074543891,0,0,0,0,0,0,0,0,0,0,0,0,0,84.2110799387204,29.699084302585092,1
5815,0,1.0,0,0,1,0,0,0,1,0,0,0,1,0,0,220.90167102946725,33.182479841109235,1
5816,0,0.46177989813152476,0,0,0,0,0,0,1,0,0,0,0,0,0,83.69630353684154,25.907957887944676,1
5817,0,0.466676452140395,0,1,1,0,0,0,1,0,0,0,0,0,1,245.39676745704605,29.859967707936697,1
5818,1,1.0,0,0,0,1,0,0,0,0,0,0,0,0,0,97.78066929692613,23.963145563733672,1
5819,0,1.0,0,0,1,0,0,0,0,0,0,0,0,0,0,194.01273961435223,23.17814471167513,1
5820,1,0.9774565631838426,0,0,1,0,0,0,1,0,0,0,0,0,0,59.42213899781171,32.25491312636768,1
5821,0,0.14668281333341393,0,0,1,0,0,0,1,0,0,0,0,0,0,96.18222177893311,26.708033908000168,1
5822,0,0.5016669717057628,0,0,1,0,0,0,1,0,0,0,0,0,1,97.20076680698466,27.74549917639444,1
5823,1,0.0,0,0,1,0,0,0,1,0,0,0,0,0,0,77.36665311650226,30.442920880415627,1
5824,0,1.0,1,0,1,0,0,0,1,0,0,0,0,0,0,246.61686405951053,38.93189873043833,1
5825,1,0.4562129296082531,0,0,1,0,0,0,1,0,0,0,0,0,0,96.97321886087094,26.4,1
5826,1,0.6949701331214758,0,0,1,0,0,0,1,0,0,0,0,1,0,222.34867526453388,50.27577178859457,1
5827,0,1.0,0,0,1,0,0,0,0,0,0,0,1,0,0,77.21063227797333,24.142416485806706,1
5828,0,1.0,0,0,0,1,0,0,1,0,0,0,0,0,0,110.87098403153652,24.099028517058496,1
5829,0,0.6113416562477262,0,0,1,1,0,0,1,0,0,0,0,0,0,204.69153543060986,35.249792509377045,1
5830,0,0.37097371259216905,0,0,0,0,0,0,1,0,0,0,0,0,0,105.55743057967328,32.30807108385139,1
5831,1,0.7721520276158381,0,0,1,1,0,0,1,0,0,0,0,0,0,206.8249361121387,44.63291216569503,1
5832,0,0.17046251158164205,0,0,1,0,0,0,1,0,0,0,0,0,0,217.11525228636637,31.460248781270433,1
5833,0,1.0,0,0,0,0,0,0,0,0,0,0,0,1,0,89.70166491659305,25.361936745174933,1
5834,1,0.34695895037758584,0,0,1,0,0,0,1,0,0,0,0,0,0,114.50049946738929,23.904087685113275,1
5835,0,0.5681929048922227,0,0,0,0,0,0,0,0,0,0,0,0,0,91.71089135217244,32.511373614403,1
5836,0,1.0,0,1,1,1,0,0,1,0,0,0,0,0,0,226.29260645167548,30.258262365549676,1
5837,0,1.0,0,1,0,0,0,0,0,0,0,0,0,1,0,215.46989314166572,29.507267186841197,1
5838,0,0.0,0,0,0,0,0,0,0,0,0,0,0,0,0,82.51276367119947,24.288379769627653,1
5839,1,0.0,0,0,1,0,0,0,1,0,0,0,0,0,0,76.99819774856327,30.28115998717412,1
5840,1,0.6579305653424447,0,0,1,1,0,0,0,0,0,0,0,1,0,64.34764125264246,43.802756978698554,1
5841,1,1.0,0,0,1,0,0,0,0,0,0,0,0,1,0,128.0728875760241,27.83301487942157,1
5842,0,0.23828967055309158,1,0,1,0,0,0,1,0,0,0,0,0,0,248.88107859300445,36.91996145159953,1
5843,0,0.7756170202002045,0,0,0,0,0,0,1,0,0,0,0,0,0,183.47915489596355,37.3750936212192,1
5844,1,0.5045029240548358,0,0,1,0,0,0,0,0,0,0,0,1,0,182.68062514647028,27.599099415189034,1
5845,0,1.0,0,0,1,0,0,0,0,0,0,0,0,0,0,72.884353718671,30.673961809690987,1
5846,0,0.9909129650487837,0,0,1,1,0,0,1,0,0,0,0,0,0,228.62820816233173,36.606360924465854,1
5847,0,1.0,0,0,1,1,0,0,0,1,0,0,0,0,0,195.24322578034486,33.25721321451156,1
5848,1,0.511093821472398,1,0,1,0,0,0,0,0,0,0,0,0,0,72.91934215104908,29.584468649938643,1
5849,0,1.0,0,0,0,0,0,0,0,0,0,0,0,0,0,70.18355874104357,26.68717149681094,1
5850,0,1.0,0,0,1,1,0,0,0,0,0,0,0,0,0,218.569994846321,26.905700753221392,1
5851,0,0.5711991839629137,0,0,1,1,0,0,1,0,0,0,0,0,0,204.424186565193,35.285920734433375,1
5852,0,1.0,0,0,1,1,0,0,1,0,0,0,0,0,0,223.48311620758506,31.066932624515246,1
5853,0,0.13945023620516017,0,0,1,0,0,0,0,0,0,0,0,0,0,87.67847620946765,30.876879622071744,1
5854,0,0.0,0,0,0,0,0,0,0,0,0,0,0,0,0,82.76679669666375,24.6031109516188,1
5855,1,1.0,0,0,1,0,0,0,0,0,0,0,0,0,0,79.01519320842863,29.352808149307638,1
5856,1,1.0,1,0,0,0,0,0,0,0,0,0,0,1,0,80.05681231534088,29.7,1
5857,0,0.7180141781270015,0,0,0,0,0,0,1,0,0,0,0,0,0,106.20986665487877,32.6898155959397,1
5858,1,1.0,0,0,0,1,0,0,1,0,0,0,0,0,0,95.63262551649278,22.31634336184413,1
5859,1,1.0,0,0,1,0,0,0,0,0,0,1,0,0,0,78.79983055312593,19.581510096592588,1
5860,0,0.4579002951270714,0,0,0,1,0,0,0,0,0,0,0,1,0,89.11122158730288,27.713149557309393,1
5861,0,1.0,0,0,1,0,0,0,0,0,0,0,0,0,0,103.36047169342054,25.867854659845488,1
5862,0,0.8670601823789473,0,0,1,0,0,0,1,0,0,0,0,0,1,97.79370717326,27.192467598766314,1
5863,0,1.0,0,0,1,0,0,0,1,0,0,0,0,1,0,70.73414759821053,27.643995302352472,1
5864,1,0.9667342275351081,0,0,1,0,0,0,0,0,0,0,0,1,0,93.04767139592745,24.246572081450847,1
5865,0,1.0,0,0,1,1,0,0,1,0,0,0,0,0,0,214.0535801642299,28.11209005158944,1
5866,0,0.0,0,0,1,0,0,0,1,0,0,0,0,1,0,61.709850207120745,29.77618417846428,1
5867,0,1.0,0,0,1,1,0,0,0,0,0,0,0,0,0,220.63098698826053,28.886233742472577,1
5868,1,0.10444425912611499,0,0,1,1,0,0,1,0,0,0,0,0,0,221.8576222796709,38.36533144308637,1
5869,0,1.0,1,0,1,0,0,0,1,0,0,0,1,0,0,178.9921631060321,28.213484448953235,1
5870,1,1.0,0,0,0,0,0,0,1,0,0,0,0,1,0,91.21859650528714,23.62352916631314,1
5871,0,1.0,0,0,1,0,0,0,0,0,0,0,0,0,0,219.32233375203606,28.022205317846385,1
5872,1,1.0,0,0,0,0,0,0,0,0,0,0,0,0,0,204.5713808603877,44.0413290463804,1
5873,1,0.3122307936342652,0,0,1,0,0,0,1,0,0,0,0,0,0,210.60607232379863,39.781438444456015,1
5874,0,1.0,0,0,1,0,0,0,0,1,0,0,0,0,0,91.39779325200502,31.81021177306247,1
5875,0,1.0,0,1,1,0,0,0,0,0,0,0,0,0,0,220.8104599840618,29.469638523757062,1
5876,0,0.051657357114641034,0,0,1,0,0,0,0,0,0,0,0,0,0,83.3790055857312,25.534309128498066,1
5877,0,1.0,0,0,1,0,0,0,1,0,0,0,0,0,0,234.3629467479187,42.55281292756969,1
5878,1,1.0,0,0,1,0,0,0,0,1,0,0,0,0,0,75.49307703310085,25.7501670486798,1
5879,0,0.3534731920607206,0,0,1,0,0,0,0,0,0,0,0,0,0,158.3170517638878,27.370694638412143,1
5880,0,1.0,1,1,1,0,0,0,1,0,0,0,0,0,1,265.1590474595949,30.153100353898544,1
5881,0,1.0,0,0,0,0,0,0,0,0,0,0,0,0,0,70.19311415016047,26.614368379729743,1
5882,1,1.0,0,0,0,0,0,0,0,0,0,0,0,0,0,83.63870502957988,26.981100373467356,1
5883,0,0.19225791846809193,0,0,1,1,0,0,1,0,0,0,0,0,0,172.01056714898044,33.84245203644253,1
5884,1,1.0,0,0,0,1,0,0,1,0,0,0,0,0,0,204.45799214326834,45.792840864726585,1
5885,0,1.0,1,0,1,1,1,0,0,0,0,0,0,0,0,215.86697143387778,27.706762900638807,1
5886,0,1.0,0,0,1,0,0,0,1,0,0,0,0,0,0,238.9926468821842,44.22554840731597,1
5887,0,0.44471277685833577,0,0,1,0,0,0,1,0,0,0,0,0,0,111.38242883818093,29.90984994876582,1
5888,0,1.0,0,1,0,0,0,0,1,0,0,0,0,0,0,206.58766137984512,31.63518251507329,1
5889,1,0.9833407684142266,0,0,1,0,0,0,1,0,0,0,0,0,0,101.03880708749779,28.185006691572802,1
5890,1,0.0,0,0,0,0,0,0,0,0,0,0,0,1,0,67.55737677862581,34.01136587160451,1
5891,1,0.6812821105324338,0,0,1,1,0,0,1,0,0,0,0,0,0,221.82187178894674,32.32664059311323,1
5892,0,1.0,0,0,1,0,0,0,0,0,0,0,0,0,0,133.08285015503924,29.33725051131231,1
5893,0,0.6073244167930659,0,0,1,1,0,0,0,0,0,0,0,0,0,78.25194314152762,27.578535116641387,1
5894,0,1.0,0,0,1,1,0,0,0,0,0,0,0,0,0,191.97317119251025,37.19883364523541,1
5895,0,0.3231277241724235,1,0,1,1,0,0,1,0,0,0,0,0,0,112.18585021793379,40.852048606720636,1
5896,1,1.0,0,0,1,0,0,0,0,0,0,0,0,1,0,81.83334762591416,17.31661562173514,1
5897,0,1.0,0,0,0,1,0,0,0,0,0,0,0,0,0,98.23404439573855,23.63272925648534,1
5898,0,1.0,1,1,0,0,1,0,0,0,0,0,0,0,0,216.20041882277826,28.68125646833477,1
5899,0,0.7890301093800496,0,0,1,0,0,0,0,0,0,0,0,0,0,99.92704479045446,33.21476925157412,1
5900,0,1.0,0,0,1,0,0,0,1,0,0,0,0,0,0,221.46215755561354,30.585998572091736,1
5901,0,1.0,1,0,1,1,0,0,1,0,0,0,0,0,0,221.3051769027665,25.92748598323862,1
5902,0,1.0,0,0,1,0,0,0,0,1,0,0,0,0,0,91.45878268910232,31.63428070451254,1
5903,0,1.0,0,0,1,0,0,0,0,0,0,0,0,1,0,228.62444606709,27.03173675948579,1
5904,1,1.0,0,0,1,0,0,0,0,0,0,1,0,0,0,78.78606532660753,19.556482412013672,1
5905,1,0.0,0,0,1,0,0,0,0,0,0,0,0,0,0,167.92103251387695,31.368223507478888,1
5906,0,0.9533071675823725,0,1,1,0,0,0,0,0,0,0,0,0,0,219.58291757788447,28.712062797802307,1
5907,1,1.0,0,0,1,0,0,0,0,0,0,0,0,0,0,80.31155509224273,29.670933764967536,1
5908,0,1.0,0,0,0,0,0,0,1,0,0,0,0,0,0,185.56891918780633,30.493200649519444,1
5909,1,1.0,0,0,1,0,0,0,0,0,0,0,0,0,0,195.8834894046495,22.269564469486607,1
5910,0,1.0,0,0,1,0,0,0,0,0,0,0,0,0,0,104.3370821971364,21.515248483324413,1
5911,0,1.0,0,0,1,0,0,0,1,0,0,0,0,0,0,79.1740822790798,23.62759945736195,1
5912,0,1.0,0,0,1,0,0,0,1,0,0,0,1,0,0,102.63253379934073,27.325643492412315,1
5913,0,0.0,0,0,1,0,0,0,1,0,0,0,0,0,0,83.28925375723549,26.039244814635605,1
5914,0,0.23875177108602408,1,0,1,0,0,0,1,0,0,0,0,0,0,249.68722779831592,33.96161136263761,1
5915,0,1.0,0,0,1,1,0,0,1,0,0,0,0,0,0,104.12833143281546,21.773445695983355,1
5916,0,1.0,0,0,1,0,0,0,0,1,0,0,0,0,0,75.43281598695198,26.887801035535993,1
5917,1,1.0,0,0,1,0,0,0,0,0,0,0,0,0,0,79.7393412388622,18.800884921997476,1
5918,1,1.0,0,0,1,0,0,0,0,0,0,1,0,0,0,78.7860801774561,19.556509413556554,1
5919,0,0.3666788797029814,0,0,1,0,0,0,0,0,0,0,0,0,0,93.58224747568804,40.46987909094049,1
5920,1,0.0,0,0,1,0,0,0,0,0,0,0,0,0,0,169.73669542946675,33.03178900605593,1
5921,1,1.0,0,0,1,0,0,0,0,0,0,0,0,1,0,127.2156026330159,27.78711084108898,1
5922,0,0.04533364312093113,1,0,0,1,0,0,0,0,0,0,0,0,0,78.95944026951521,27.790667286241863,1
5923,0,0.8001375827520759,0,0,1,0,0,0,1,0,0,0,0,0,0,220.153701445428,34.41950470209253,1
5924,0,0.7583410791808148,0,0,1,1,0,0,1,0,0,0,0,1,0,72.4257623158975,26.831649625802207,1
5925,0,1.0,0,0,1,0,0,0,0,0,0,0,0,0,0,218.54640738889643,26.922467165365006,1
5926,1,0.6830958622793752,0,0,1,1,0,0,0,0,0,0,0,0,1,97.53457836544781,27.414093240706,1
5927,0,1.0,0,0,1,1,0,0,1,0,0,0,0,0,0,68.19917475870206,24.30671781977353,1
5928,0,1.0,0,0,1,0,0,0,0,1,0,0,0,0,0,76.22636293403367,25.83281517957546,1
5929,0,1.0,0,1,1,0,0,0,0,0,0,0,0,0,0,117.52796577904442,35.011225806844074,1
5930,0,0.14167706112114198,0,0,1,1,0,0,1,0,0,0,0,0,0,211.1860177443256,44.45501871001806,1
5931,1,0.1551359145894915,0,0,1,0,0,0,0,0,0,0,0,0,0,78.2761842670455,30.567296128115764,1
5932,1,1.0,0,0,1,0,0,0,0,1,0,0,0,0,0,90.65313092755247,32.576291994899236,1
5933,0,0.6872343434606829,0,0,1,0,0,0,1,0,0,0,0,0,0,242.64483068694744,32.911915555613504,1
5934,1,0.68716580247578,0,0,1,0,0,0,1,0,0,0,0,0,0,210.85352942963402,39.51898393826695,1
5935,1,1.0,1,0,1,0,0,0,0,0,0,0,0,1,0,74.84640312195305,22.37053552105851,1
5936,1,1.0,0,0,1,0,0,0,1,0,0,0,0,0,0,232.80970763227617,33.91360011088677,1
5937,1,0.9901724474302122,0,0,0,0,0,0,1,0,0,0,0,1,0,88.91292416214975,22.954051539133832,1
5938,0,1.0,0,0,1,0,0,0,1,0,0,0,0,1,0,240.9154134694378,29.168869405938665,1
5939,0,0.6706207306979243,0,0,1,0,0,0,0,0,0,0,0,0,0,251.59681669167992,32.245710127301,1
5940,1,0.6933775385188524,0,0,1,0,0,0,1,0,0,0,0,0,0,74.4705563200298,22.302781600149018,1
5941,0,1.0,0,0,1,1,0,0,0,0,0,0,0,0,0,131.82608305848652,27.277978269249818,1
5942,1,1.0,0,0,1,0,0,0,0,1,0,0,0,0,0,90.3101765286907,32.27368517237416,1
5943,0,0.18837298555514648,0,0,1,0,0,0,0,0,0,0,1,0,0,59.1536013041682,27.529067536112134,1
5944,0,0.29391676050493376,0,0,1,0,0,0,1,0,0,0,0,0,1,115.07916539886216,24.82870866176727,1
5945,0,0.0,0,0,1,1,0,0,1,0,0,0,0,0,0,87.14802008397447,30.22712301204435,1
5946,0,1.0,0,0,1,1,0,0,0,0,0,0,0,1,0,74.37308983308039,26.518105558104242,1
5947,0,0.0,0,0,0,0,0,0,1,0,0,0,0,0,1,104.61747791977133,28.71256694556597,1
5948,0,1.0,0,0,1,0,0,0,0,0,0,0,1,0,0,175.12389541090542,31.51389468045658,1
5949,0,0.22516102421593187,0,0,1,0,0,0,1,0,0,0,0,0,0,240.47741948789204,30.4092914934499,1
5950,0,1.0,0,0,1,0,0,0,1,0,0,0,1,0,0,141.9802737183414,30.281735236866247,1
5951,0,1.0,0,0,1,0,0,0,0,0,0,0,1,0,0,170.15731709382646,31.929349900896646,1
5952,1,1.0,0,0,1,1,0,0,1,0,0,0,0,1,0,70.0261443789252,22.037724327427917,1
5953,0,1.0,0,0,1,1,0,0,0,0,0,0,0,0,0,213.19574387014356,21.450897133159,1
5954,1,1.0,0,0,1,0,0,0,0,0,0,0,0,0,0,194.67964147251092,22.350359632717385,1
5955,0,0.5682686162687683,0,0,1,1,0,0,1,0,0,0,0,0,0,204.40466898435,35.288558245358104,1
5956,0,0.2746658697879054,0,1,0,0,0,0,0,0,0,0,0,0,0,216.67887971312365,30.97253341302121,1
5957,0,0.0,0,0,1,1,0,0,1,0,0,0,0,0,0,86.2667895560097,30.893460645949805,1
5958,0,1.0,0,0,1,0,0,0,1,0,0,0,0,0,0,142.36329786226955,28.169015964469928,1
5959,1,1.0,0,0,1,0,0,0,1,0,0,1,0,0,0,208.87019533745962,36.75102102773077,1
5960,0,1.0,0,0,1,0,0,0,1,0,0,0,0,0,0,100.71027148427964,27.91140158811813,1
5961,1,0.430695015587798,0,0,1,1,0,0,1,0,0,0,0,0,0,59.90217366352455,27.44503841114955,1
5962,1,0.0,0,0,0,1,0,0,0,0,0,0,0,0,0,82.88645352159352,25.452961562151145,1
5963,0,0.48125215288529055,0,0,1,0,0,0,1,0,0,0,0,0,0,211.589122804057,41.841864450862076,1
5964,1,1.0,0,0,1,0,0,0,0,0,0,0,1,0,0,205.3714895127071,42.394428924492814,1
5965,1,0.7671414431239058,0,0,0,1,0,0,0,0,0,0,0,1,0,65.27363363361641,43.2535608234293,1
5966,1,1.0,1,0,1,0,0,0,0,0,0,0,0,0,0,176.5800086471604,26.01720709067154,1
5967,0,1.0,0,0,1,1,0,0,0,0,0,0,0,0,0,73.31366822346895,30.52441179063824,1
5968,1,1.0,0,0,0,0,0,0,0,0,0,0,0,0,0,205.4681403342985,30.218416529626865,1
5969,0,1.0,0,0,1,0,0,0,1,0,0,0,0,1,0,239.5757845012432,26.546280442273407,1
5970,1,0.3228097934478503,0,0,1,0,0,0,1,0,0,0,0,1,0,78.90632203525767,30.444909227207365,1
5971,0,1.0,0,0,0,0,0,0,1,0,0,0,0,0,0,130.39545971982287,20.745269107933538,1
5972,1,1.0,0,0,0,0,0,0,0,0,0,0,0,0,0,83.37606220927726,27.304021873839428,1
5973,1,0.8667157419178269,0,0,1,0,0,0,0,0,0,0,0,0,0,61.662768743189076,25.659867496821867,1
5974,0,1.0,0,0,1,0,0,0,0,0,0,0,1,0,0,133.4869650370601,24.1852595620892,1
5975,0,0.13229790208076098,0,0,0,0,0,0,1,0,0,1,0,0,0,92.77743450347612,31.536957342717336,1
5976,0,1.0,0,0,0,0,0,0,0,0,0,0,0,0,0,70.23860032300551,26.267807062815145,1
5977,1,1.0,0,0,1,0,0,0,0,0,0,0,0,1,0,81.75669083378901,17.590389879324963,1
5978,1,0.22412274553030698,0,0,0,1,0,0,0,0,0,0,0,0,0,82.98450007009545,26.479298196424246,1
5979,1,1.0,0,0,1,0,0,0,0,0,0,0,0,0,0,107.40002220897449,23.938408534378194,1
5980,0,0.7677646177143377,0,0,1,1,0,0,1,0,0,0,0,0,0,190.11440413808035,38.17348260862842,1
5981,1,0.0,0,0,1,0,0,0,1,0,0,0,0,0,0,75.79380063299824,29.945586354847695,1
5982,1,1.0,0,0,0,1,0,0,0,0,0,0,0,0,0,96.61628065359227,21.78487363434579,1
5983,0,1.0,0,0,1,0,0,0,0,0,0,1,0,0,0,106.23042531903123,23.303569264697835,1
5984,1,0.5773534012196677,0,0,0,1,0,0,0,1,0,0,0,1,0,69.70587193156143,35.71020445621903,1
5985,1,0.353592624771911,0,0,1,0,0,0,1,0,0,0,0,1,0,223.20894658557478,53.38230711457561,1
5986,1,1.0,0,0,0,1,0,0,0,0,0,0,0,0,0,69.50244754579823,25.983345391770523,1
5987,1,1.0,0,0,1,0,0,0,0,0,0,0,1,0,0,205.5720570743513,44.2090878155594,1
5988,0,1.0,0,0,0,1,0,0,0,1,0,0,0,0,0,79.72227758904711,29.624370911626205,1
5989,0,0.0,0,0,1,0,0,0,0,0,0,0,0,1,0,66.22940908185264,31.636370576906494,1
5990,0,1.0,0,0,1,0,0,0,0,0,0,0,0,0,0,194.3349776984568,26.625342820700666,1
5991,0,1.0,0,1,1,1,0,0,1,0,0,0,1,0,0,226.57582907150652,34.55543140660095,1
5992,1,0.2926550976674078,0,0,0,1,0,0,0,0,0,0,0,1,0,67.43761635564185,36.88542429489844,1
5993,0,0.5454279502117131,0,0,1,1,0,0,0,0,0,0,0,0,0,144.23177908681123,35.264154970871594,1
5994,1,0.8665836644767929,0,0,0,0,0,0,1,0,0,0,0,0,0,83.92460109493666,26.47331673289536,1
5995,0,0.3083565980266818,0,0,1,0,0,0,0,0,0,0,0,0,0,117.57363223492051,34.1432309686826,1
5996,0,1.0,0,0,1,0,0,0,0,0,0,0,0,0,0,76.91917415728022,20.831020766471244,1
5997,0,1.0,0,0,1,0,0,0,0,0,0,0,0,0,0,91.91081460091696,30.926272095744846,1
5998,1,0.0,0,0,1,0,0,0,0,0,0,0,0,0,0,97.6379536877983,29.266198120473977,1
5999,1,1.0,0,0,1,0,0,0,0,0,0,0,0,0,0,198.86822469924482,25.95973187573562,1
6000,1,1.0,0,0,1,0,0,0,0,1,0,0,0,0,0,75.12956396458006,26.329680636176704,1
6001,0,1.0,0,0,1,0,0,0,0,1,0,0,0,0,0,75.56741765101981,26.96973248322945,1
6002,0,1.0,0,0,1,1,0,0,1,0,0,0,0,0,0,98.11315401672616,23.41577008363076,1
6003,0,1.0,1,0,1,1,1,0,0,0,0,0,0,0,0,213.34053139358784,21.021681007088127,1
6004,1,0.0,0,0,1,0,0,0,0,0,0,0,0,0,0,169.8913039458116,33.17344602364936,1
6005,0,0.8679995918950899,0,1,1,0,0,0,0,0,0,0,0,0,0,219.3141987144695,28.916800979451786,1
6006,1,0.17181413067654705,0,0,1,1,0,0,0,0,0,0,0,0,1,97.70330133687675,29.05019478183505,1
6007,0,1.0,0,0,1,0,0,0,1,0,0,0,0,0,0,237.1484505969447,43.559230402159514,1
6008,0,0.07527871665167363,0,0,1,1,0,0,1,0,0,0,0,0,0,171.53563158960577,34.181691721710145,1
6009,1,1.0,0,0,1,0,0,0,1,0,0,0,0,0,0,59.32337191081528,33.09884267554159,1
6010,0,0.9506910128901753,0,0,1,0,0,0,0,0,0,0,0,1,0,262.6291810905914,38.55700393738151,1
6011,0,0.7425207835075307,0,0,1,0,0,0,1,0,0,0,0,0,0,86.53760665072241,30.066454276283434,1
6012,1,0.13566146716037775,0,0,1,1,0,0,1,0,0,0,0,1,0,73.59041658077575,20.67635990730849,1
6013,1,1.0,0,0,1,0,0,0,1,0,0,0,0,0,0,59.327801441207576,32.96595676377281,1
6014,0,0.6149419442810383,1,0,1,0,0,0,0,0,0,0,0,0,0,172.25574252093458,31.268965166568623,1
6015,0,0.05701721592886433,0,0,1,0,0,0,0,1,0,0,0,0,0,118.37780501716607,35.26622941469166,1
6016,1,0.6103760597816921,0,1,1,1,0,0,0,0,0,0,0,0,0,216.18935932173972,29.107834214676753,1
6017,0,1.0,0,1,1,1,0,0,0,0,0,0,0,0,0,115.95563334628918,34.97857602151941,1
6018,1,0.0,0,0,1,0,0,0,1,0,0,0,0,0,0,60.60586907574795,29.34966785135343,1
6019,0,0.0,0,0,1,0,0,0,1,0,0,0,0,0,0,94.08563517421155,30.076246556420706,1
6020,1,0.7359204063739488,0,0,1,1,0,0,1,0,0,0,0,0,0,105.0325034885255,30.022905503583612,1
6021,0,0.7249011184408756,0,0,1,0,0,0,0,0,0,0,1,0,0,57.14162080584671,26.18774720389781,1
6022,0,1.0,0,0,1,0,0,0,0,0,0,0,0,0,0,129.41926370273123,26.220342172678297,1
6023,1,1.0,0,0,1,0,0,0,0,0,0,0,0,0,0,79.88062059723899,18.67940267116393,1
6024,0,0.002327736735340813,0,0,1,0,0,0,0,0,0,0,0,0,0,73.18214151779652,30.29650839489699,1
6025,0,1.0,0,0,1,0,0,0,0,0,0,0,1,0,0,134.27319658073176,25.7347669839239,1
6026,1,1.0,0,0,1,0,0,0,0,0,0,0,0,0,0,79.07209551576551,23.67913047077427,1
6027,0,0.9306722555623983,0,0,1,0,0,0,0,1,0,0,0,0,0,162.50535721318616,32.48214283445608,1
6028,1,1.0,0,0,1,0,0,0,0,0,0,0,0,1,0,124.20787631865078,31.308815702845603,1
6029,0,1.0,0,1,1,1,0,0,1,0,0,0,1,0,0,225.30409151893627,33.325561756995974,1
6030,0,1.0,0,0,1,0,0,0,1,0,0,0,1,0,0,75.95734729504665,21.72187985760183,1
6031,0,0.8363785774103993,1,0,1,1,0,0,1,0,0,0,0,0,0,112.22691028619283,38.23446925520696,1
6032,1,1.0,0,0,0,1,0,0,1,0,0,0,0,0,0,207.23015665574502,34.80031331149005,1
6033,0,0.9756019191566524,0,0,1,0,0,0,0,0,0,0,0,0,0,99.25265808372659,33.95374004077082,1
6034,0,1.0,1,0,1,0,0,0,0,1,0,0,0,0,0,194.5364557317945,26.686671563680974,1
6035,1,0.1781606772470975,1,0,0,0,0,0,0,0,0,0,0,1,0,67.164138265399,33.34540169311774,1
6036,0,0.3536900663426187,0,0,1,1,0,0,1,0,0,0,0,0,0,222.57615872870468,35.39007364174986,1
6037,0,0.6473421343730912,0,0,1,0,0,0,1,0,0,0,0,0,0,86.5071494829994,30.275847304379198,1
6038,1,1.0,0,0,1,0,0,0,0,0,0,0,1,0,0,205.40390696917817,42.687729721135845,1
6039,1,0.6501871664456533,0,0,0,1,0,0,0,0,0,0,0,1,0,79.2268013379775,30.08479411690978,1
6040,1,0.9824825806012478,0,0,1,0,0,0,1,0,0,0,0,1,0,59.347852696844015,33.14219251598412,1
6041,0,0.911818569539447,1,0,1,0,0,0,1,0,0,0,0,0,0,247.66872657482898,40.0855472768354,1
6042,1,0.5608693391951495,0,0,0,0,0,0,0,0,0,1,0,0,0,58.288956377084894,27.142175427392498,1
6043,1,1.0,1,0,0,1,0,0,0,0,0,0,0,1,0,66.27528055597662,35.45592716260053,1
6044,1,1.0,0,0,1,0,0,0,0,0,0,0,0,0,0,208.99130417209884,40.350651121000595,1
6045,1,1.0,1,0,1,0,0,0,0,1,0,0,0,0,0,205.00493944750346,26.925692594919276,1
6046,1,0.29850089853483397,0,0,1,0,0,0,1,0,0,0,0,0,0,59.47493384089007,26.86569658556763,1
6047,0,0.0,0,0,1,0,0,0,1,0,0,0,0,0,0,91.92485149542372,42.72196903321813,1
6048,0,1.0,0,0,1,0,0,0,1,0,0,0,0,0,1,251.37158741728817,28.298365526571793,1
6049,1,0.5731052721766974,0,0,1,0,0,0,1,0,0,0,0,1,0,94.56120733649449,25.139168401211265,1
6050,1,1.0,0,0,1,0,0,0,0,0,0,0,0,0,0,60.15061404684926,24.71592743368967,1
6051,0,1.0,0,0,1,1,0,0,0,1,0,0,0,0,0,195.55935899335802,28.27856665986824,1
6052,1,1.0,0,0,1,0,0,0,1,0,0,0,0,0,1,97.60586780924474,26.579456948208918,1
6053,0,1.0,0,0,1,1,0,0,0,1,0,0,0,0,0,198.40328005422208,28.093495874996396,1
6054,1,0.5253182644507214,0,0,1,0,0,0,1,0,0,0,0,0,0,113.50347090172046,23.957595479335218,1
6055,0,1.0,0,0,1,0,0,0,0,0,0,0,0,0,0,196.5963848705459,36.255595361058006,1
6056,1,1.0,0,0,1,0,0,0,0,0,0,0,0,0,0,106.69713363377562,23.905486352870053,1
6057,0,1.0,0,0,1,0,0,0,0,0,0,0,0,0,0,110.9674598294821,28.560209656757543,1
6058,0,1.0,0,0,1,0,0,0,1,0,0,0,0,0,0,99.81878232756108,26.957544877225846,1
6059,0,1.0,0,0,0,1,0,0,0,0,0,0,0,0,0,98.20830050634557,23.472437114981844,1
6060,1,0.31748826988379986,0,0,0,0,0,0,0,0,0,1,0,0,0,58.133192492725634,28.77282859177854,1
6061,1,1.0,0,0,1,0,0,0,0,0,0,0,0,1,0,126.22265362032152,28.949741014180503,1
6062,1,1.0,1,0,0,0,0,0,0,0,0,0,0,1,0,80.24780627873865,29.7,1
6063,1,1.0,0,0,1,1,0,0,0,0,0,0,0,1,0,228.2387936450675,27.45805833475815,1
6064,1,0.684331518835934,0,0,1,0,0,0,1,0,0,0,0,0,0,59.842442830615944,31.542395645206238,1
6065,0,1.0,0,0,1,0,0,0,1,0,0,1,0,0,0,207.40775625571814,34.5993970453691,1
6066,1,1.0,0,0,1,0,0,0,0,1,0,0,0,1,0,74.34382062646465,25.55118404504622,1
6067,0,0.03979712733565255,1,0,1,1,0,0,1,0,0,0,0,0,0,112.16318377018685,42.297034650588174,1
6068,0,0.40231766447654094,0,0,1,0,0,0,1,0,0,0,0,0,0,97.37854262237403,26.078145868418765,1
6069,0,1.0,0,0,1,0,0,0,0,0,0,0,0,1,0,208.3164214652202,30.178783539406535,1
6070,0,0.8908321482896335,0,0,0,1,0,0,1,0,0,0,0,0,0,88.97109729810036,38.16025391064421,1
6071,0,0.5509622396300383,0,0,1,0,0,0,1,0,0,0,0,0,0,242.23737709649382,32.61211692718609,1
6072,0,1.0,0,0,1,0,0,0,0,0,0,0,0,1,0,192.46494822395505,32.0430251634983,1
6073,1,1.0,0,0,0,1,0,0,0,0,0,0,0,0,0,97.97458818202527,22.615573650332873,1
6074,0,1.0,0,0,1,0,0,0,1,0,0,0,0,0,0,106.47002732086328,32.835382512721516,1
6075,0,1.0,1,0,1,0,0,0,0,1,0,0,0,0,0,194.82578847804925,26.142045217789658,1
6076,0,1.0,0,0,1,0,0,0,0,0,0,0,0,1,0,206.71631693978807,27.67862021841885,1
6077,0,1.0,0,0,1,0,0,0,0,1,0,0,0,1,0,90.64880335771538,31.74721947101998,1
6078,0,0.16116066323472966,0,0,1,0,0,0,0,1,0,0,0,0,0,117.81404471126547,35.33883933676527,1
6079,1,1.0,0,0,1,1,0,0,0,0,0,0,0,0,0,74.78551106408044,26.28051321592195,1
6080,1,1.0,0,0,1,0,0,0,1,0,0,0,0,0,0,231.5978410009868,35.15931395460772,1
6081,1,1.0,0,0,1,0,0,0,0,0,0,0,0,0,0,73.75572609542014,24.449429365458634,1
6082,0,0.8075068493641729,0,0,1,0,0,0,1,0,0,0,0,0,0,98.17271342475378,25.753994520508662,1
6083,0,1.0,0,0,1,0,0,0,0,0,0,0,0,0,0,193.98380786858002,22.86864231504196,1
6084,0,0.9111205013919575,0,0,0,1,0,0,1,0,0,0,0,0,0,89.01735474317366,38.093302345406535,1
6085,0,1.0,0,0,1,0,1,0,0,0,0,0,0,0,0,106.05947176227312,24.09744174534468,1
6086,0,1.0,0,0,1,0,0,0,0,0,0,0,0,0,0,112.94743456545295,28.21186737314794,1
6087,1,0.9512336811868596,1,0,1,0,0,0,0,0,0,0,0,1,0,174.45209863111748,24.18043537960862,1
6088,0,0.8437287927102575,0,0,1,0,0,0,0,0,0,0,1,0,0,90.38241347425785,34.181423899775886,1
6089,0,0.0,0,0,1,0,0,0,1,0,0,0,0,0,0,83.31446749290392,25.905760331685155,1
6090,1,1.0,0,0,0,1,0,0,0,0,0,0,0,0,0,97.81798687725544,23.703820005513023,1
6091,0,0.5464763610253764,0,0,1,0,0,0,0,0,0,0,0,0,0,194.4922694054141,38.26874219200103,1
6092,0,1.0,0,0,1,0,0,0,0,0,0,0,0,0,0,135.0283831068089,33.426428838825245,1
6093,0,1.0,0,0,0,1,0,0,0,0,0,0,0,0,0,98.14897732884323,23.103066387137083,1
6094,1,1.0,0,0,1,0,0,0,0,1,0,0,0,0,0,75.37124937838085,24.65053895386702,1
6095,0,1.0,0,0,1,0,0,0,1,0,0,0,1,0,0,76.75294645209087,21.70379326155755,1
6096,0,1.0,0,0,0,1,0,0,0,0,0,0,0,0,1,68.86317099359121,24.50117151963047,1
6097,1,1.0,0,0,0,0,0,0,0,0,0,0,0,0,0,83.03478335491866,27.72362702264099,1
6098,0,1.0,0,0,1,0,0,0,0,0,0,0,0,1,0,103.70508105052286,24.914496418672098,1
6099,0,1.0,0,0,1,0,0,0,0,0,0,0,1,0,0,155.6859730258989,29.60222790820441,1
6100,0,1.0,0,0,1,1,0,0,1,0,0,0,0,0,0,208.43127700329626,31.370537654128263,1
6101,1,0.9825017860126114,0,0,0,0,0,0,1,0,0,0,0,1,0,88.90740128592908,22.996240176930637,1
6102,1,1.0,0,0,1,0,0,0,0,0,0,0,0,0,0,58.73514565355319,24.253905109468402,1
6103,0,0.0,0,0,0,1,0,0,0,0,0,0,0,0,0,85.09718241895742,30.554459446626108,1
6104,0,0.0,0,0,1,0,0,0,0,0,0,0,0,0,0,87.5575830103254,30.90144525392466,1
6105,0,1.0,0,0,1,0,0,0,0,0,0,0,0,1,0,72.71039566656589,28.563369445284316,1
6106,0,1.0,0,1,0,0,0,0,0,0,0,0,0,1,0,215.943598963398,29.956041123219148,1
6107,0,1.0,0,0,1,1,0,0,1,0,0,0,0,0,0,213.7388214528222,27.35232764474323,1
6108,0,0.725787110875853,1,0,1,0,0,0,1,0,0,0,0,1,0,245.15123985468136,34.203268356073124,1
6109,1,1.0,0,0,1,0,0,0,0,0,0,1,0,0,0,78.80707307973145,19.594678326784464,1
6110,0,0.7352285181015961,1,0,1,0,0,0,1,0,0,0,0,0,0,250.47166105860052,30.13874041061771,1
6111,0,1.0,0,0,1,0,0,0,1,0,0,0,0,1,0,72.78005199303531,27.08613518282295,1
6112,0,0.5807559990556591,0,0,1,0,0,0,1,0,0,0,0,0,0,242.32646043717642,32.67766319792245,1
6113,1,1.0,0,0,0,1,0,0,0,0,0,0,0,1,0,94.76455801296186,22.46418936768937,1
6114,0,1.0,0,0,1,0,0,0,0,0,0,0,0,0,0,93.07277400126583,29.441830571070092,1
6115,0,1.0,0,0,1,0,0,0,0,0,0,0,0,0,0,187.0561749714129,29.494116771627972,1
6116,0,0.0,0,0,1,0,0,0,1,0,0,0,0,0,0,219.86317781574093,52.22923501790245,1
6117,1,0.126110141678625,0,0,1,0,0,0,1,0,0,0,0,0,0,58.89079939965927,39.93143882173603,1
6118,1,1.0,0,0,1,0,0,0,0,0,0,0,0,0,0,66.7940184976482,22.076585338911855,1
6119,0,0.32380425364346077,0,0,1,0,0,0,0,0,0,0,0,0,0,93.01410672705725,30.58856510437215,1
6120,0,1.0,0,0,0,1,0,0,0,0,0,0,0,0,0,130.91470971649636,20.594899625561258,1
6121,0,1.0,0,0,1,0,0,0,0,0,0,0,0,1,0,72.80478256174057,26.39689528196104,1
6122,0,1.0,1,0,0,0,0,0,0,0,0,0,0,1,0,183.9191322061264,36.72299172947034,1
6123,0,1.0,0,1,1,0,0,0,0,0,0,0,0,0,0,117.3840619890708,34.9234330437302,1
6124,1,0.1056503454489307,0,0,1,1,0,0,0,0,0,0,0,0,1,97.72513538600185,29.261918894563422,1
6125,1,1.0,0,0,1,1,0,0,0,0,0,0,0,0,0,67.52767926614833,24.89943844554119,1
6126,1,0.0,0,0,1,0,1,0,0,0,0,0,0,1,0,66.0451709834064,36.52269430330401,1
6127,1,0.6182850210137198,0,0,0,0,0,0,0,0,0,0,0,0,0,58.80796472983948,31.765599029419207,1
6128,0,1.0,0,0,0,0,0,0,0,0,0,0,0,0,0,70.2541070386385,26.149660657992467,1
6129,0,1.0,0,0,1,0,0,0,0,0,0,0,0,1,0,221.17875108912884,29.584588118825433,1
6130,0,1.0,0,0,1,0,0,0,0,0,0,0,0,1,0,206.5137868726884,27.362166988575613,1
6131,0,0.9437860945401215,0,0,0,0,0,0,1,0,0,0,0,0,0,88.98052876274092,37.73816470399413,1
6132,1,0.7475206367465048,0,0,1,0,0,0,0,0,0,0,0,0,1,97.87960330187944,27.581694280784436,1
6133,1,0.0,0,0,1,0,0,0,0,0,0,0,0,0,0,58.99681523548166,39.54303865815918,1
6134,0,1.0,0,0,1,1,0,0,0,0,0,0,1,0,0,138.12280685661304,28.09734923251262,1
6135,1,0.6404472739932529,0,0,0,1,0,0,0,0,0,0,0,1,0,79.21112011112915,30.09550799860742,1
6136,0,1.0,0,0,1,0,0,0,0,0,0,0,0,0,0,257.45914013888654,31.323005523395633,1
6137,1,1.0,0,0,1,0,0,0,0,0,0,0,1,0,0,74.701869476315,23.15463761357281,1
6138,1,0.9665764275644962,0,0,1,1,0,0,1,0,0,0,0,0,0,58.64821115949908,24.39051436288237,1
6139,1,1.0,0,0,1,1,0,0,0,0,0,0,0,0,0,96.9358084748443,21.5,1
6140,1,0.8334964529504849,0,0,1,0,0,0,1,0,0,0,0,0,0,97.69855028242415,26.81674822647524,1
6141,1,1.0,0,0,1,0,0,0,1,0,0,0,0,0,0,73.8536799763569,23.740998184659443,1
6142,1,0.17589028341866209,0,0,1,1,0,0,1,0,0,0,0,0,0,74.00974253845136,21.115615991965317,1
6143,0,1.0,1,0,1,0,0,0,0,1,0,0,1,0,0,198.552453557416,27.764616738101644,1
6144,0,0.5056291889542419,0,0,1,0,0,0,1,0,0,0,0,0,0,81.75153626023008,24.388741622091516,1
6145,1,0.0,0,0,1,0,0,0,1,0,0,0,0,0,0,73.43123689750922,30.265933979998753,1
6146,0,0.0,0,0,0,1,0,0,0,0,0,0,0,0,0,85.85539981848926,31.276571255704056,1
6147,0,1.0,0,0,1,0,0,0,1,0,0,0,0,0,0,185.94892556177624,28.783639968322845,1
6148,0,0.7589768318540306,0,0,1,0,0,0,1,0,0,0,0,0,0,98.0775945904339,25.792818534516776,1
6149,1,0.500619532333931,0,0,0,1,0,0,0,0,0,0,0,0,0,82.66929373313931,26.700495625867145,1
6150,1,1.0,0,0,1,0,0,0,0,0,0,0,0,0,0,198.7359896911281,26.22949747200344,1
6151,0,1.0,0,0,1,1,0,0,0,0,0,0,1,0,0,139.08689341002548,28.976328289892994,1
6152,0,0.6459278930230393,0,0,0,0,0,0,1,0,0,0,0,0,0,106.07434443888332,32.610520682325344,1
6153,0,0.767120853848185,0,0,1,0,0,0,1,0,0,0,0,0,0,75.91273400654323,21.036984597693728,1
6154,0,1.0,0,1,1,0,0,0,0,0,0,0,0,0,0,268.7584166470458,31.005943742809016,1
6155,0,1.0,0,0,1,0,0,0,1,0,0,0,0,0,1,263.46366978244544,31.510057649094364,1
6156,0,1.0,0,0,1,0,0,0,1,0,0,0,0,0,0,72.82345253742099,29.578314602264673,1
6157,1,0.7548274583623312,0,0,1,0,0,0,1,0,0,0,0,0,0,59.04108259753654,33.99169053729992,1
6158,0,1.0,0,0,1,0,0,0,1,0,0,0,0,0,0,230.66613914183915,32.371869449587486,1
6159,0,1.0,0,0,1,0,0,0,1,0,0,1,0,0,0,209.82359822838515,36.253792736601106,1
6160,0,1.0,0,0,1,0,0,0,1,0,0,0,0,0,1,264.5402620003614,31.45671699420175,1
6161,0,0.9840894639665142,0,0,1,0,0,0,0,0,0,0,0,0,0,116.10540958225138,27.0474952310895,1
6162,0,0.2922489567393879,0,0,1,0,0,0,1,0,0,0,0,0,0,106.86838639796922,36.817281363889734,1
6163,0,0.0,0,0,1,0,0,0,1,0,0,0,0,1,0,63.187740320139945,29.547408619173382,1
6164,0,1.0,0,0,1,0,0,0,0,0,0,0,0,0,0,110.98035719134106,28.540918730900128,1
6165,1,0.4354059187096785,0,0,0,0,0,0,0,1,0,0,0,0,0,82.13631604682581,20.90861797716128,1
6166,0,0.25232274426374524,0,0,1,0,0,0,0,0,0,0,0,0,0,159.43678722100034,27.35046454885275,1
6167,1,0.9152899403792739,0,0,0,1,0,0,0,1,0,0,0,1,0,71.81845325257399,36.85929704173451,1
6168,0,1.0,0,0,1,0,0,0,0,0,0,0,0,0,0,114.96020892672372,27.153137112973255,1
6169,0,1.0,0,0,1,0,0,0,0,0,0,0,0,1,0,72.6762510561064,28.847907865780098,1
6170,0,1.0,0,0,1,1,0,0,0,0,0,0,0,0,0,131.5941856132909,27.903319694496393,1
6171,0,0.3434372976003477,0,0,1,1,0,0,1,0,0,1,0,0,0,215.42605068006284,29.317157241758295,1
6172,1,0.9069855184382437,0,0,1,0,0,0,1,0,0,0,0,0,0,59.20559218767904,33.75808688937054,1
6173,1,1.0,0,0,0,0,0,0,1,0,0,0,0,1,0,92.35306481941531,23.980625730082302,1
6174,0,0.968326960099255,1,0,1,0,0,0,1,0,0,0,0,0,0,247.56701147182133,40.3511367124665,1
6175,0,0.5471166395844883,0,0,1,0,0,0,0,0,0,0,0,1,0,233.64562581572991,45.34374184270082,1
6176,1,1.0,0,0,1,0,0,0,0,1,0,0,0,0,0,78.87642589756668,19.26428777110256,1
6177,0,1.0,0,0,1,0,0,0,0,0,0,0,0,0,0,57.77497730732991,24.620133943280937,1
6178,0,0.30158686987355154,0,0,1,0,0,0,0,0,0,0,0,0,0,196.58936606798957,33.98730232121496,1
6179,0,1.0,0,0,1,0,0,0,1,0,0,0,0,1,0,105.35181176744197,31.28245378737566,1
6180,0,1.0,0,0,1,1,0,0,0,1,0,0,0,0,0,195.15710358890598,29.666807708012946,1
6181,0,0.0,0,0,1,0,0,0,1,0,0,0,0,0,0,63.99210231927235,29.483715668336405,1
6182,0,1.0,0,0,1,0,0,0,0,0,0,0,0,0,0,198.50511772256172,26.657547186537332,1
6183,1,1.0,0,0,1,0,0,0,1,0,0,0,0,1,0,235.9900319147919,31.651105269851815,1
6184,1,0.5770564562584423,0,0,1,1,0,0,0,0,0,0,0,1,0,64.32580524318978,43.51969759690455,1
6185,0,1.0,0,0,1,0,0,0,0,0,0,0,0,0,0,220.04889773303816,28.027619453521243,1
6186,0,1.0,0,0,1,1,0,0,1,0,0,0,0,0,0,103.51707484458187,20.46966026505961,1
6187,1,0.8696795668276641,0,0,0,1,0,0,0,0,0,0,0,1,0,79.58018410259254,29.843352476489567,1
6188,0,1.0,0,0,1,1,0,0,1,0,0,0,0,0,0,223.10259505701535,31.22251500408293,1
6189,1,0.0,0,0,1,1,0,0,1,0,0,0,0,0,0,61.23338009042762,29.978873192787226,1
6190,0,0.0976100381089916,0,0,1,1,0,0,1,0,0,0,0,0,0,171.6262967547225,34.116930889483925,1
6191,0,0.8331514217944224,0,0,0,0,0,0,0,0,0,0,0,0,0,56.41366441233415,26.40098232231012,1
6192,0,0.0,0,0,1,0,0,0,1,0,0,0,1,0,0,197.53473713777157,34.59914918536019,1
6193,0,1.0,0,0,1,0,0,0,1,0,0,0,1,0,0,101.31741933225301,28.02147125277619,1
6194,1,0.6459354376449059,0,0,1,1,0,0,1,0,0,0,0,0,0,207.4093189237041,43.87561262586944,1
6195,0,1.0,0,0,1,0,0,0,0,0,0,0,0,0,0,131.15934252723162,25.01113485395769,1
6196,0,0.5372756736680381,0,0,1,0,0,0,1,0,0,0,0,0,0,242.19645426426743,32.58200648206969,1
6197,0,1.0,0,0,1,0,0,0,0,0,0,0,0,0,0,103.13152934657913,26.48967337966164,1
6198,1,1.0,0,0,1,0,0,0,0,0,0,0,0,1,0,93.9353474846289,23.34321211164945,1
6199,0,0.6287340150599929,0,0,0,0,0,0,1,0,0,0,0,0,0,114.28344232834422,23.925746803012,1
6200,1,1.0,0,0,1,1,0,0,0,0,0,0,0,1,0,228.24230564611582,27.451524379319387,1
6201,1,1.0,1,0,1,0,0,0,0,0,0,0,0,0,0,74.04379391666531,24.925887800550644,1
6202,0,0.5444332180098912,0,0,0,0,0,0,0,0,0,0,0,0,0,91.74890685118417,32.489989896208904,1
6203,0,0.8909738846907038,0,1,0,0,0,0,0,0,0,0,0,0,0,216.90075059848866,30.91090261153093,1
6204,0,0.5694972585185759,0,0,0,0,0,0,1,0,0,0,0,0,0,183.9284959764295,38.178960691777554,1
6205,0,1.0,0,0,1,0,0,0,1,0,0,0,1,0,0,231.1205818417696,34.93521791659619,1
6206,0,1.0,0,1,1,0,0,0,1,0,0,0,0,0,0,191.65271585089775,37.49162434296123,1
6207,0,0.0,0,0,1,0,0,0,1,0,0,0,1,0,0,200.07352187817816,35.587298934620236,1
6208,0,1.0,0,0,1,0,1,0,0,0,0,0,0,0,0,105.68615515351175,24.239044596943817,1
6209,0,1.0,0,0,1,0,0,0,0,1,0,0,0,0,0,194.65010752661797,27.42341835418997,1
6210,0,1.0,0,0,1,0,0,0,1,0,0,0,0,1,0,72.80839643578867,26.342093560547617,1
6211,0,1.0,0,0,1,0,0,0,1,0,0,0,0,1,0,235.74447416507525,32.31871904586136,1
6212,0,0.6866786117241295,0,0,1,0,0,0,0,0,0,0,1,0,0,103.04545997743449,27.231332138827586,1
6213,1,0.24361479198219427,0,0,1,0,0,0,0,0,0,0,0,1,0,232.8685464098708,45.976622496213665,1
6214,0,0.798555838130599,0,0,1,0,0,0,1,0,0,0,0,0,0,211.2654730451068,40.28707639316006,1
6215,0,0.1070291342110381,0,0,0,0,0,0,0,0,0,0,0,0,0,84.45901050479071,29.67859417315779,1
6216,0,1.0,0,0,1,0,0,0,0,0,0,0,1,0,0,153.56792164019552,28.618433548724695,1
6217,0,1.0,0,0,1,0,0,0,0,0,0,0,0,1,0,103.71951370537634,24.865294186217046,1
6218,1,1.0,0,0,1,1,0,0,0,0,0,0,0,0,0,96.56355511611234,21.5,1
6219,1,1.0,0,0,1,0,0,0,1,0,0,0,0,0,0,234.14515388583197,33.14953882153891,1
6220,0,1.0,0,0,1,0,0,0,1,0,0,0,0,0,0,111.26293702281295,25.476456742709846,1
6221,0,0.5622349450118715,0,0,1,1,0,0,1,0,0,0,0,0,0,222.98073579332302,34.263931296935894,1
6222,0,1.0,0,0,1,0,0,0,0,0,0,0,0,1,0,107.02181665633383,31.972369488516197,1
6223,0,0.23787037954967538,0,0,1,0,0,0,1,0,0,0,0,0,0,87.82416480031152,28.661657417504642,1
6224,0,0.06382343583349481,0,0,1,0,0,0,1,0,0,0,1,0,0,200.37045036589103,35.84467640508344,1
6225,0,1.0,1,0,0,0,0,0,1,0,0,0,0,1,0,189.71636864352638,36.5,1
6226,0,1.0,1,0,0,0,0,0,0,0,0,0,0,1,0,185.05304678781266,36.99513122907504,1
6227,0,1.0,0,0,1,0,0,0,1,0,0,0,1,0,0,102.63326549785091,27.325256350343434,1
6228,1,0.26256855857287786,0,0,1,0,0,0,0,0,0,0,0,0,0,60.40614260183158,27.29106489185323,1
6229,0,1.0,1,0,1,0,0,0,0,0,0,0,0,0,0,68.94684122305614,26.503404880828345,1
6230,0,1.0,0,0,1,0,0,0,1,0,0,0,0,0,0,105.97517338259564,32.533642306460756,1
6231,1,0.0,0,0,1,0,0,0,0,0,0,0,0,0,0,62.540576617342985,40.88360628616593,1
6232,1,0.9122082367815256,0,0,1,0,0,0,1,0,0,0,0,0,0,59.23938237834472,32.90576316620747,1
6233,0,0.3668213251042277,0,0,1,1,0,0,0,0,0,0,0,0,0,112.56686299408159,27.986450144854082,1
6234,0,1.0,0,0,1,0,0,0,0,0,0,0,0,0,0,189.17353465629026,30.73053118615489,1
6235,0,0.25715235110909584,1,0,1,0,0,0,0,0,0,0,0,0,0,78.19740189338344,27.597139059556362,1
6236,0,1.0,0,0,0,1,0,0,0,0,0,0,0,0,0,201.92010014257536,29.561223688850358,1
6237,1,0.028121506277923758,0,0,1,0,0,0,1,0,0,0,0,0,0,62.459167534722305,30.38155236820598,1
6238,0,0.6246786542269862,1,0,1,0,0,0,1,0,0,0,0,0,0,245.06843193779878,41.859382946001766,1
6239,0,0.6267533485423312,0,0,1,0,1,0,0,0,0,0,0,0,0,103.58668833713558,25.85846729835264,1
6240,1,0.14609656554132022,0,0,1,0,0,0,1,0,0,0,0,0,0,172.382701902121,33.47959163708968,1
6241,0,1.0,0,0,1,1,0,0,0,0,0,0,1,0,0,200.4572526808352,28.823003574446936,1
6242,0,1.0,0,0,1,1,0,0,0,0,0,0,0,0,0,217.86772112699398,27.05853442869311,1
6243,0,0.6522811128184463,0,0,1,0,0,0,0,0,0,0,0,0,0,195.78627625164577,33.39112210820864,1
6244,1,1.0,0,0,0,0,0,0,0,1,0,0,0,0,0,79.20114517114958,29.462078857030132,1
6245,0,0.5960435954776472,1,0,1,0,0,0,0,0,0,0,0,0,0,238.79148238625868,46.873451775376,1
6246,0,1.0,0,0,1,0,0,0,0,0,0,0,0,0,0,219.8976228621011,28.29913845263906,1
6247,0,0.016912799921607324,0,0,1,0,0,0,1,0,0,0,0,0,0,212.06274894407997,44.117127280384125,1
6248,0,0.9095644273803012,0,0,1,0,0,0,0,0,0,0,0,0,0,74.28358421241798,28.89947912988167,1
6249,1,1.0,0,0,0,1,0,0,0,0,0,0,0,0,0,89.15426670078904,35.17066803156186,1
6250,1,1.0,0,0,1,0,0,0,0,1,0,0,0,0,0,68.22820568511605,25.388546512512065,1
6251,1,0.9993503004722002,0,0,1,0,0,0,0,0,0,0,0,0,0,174.11227507261447,24.00214400844174,1
6252,1,1.0,0,0,1,0,0,0,1,0,0,0,0,0,0,180.23635704223426,27.973141245200654,1
6253,0,1.0,0,1,1,0,0,0,0,0,0,0,0,0,0,67.19995904154187,22.36292685295839,1
6254,0,1.0,0,0,1,0,0,0,1,0,0,0,0,0,1,256.68339454392697,30.486295235484796,1
6255,0,0.9654486346006212,0,0,1,1,0,0,1,0,0,0,0,0,0,223.7629703511252,32.08657737315664,1
6256,1,1.0,0,0,0,1,0,0,0,0,0,0,0,1,0,131.33675848292594,27.701259089983175,1
6257,0,0.4971244799344151,0,0,1,0,0,0,1,0,0,0,0,0,0,240.3414377600328,29.212652288288574,1
6258,1,0.7951102825267247,0,0,1,0,0,0,0,0,0,0,1,0,0,101.48197980780952,28.01559925427405,1
6259,1,1.0,0,0,1,0,0,0,0,0,0,0,0,0,0,206.12510882120043,41.80633702601029,1
6260,0,0.022561815795987705,0,0,1,0,0,0,0,0,0,0,0,0,1,117.89936708654123,35.54286745001237,1
6261,1,1.0,0,0,0,1,0,0,0,0,0,0,0,0,0,97.89060223955063,22.317823382982006,1
6262,0,0.0,0,0,1,0,0,0,1,0,0,0,0,0,0,72.85909124255683,30.005287875817494,1
6263,0,1.0,0,0,1,1,0,0,0,0,0,0,0,0,0,227.24180938220886,28.186942561456465,1
6264,1,0.8998450024932331,0,0,1,0,0,0,1,0,0,0,0,0,0,59.50624179611056,32.059628005983754,1
6265,1,0.2717175988981797,0,0,1,0,0,0,0,0,0,0,0,0,0,209.0278261255642,40.597778717576,1
6266,0,1.0,0,0,1,0,1,0,0,0,0,0,0,0,0,104.2137282106959,24.79755136835673,1
6267,1,1.0,1,0,1,0,0,0,0,0,0,0,0,0,0,74.39922747962919,23.818799653613993,1
6268,1,1.0,0,0,1,0,0,0,0,0,0,0,0,0,0,81.67243352315919,17.138671811296245,1
6269,0,1.0,0,0,1,0,0,0,1,0,0,0,1,0,0,183.78362102931757,28.691997027698985,1
6270,0,0.9813833342412801,0,1,1,0,0,0,1,0,0,0,0,0,0,239.09829733195323,26.198668328521215,1
6271,0,0.6296835952592029,0,0,1,1,0,0,1,0,0,0,0,0,0,204.8136927444263,35.23328476426671,1
6272,0,1.0,0,0,1,0,0,0,0,0,0,0,0,0,0,256.75432786033343,31.20060686431261,1
6273,0,1.0,0,0,1,1,0,0,0,0,0,0,0,0,0,213.67298475671257,26.399769324295086,1
6274,1,1.0,0,0,1,0,0,0,0,0,0,0,0,0,0,74.01336486269616,24.986176797283694,1
6275,1,1.0,0,0,1,0,0,0,0,1,0,0,0,0,0,79.28224071989483,18.95212252315782,1
6276,0,1.0,0,0,0,0,0,0,0,0,0,0,0,0,0,218.93749309918644,32.91186355313743,1
6277,1,0.07006869572118946,0,0,1,0,0,0,0,0,0,0,0,0,1,97.7712109913154,29.41081452155279,1
6278,0,1.0,1,0,1,1,0,0,1,0,0,0,0,0,0,221.7616872213112,29.762172659014258,1
6279,0,1.0,0,0,1,1,0,0,0,0,0,0,0,0,0,73.96276890956369,29.100945373763835,1
6280,0,0.0,0,0,1,0,0,0,1,0,0,0,0,0,0,83.33873065921445,25.77730827474702,1
6281,0,1.0,0,0,1,0,0,0,0,0,0,0,0,0,0,198.8559273244225,26.628494631517803,1
6282,1,0.5032565719940155,0,0,0,0,0,0,1,0,0,0,0,1,0,88.5623447318357,25.632088854032915,1
6283,0,0.8429454824561972,0,0,0,0,0,0,1,0,0,0,0,0,0,105.16346037368423,31.141349065789424,1
6284,0,1.0,0,0,1,0,0,0,0,0,0,0,0,0,0,114.43649742186452,29.40563084453273,1
6285,0,0.29141645423217477,0,0,1,0,0,0,0,0,0,0,0,0,1,116.3426987299957,36.05369126304113,1
6286,0,1.0,0,0,1,1,0,0,0,0,0,0,0,0,0,213.16905582008442,24.518049149990354,1
6287,1,0.8260362940966613,0,0,1,0,0,0,0,0,0,0,0,0,0,76.49345596940252,33.369352435205975,1
6288,0,1.0,0,0,1,0,0,0,0,0,0,0,0,0,0,133.53756258736755,29.592012994620177,1
6289,0,1.0,0,0,1,0,0,0,1,0,0,0,0,0,0,185.05648309666617,28.044046765192963,1
6290,0,1.0,0,1,1,1,0,0,0,0,0,0,0,0,0,251.01937479297737,28.26967185964248,1
6291,1,0.3615401877629566,0,0,1,1,0,0,0,0,0,0,0,1,0,83.08453771926193,26.914618319197025,1
6292,0,1.0,1,1,1,0,0,0,1,0,0,0,0,0,1,260.5894311280371,29.495601601156423,1
6293,0,1.0,0,0,1,0,0,0,1,0,0,1,0,0,0,211.0495796008032,39.27432655270354,1
6294,0,0.5254664373775593,0,0,1,1,0,0,1,0,0,0,0,0,0,109.87682285814024,37.96944027514693,1
6295,0,0.18394324288567643,0,0,0,0,0,0,0,0,0,1,0,0,0,83.16903435181976,25.712703512905648,1
6296,0,0.43206728506661773,0,0,1,0,0,0,1,0,0,0,0,0,0,217.93669127510918,32.16658166967987,1
6297,1,1.0,0,0,1,0,0,0,0,0,0,0,0,1,0,128.1288702228068,27.842526494166204,1
6298,1,1.0,0,0,0,0,0,0,1,0,0,0,0,1,0,92.176918964862,22.840458519837988,1
6299,0,1.0,0,0,1,0,0,0,1,0,0,0,1,0,0,231.27885868918702,34.82680911699521,1
6300,0,1.0,0,0,1,1,0,0,1,0,0,0,0,0,0,73.10998806321558,25.354832129594747,1
6301,0,0.39569558017852113,0,0,1,0,0,0,0,0,0,0,0,0,0,117.44437054133579,33.75893944721451,1
6302,0,0.0,0,0,1,0,0,0,0,0,0,0,0,0,0,86.8293697373975,30.40697945131929,1
6303,0,1.0,0,0,1,0,0,0,0,0,0,0,0,0,0,91.1186247517431,34.27220652697815,1
6304,0,1.0,1,0,0,0,0,0,1,0,0,0,0,1,0,184.0218311123655,36.5,1
6305,1,1.0,0,0,1,0,0,0,0,0,0,0,0,0,0,110.45050133248432,24.081288118617532,1
6306,1,1.0,0,0,1,1,0,0,0,0,0,0,0,0,0,68.53882713073847,26.173325519040585,1
6307,1,0.8735342642452146,0,0,1,0,0,0,1,0,0,0,0,0,0,178.12218534489475,28.896734135255148,1
6308,1,0.7635250877613055,0,0,1,0,0,0,1,0,0,0,0,0,0,104.4963867685496,31.094589964895476,1
6309,0,1.0,0,0,1,1,0,0,0,1,0,0,0,0,0,195.14228485948288,33.074958774066296,1
6310,0,0.7360354004260655,0,0,1,0,0,0,0,0,0,0,0,0,0,82.96837875974437,27.31369204110777,1
6311,0,0.32001611308739175,0,0,1,0,0,0,0,0,0,0,0,0,0,87.4563801809025,30.587974219060175,1
6312,0,1.0,0,1,0,0,0,0,1,0,0,0,0,0,0,206.83295273646317,31.759067038617754,1
6313,0,1.0,1,0,1,0,0,0,0,0,0,0,0,0,0,69.8413580700949,27.204986721643053,1
6314,0,1.0,0,0,1,0,0,0,1,0,0,0,0,0,0,190.1991737894509,36.54025427853803,1
6315,0,1.0,0,0,0,1,0,0,1,0,0,0,0,0,0,111.17058417596276,24.085158140001724,1
6316,1,0.0,0,0,1,0,1,0,0,0,0,0,0,1,0,66.96867837840661,34.07140924250097,1
6317,1,0.4067737485720052,0,0,1,0,0,0,1,0,0,0,0,0,0,96.93168994880048,26.4,1
6318,0,1.0,0,0,1,0,0,0,0,0,0,0,0,0,0,73.77443486277882,28.70494448548287,1
6319,0,1.0,1,0,1,0,0,0,1,0,0,0,1,0,0,178.56895432485715,28.589178928325254,1
6320,1,0.0,0,0,0,0,0,0,0,0,0,0,0,0,0,57.94663467500214,30.875004892483837,1
6321,1,1.0,0,0,1,0,0,0,0,0,0,0,0,1,0,238.86288068916585,26.109986466289016,1
6322,0,1.0,0,0,1,1,0,0,1,0,0,0,0,0,0,225.75073835294643,41.106041062290295,1
6323,0,0.4553949052479408,0,0,0,0,0,0,1,0,0,0,0,0,0,114.87799547499957,23.89107898104959,1
6324,1,1.0,0,0,1,0,0,0,0,0,0,0,0,0,0,108.15418190252025,31.860366232401258,1
6325,0,1.0,0,0,1,0,1,0,0,0,0,0,0,0,0,106.55835689279006,23.90820945445894,1
6326,0,1.0,1,0,1,0,0,0,0,1,0,0,0,0,0,195.84214911987357,24.228895774355642,1
6327,1,1.0,0,0,1,0,0,0,0,0,0,0,0,0,0,199.38043637683145,26.994704574318796,1
6328,1,0.0,0,0,1,0,0,0,1,0,0,0,0,0,0,61.359153941707596,29.281804485474897,1
6329,0,1.0,0,0,1,0,0,0,1,0,0,0,0,1,0,236.8243023398475,30.880761793454777,1
6330,0,1.0,0,0,1,0,0,0,0,1,0,0,0,0,0,194.57039630938127,27.302924653715884,1
6331,1,1.0,0,0,0,1,0,0,0,0,0,0,0,1,0,94.6609440935015,22.557084605826244,1
6332,0,1.0,0,0,0,1,0,0,0,0,0,0,0,0,0,131.63065721279835,21.540490658412917,1
6333,0,0.21076309942990623,0,0,0,0,0,0,1,0,0,1,0,0,0,92.8708080883216,31.262329151995328,1
6334,1,0.0,0,0,1,0,0,0,0,0,0,0,0,1,0,95.73543908216767,26.210623619316934,1
6335,1,1.0,1,0,1,0,0,0,1,0,0,0,0,0,0,74.79956822543377,22.534772581887417,1
6336,1,1.0,0,0,1,1,0,0,1,0,0,0,0,1,0,69.77151938370521,22.27616913900516,1
6337,1,1.0,0,0,1,0,0,0,0,0,0,0,0,0,0,80.64492876442846,18.02219501147872,1
6338,1,1.0,0,0,0,0,0,0,1,0,0,0,0,1,0,90.33290334732793,22.87416995708724,1
6339,1,0.13298839308939958,0,0,0,1,0,0,0,1,0,0,0,1,0,68.40832610782104,37.08773598142286,1
6340,1,0.0,0,0,1,1,0,0,1,0,0,0,0,0,0,61.45240000152863,30.032292683299666,1
6341,1,1.0,0,0,1,0,0,0,0,0,0,0,0,0,0,80.21698843006887,18.390169184335694,1
6342,1,0.5120998047206982,1,0,1,0,0,0,0,0,0,0,0,0,0,72.91882909959244,29.583060273391023,1
6343,1,0.7957435320636036,0,0,1,0,0,0,1,0,0,0,0,0,0,97.64833889764459,26.7978717660318,1
6344,0,0.37319736993515606,0,1,1,0,0,0,1,0,0,0,0,0,0,243.17252579995127,34.796096066409916,1
6345,0,1.0,0,0,1,1,0,0,0,1,0,0,0,0,0,196.8838029736027,28.192377246837133,1
6346,0,0.0,0,0,1,1,0,0,1,0,0,0,1,0,0,112.13866136570431,42.48301618902996,1
6347,0,1.0,0,0,0,0,0,0,0,0,0,0,0,0,0,218.27491017242804,32.244513842733284,1
6348,0,0.0,0,0,1,0,0,0,0,0,0,0,0,0,0,87.06286531797282,30.565525833191426,1
6349,0,0.4341482125893281,0,0,1,0,0,0,1,0,0,0,0,0,0,75.13024829958492,20.80390374881253,1
6350,0,0.9167560031187467,0,0,1,0,0,0,0,0,0,0,0,0,0,162.1474919597193,32.158806816529356,1
6351,1,1.0,0,0,0,0,0,0,0,1,0,0,0,0,0,79.59280991886116,29.6203272399439,1
6352,0,1.0,1,0,1,0,0,0,0,1,0,0,0,0,0,75.16713815412251,26.262400839464966,1
6353,0,0.718699265972796,0,0,1,0,0,0,1,0,0,0,1,0,0,86.5102927137294,29.640650367013603,1
6354,0,0.5862354987807616,0,0,1,0,0,0,0,0,0,0,0,0,0,155.74037302849698,27.417247099756153,1
6355,0,0.4923670487012489,0,0,0,0,0,0,1,0,0,0,0,0,0,184.09663983383126,38.47976851006513,1
6356,0,0.0,0,0,1,0,0,0,1,0,0,0,0,0,0,83.37730631862665,25.573084195505913,1
6357,1,1.0,0,0,1,0,0,0,0,0,0,0,0,0,0,122.42735391312054,33.90525582265641,1
6358,0,0.7541814129774254,0,0,1,1,0,0,1,0,0,0,0,0,0,72.53227565858072,30.61170795633679,1
6359,0,1.0,0,0,1,0,0,0,1,0,0,0,1,0,0,228.93866092243317,36.42968429970331,1
6360,0,1.0,0,0,1,0,0,0,0,0,0,0,0,0,0,73.18950733449,28.534162725398538,1
6361,0,1.0,0,0,1,0,0,0,1,0,0,0,1,0,0,223.63380509973217,31.98592477383993,1
6362,0,1.0,0,0,1,1,0,0,0,0,0,0,0,0,0,68.54400834129716,25.133889419810576,1
6363,1,1.0,0,0,1,0,0,0,0,0,0,0,0,0,0,68.96829798808713,21.763154437867616,1
6364,1,0.0,0,0,1,0,0,0,1,0,0,0,0,0,0,77.24302791120313,30.388646400040393,1
6365,0,1.0,0,0,0,1,0,0,1,0,0,0,0,0,0,205.75954364832947,30.96118581490999,1
6366,0,1.0,0,0,1,1,0,0,1,0,0,0,0,0,0,73.0843494898758,25.435611196281737,1
6367,1,0.09914611227762393,0,0,0,0,0,0,0,0,0,0,0,0,0,58.0678130960659,31.128036058238536,1
6368,0,0.6229540441833817,0,0,0,0,0,0,0,0,0,1,0,0,0,82.59393020211976,26.45902187511175,1
6369,0,0.4468741952004389,0,0,1,0,0,0,0,0,0,0,1,0,0,198.75915358611346,32.042191926397585,1
6370,0,0.22201502842906318,0,0,1,1,0,0,0,0,0,0,1,0,0,199.52990621041332,35.42257445167059,1
6371,0,1.0,0,0,1,0,0,0,0,0,0,0,0,0,0,260.4435360748877,33.24329336699559,1
6372,0,0.16456605842933492,0,0,1,0,0,0,0,0,0,0,0,1,0,233.39696793797907,47.83032062020932,1
6373,0,1.0,0,0,1,0,0,0,1,0,0,0,0,1,0,239.67554112441695,26.63430099213261,1
6374,0,1.0,0,0,1,0,0,0,1,0,0,0,1,0,0,228.90437068100232,36.45317076643676,1
6375,1,0.28957818498758825,0,0,1,0,0,0,1,0,0,0,0,0,0,101.81829774171464,30.473349808039718,1
6376,0,0.41892362479291867,0,0,1,0,0,0,1,0,0,0,0,0,0,97.41109030459413,26.064861100165665,1
6377,0,0.5172721697543106,0,0,1,0,0,0,1,0,0,0,0,0,0,111.43829957071083,29.56882080215474,1
6378,0,1.0,0,0,1,0,0,0,0,0,0,0,0,0,0,103.61178746094656,25.185268624589618,1
6379,0,0.0,0,0,1,0,0,0,0,0,0,0,0,0,0,87.82609263938296,31.109254462174334,1
6380,0,0.6664073046949189,0,0,1,0,0,0,1,0,0,0,0,0,0,94.86415291716406,28.70015561718305,1
6381,0,0.7145959315365775,0,0,0,0,0,0,1,0,0,1,0,0,0,93.47036915852853,29.49891423962198,1
6382,0,0.0,0,0,1,0,0,0,1,0,0,0,1,0,0,198.6633999633211,35.03844908752018,1
6383,0,0.890517633931006,0,1,1,0,0,0,1,0,0,0,0,0,0,246.75238202680256,39.503710468772155,1
6384,0,1.0,0,0,1,1,0,0,1,0,0,0,0,0,0,97.46826293093551,26.372669335046066,1
6385,0,1.0,0,0,1,0,0,0,1,0,0,0,0,0,0,76.87074472152591,20.920344019386615,1
6386,0,0.35196968194478584,0,0,1,0,0,0,0,0,0,0,0,0,0,92.95270609336036,30.622363618333743,1
6387,1,0.7545455374610696,0,0,1,1,0,0,1,0,0,0,0,0,0,208.04581792312146,36.151817758948546,1
6388,0,1.0,0,0,1,1,0,0,0,0,0,0,0,0,0,131.91274073888562,27.04429463671297,1
6389,0,0.7768213672402811,1,0,1,1,0,0,1,0,0,0,0,0,0,112.22214570937922,38.53821102707457,1
6390,1,1.0,0,0,1,0,0,0,0,0,0,0,0,0,0,197.66460301808192,23.636953192789697,1
6391,0,1.0,0,0,1,0,1,0,0,0,0,0,0,0,0,105.46204843474005,24.32405059371929,1
6392,0,1.0,0,0,1,0,0,0,0,1,0,0,0,0,0,76.31526789160897,24.711839627539163,1
6393,0,1.0,0,0,1,1,0,0,0,0,0,0,1,0,0,199.89897003324234,28.07862671098976,1
6394,0,1.0,0,0,1,0,0,0,0,0,0,0,0,0,0,72.86403471792374,30.50580456212753,1
6395,1,0.751712520369154,1,0,1,0,0,0,0,1,0,0,0,1,0,172.45399101167703,25.713183609452837,1
6396,1,1.0,0,0,1,0,0,0,0,0,0,0,1,0,0,74.65049612486813,23.115581849314953,1
6397,0,1.0,0,0,0,1,0,0,1,0,0,0,0,0,0,90.86864759489944,36.63984058136706,1
6398,0,0.26738730075960127,0,0,0,1,0,0,0,0,0,0,0,1,0,88.73210072851161,27.998919048860596,1
6399,0,0.3152748361189954,0,0,1,1,0,0,1,0,0,0,0,0,0,172.5100158346431,33.48570297525491,1
6400,1,1.0,0,0,0,0,0,0,1,0,0,0,0,1,0,92.17410448921842,23.924294391279407,1
6401,1,1.0,0,0,0,1,0,0,0,0,0,0,0,1,0,66.2874520680353,43.040219022265276,1
6402,1,1.0,0,0,1,0,0,0,0,1,0,0,0,0,0,90.7330897451759,32.646843892802266,1
6403,0,0.4111272782593792,0,0,0,0,0,0,0,0,0,0,0,0,0,85.1949280133877,29.617774544348123,1
6404,0,0.7656749343494732,0,0,1,0,0,0,1,0,0,0,0,1,0,72.37616915086771,28.423432506565053,1
6405,1,1.0,0,0,1,0,0,0,0,1,0,0,0,0,0,89.98290321001024,32.04323326204307,1
6406,1,1.0,1,0,0,1,0,0,0,0,0,0,0,1,0,66.77052663120382,35.56884972046993,1
6407,1,0.0,0,0,1,0,0,0,0,0,0,0,0,1,0,93.10414850871501,25.627512134895294,1
6408,1,0.0,0,0,1,0,0,0,1,0,0,0,0,0,0,77.47978070658529,30.492586651671587,1
6409,0,1.0,0,0,1,0,0,0,0,0,0,0,1,0,0,116.59739096311957,32.25092339004661,1
6410,0,1.0,0,0,1,0,0,0,1,0,0,0,1,0,0,102.85659647385644,27.20709181277437,1
6411,1,0.680250688330374,0,0,1,1,0,0,0,0,0,0,0,1,0,82.94749220401793,27.456426170161635,1
6412,1,0.17456010425137125,0,0,1,0,0,0,0,0,0,0,0,1,0,68.02619716800734,33.16184015637705,1
6413,0,1.0,1,0,1,0,0,0,0,1,0,0,1,0,0,199.0380525970308,27.853391699639996,1
6414,1,1.0,0,0,1,1,0,0,1,0,0,0,0,0,0,106.49730714896192,32.6806673012657,1
6415,1,1.0,0,0,1,1,0,0,0,0,0,0,0,0,0,96.23674265755399,21.5,1
6416,1,0.38370925164585534,0,0,1,0,0,0,0,0,0,0,0,1,0,182.26147110321114,27.62325814967083,1
6417,0,0.0,0,0,1,0,0,0,1,0,0,0,0,0,0,85.04882390410287,36.89738645356196,1
6418,1,1.0,0,0,1,0,0,0,0,0,0,0,0,0,0,197.61302724372746,25.886263146588778,1
6419,0,0.0,0,0,1,0,0,0,1,0,0,0,0,0,0,93.31177859538047,43.1732468314687,1
6420,1,1.0,0,0,1,0,0,0,0,1,0,0,0,1,0,74.6133983538574,26.010039751246648,1
6421,1,0.2302685817031198,0,0,1,0,0,0,1,0,0,0,0,1,0,95.77484922077096,25.893409120253136,1
6422,0,1.0,0,0,1,0,0,0,1,0,0,0,0,1,0,242.7273177189535,32.18201394504458,1
6423,1,0.0,0,0,1,1,0,0,1,0,0,0,0,0,0,219.7641063114805,34.777753250909065,1
6424,1,0.0,0,0,1,0,0,0,0,0,0,0,0,0,0,167.61187578445572,31.084964723977755,1
6425,0,0.0,0,0,1,0,0,0,1,0,0,0,0,0,0,96.74445583282179,27.497449338470595,1
6426,1,1.0,1,0,1,0,0,0,0,1,0,0,0,0,0,204.66397522018818,26.99661315420086,1
6427,0,0.0,0,0,1,0,0,0,0,0,0,0,0,0,0,115.0003595429922,39.112859148050184,1
6428,1,0.10246767347791597,0,0,1,0,0,0,1,0,0,0,0,1,0,78.41055226532532,30.687285559174292,1
6429,1,1.0,0,0,1,0,0,0,0,0,0,0,0,1,0,189.77394656240907,31.040268850235694,1
6430,0,0.0,0,0,1,0,0,0,1,0,0,0,0,0,0,96.93678161300899,28.863974618748074,1
6431,1,0.9364933313102257,0,0,0,0,0,0,0,0,0,0,0,0,0,80.26653933768301,23.438104001213862,1
6432,0,1.0,0,0,1,0,0,0,1,0,0,0,0,0,0,100.55604966489462,27.74639058795308,1
6433,0,1.0,0,1,0,0,0,0,1,0,0,0,0,0,0,207.68019282150863,32.186966071469,1
6434,0,1.0,0,0,1,0,0,0,1,0,0,0,1,0,0,231.02333888811827,35.001822679371045,1
6435,0,1.0,0,0,1,0,0,0,0,0,0,0,0,0,0,90.37417111919105,32.760035085856806,1
6436,0,1.0,0,0,1,0,0,0,1,0,0,0,0,0,0,184.6712597502201,27.724800897972443,1
6437,0,0.28915033445415095,0,0,1,0,0,0,0,0,0,0,1,0,0,78.8853019598655,28.16264053512664,1
6438,1,1.0,0,0,0,1,0,0,0,0,0,0,0,0,0,70.15630283587059,25.74271209403479,1
6439,0,0.04986014639916425,0,0,1,0,0,0,0,0,0,0,1,0,0,197.44503708458123,34.2257691948046,1
6440,1,1.0,1,0,0,0,0,0,0,0,0,0,0,1,0,79.88594192207817,29.7,1
6441,1,1.0,0,0,1,0,0,0,0,1,0,0,0,0,0,75.59813802948891,25.582678503713332,1
6442,0,1.0,0,1,1,0,0,0,0,0,0,0,0,0,0,260.78842719925365,30.754524517326615,1
6443,0,1.0,0,0,1,0,0,0,0,0,0,0,0,0,0,91.60063507497081,34.835450249902706,1
6444,1,0.0,0,0,1,0,0,0,0,0,0,0,0,0,0,104.4916733403393,27.3,1
6445,0,0.9603667746221303,0,0,1,1,0,0,0,0,0,0,0,0,0,144.84173915869454,27.172847894868458,1
6446,0,0.04458809273414399,0,0,1,0,0,0,0,0,0,0,0,0,1,117.77183494306931,35.584717376194874,1
6447,0,0.14306195272340239,0,0,0,1,1,0,0,0,0,0,0,1,0,84.00114388571447,29.456794680370216,1
6448,0,1.0,0,1,1,0,0,0,0,0,0,0,0,0,0,68.50463372327783,24.164963706184857,1
6449,0,0.5668584332940947,0,0,1,0,0,0,0,0,0,0,0,0,1,119.40746599290465,36.23691596328232,1
6450,0,1.0,0,0,1,1,0,0,1,0,0,0,0,0,0,98.4944588448152,25.32229422407599,1
6451,0,1.0,0,0,1,0,0,0,1,0,0,0,1,0,0,77.50553705074633,22.99805734841725,1
6452,0,1.0,0,0,1,0,0,0,0,0,0,0,0,1,0,73.80541553686132,25.230545290975446,1
6453,0,1.0,0,0,1,0,0,0,0,0,0,0,0,0,0,72.956148450997,31.26812511169941,1
6454,0,0.45798470152027393,1,0,1,1,0,0,1,0,0,0,0,0,0,112.19663877612162,40.164278022246606,1
6455,0,1.0,0,0,1,0,0,0,0,0,0,0,1,0,0,116.61433881685078,32.662514123518775,1
6456,0,1.0,0,0,1,0,0,0,0,0,0,0,0,1,0,103.90045410454286,24.248451916331188,1
6457,0,1.0,0,0,1,1,0,0,0,0,0,0,0,0,0,195.41392594012575,34.34552483013964,1
6458,0,1.0,0,0,1,0,0,0,1,0,0,0,1,0,0,230.6885512543224,35.231129277861385,1
6459,0,1.0,0,0,1,0,1,0,0,0,0,0,0,0,0,105.13933920309005,24.4464575436555,1
6460,0,1.0,0,0,1,1,0,0,0,1,0,0,0,0,0,75.63167428939678,26.811366035124863,1
6461,1,0.48529063406171535,0,0,1,0,0,0,0,0,0,0,0,1,0,232.45044720307322,43.07651239125941,1
6462,0,1.0,0,0,1,0,0,0,0,0,0,0,0,0,0,112.4508472194114,27.270123672754714,1
6463,0,1.0,0,0,1,0,0,0,0,0,0,0,0,0,0,220.74128084836138,26.7848805285821,1
6464,1,1.0,1,0,1,0,0,0,0,0,0,0,0,0,0,74.52484431911584,23.427534087999817,1
6465,0,1.0,0,0,1,0,0,0,0,0,0,0,0,0,0,77.16055384718206,20.651296622425704,1
6466,0,0.3868837609307585,0,0,1,0,0,0,1,0,0,0,0,0,0,240.39655811953463,29.697711451904663,1
6467,0,0.0,0,0,1,0,0,0,1,0,0,0,0,0,0,72.87188038822838,30.017033009597483,1
6468,0,1.0,0,0,1,0,0,0,1,0,0,0,0,0,0,224.0081409881139,31.73052125866543,1
6469,1,0.48163453666467937,1,0,0,0,0,0,0,0,0,0,0,1,0,66.74534433940273,34.1040863416617,1
6470,0,1.0,0,0,1,0,0,0,0,0,0,0,0,0,0,58.39066980839573,24.29476798743315,1
6471,1,1.0,1,0,1,0,0,0,0,1,0,0,0,0,0,202.17229434740582,27.514882775739586,1
6472,0,1.0,0,1,0,0,0,0,1,0,0,0,0,0,0,206.08200075382805,31.379798360519214,1
6473,0,0.8036934518773025,0,0,0,1,1,0,0,0,0,0,0,1,0,83.08286610189054,28.333721131808584,1
6474,1,1.0,0,0,1,1,0,0,0,0,0,0,0,0,0,97.3856837190401,21.5,1
6475,0,1.0,0,0,1,0,0,0,0,0,0,0,0,0,0,58.51821049540247,24.22736843738894,1
6476,0,0.5018695310245037,1,0,1,0,0,0,1,0,0,0,0,0,0,248.4066348441559,38.15878679581517,1
6477,0,0.5450431202722629,0,0,1,0,0,0,1,0,0,0,0,0,0,104.2093621322237,31.99954743229949,1
6478,1,1.0,0,0,1,0,0,0,0,0,0,0,0,0,0,206.75765429290058,41.485079255794794,1
6479,1,0.13247065634192656,0,0,0,1,0,0,0,1,0,0,0,1,0,68.56975322381899,37.40727054056065,1
6480,1,1.0,0,0,1,0,0,0,0,1,0,0,0,0,0,89.60581649700002,32.99678586965513,1
6481,0,1.0,0,0,1,0,0,0,0,0,0,0,0,0,0,196.56162409136797,26.81849904005234,1
6482,0,1.0,0,0,0,0,0,0,0,0,0,0,0,0,0,219.47126471858712,33.44947525613092,1
6483,0,0.5820159144930864,0,0,1,0,0,0,0,1,0,0,0,0,0,188.13583926125875,38.47934748217281,1
6484,0,1.0,0,0,1,0,0,0,0,0,0,0,0,0,0,128.39183116276033,28.56561968845351,1
6485,0,1.0,0,1,1,0,0,0,0,0,0,0,0,0,1,113.42241722720388,37.31369217319679,1
6486,1,0.099237664919681,0,0,1,1,0,0,1,0,0,0,0,0,0,221.88007623350802,36.575565046086325,1
6487,1,1.0,0,0,1,0,0,0,1,0,0,0,0,0,0,73.63888576219514,23.918351205526953,1
6488,0,1.0,0,0,1,0,0,0,0,0,0,0,0,0,0,133.90946233296344,32.233983519589934,1
6489,1,0.12523393744600653,0,0,0,0,0,0,1,0,0,0,0,0,0,83.33893481058234,26.325046787489203,1
6490,0,0.8710974149265011,0,1,1,0,0,0,1,0,0,0,0,0,1,249.56230337374296,28.525378530742547,1
6491,0,0.28000319737255375,0,0,1,0,0,0,0,0,0,0,0,0,0,168.68477093588348,33.8959942447294,1
6492,0,0.10116561961310322,0,0,0,0,0,0,1,0,0,0,0,0,0,184.94945894924342,40.005454083508894,1
6493,1,1.0,0,0,1,0,0,0,0,0,0,0,0,0,0,199.5988082263986,27.472392995246956,1
6494,0,1.0,0,0,0,1,0,0,0,0,0,0,0,0,0,132.24642165733425,22.353764453082995,1
6495,0,1.0,0,1,0,0,1,0,0,0,0,0,0,1,0,219.14106995667476,29.085497885178505,1
6496,1,1.0,1,0,1,0,0,0,0,0,0,0,0,0,0,74.16255117378347,24.55598814723181,1
6497,0,1.0,0,0,1,1,0,0,1,0,0,0,0,0,0,222.52602826804448,30.685516524159077,1
6498,0,0.23568253457588495,0,0,1,0,0,0,1,0,0,0,0,0,0,221.37856889997033,36.45154287552681,1
6499,0,0.7136602831121538,0,0,1,1,0,0,1,0,0,0,0,0,0,223.2745009492376,33.446234471194366,1
6500,0,0.8736780345607488,0,0,1,1,0,0,1,0,0,0,0,0,0,206.43869571017458,35.013689768895325,1
6501,0,0.87319820087324,0,0,1,0,0,0,0,0,0,0,0,0,0,73.98334234480338,28.99020269869014,1
6502,0,0.8665956885955035,0,0,1,0,0,0,1,0,0,0,0,0,0,86.57731062035056,29.793489485089893,1
6503,1,0.0,0,0,1,0,0,0,0,0,0,0,0,1,0,95.12280666843562,26.074860203531436,1
6504,1,0.872889509132976,0,0,0,1,0,0,0,1,0,0,0,1,0,70.56883736666829,34.79404252168777,1
6505,0,0.572458144640288,0,0,1,0,0,0,0,0,0,0,0,0,0,104.03485973994857,25.983346267327338,1
6506,1,0.1608602934850979,0,0,1,0,0,0,0,0,0,0,0,0,0,60.194589410449005,27.565677207590237,1
6507,0,0.7003478888665695,0,0,1,0,0,0,1,0,0,0,0,0,0,73.02592346444935,31.00034788886657,1
6508,1,1.0,0,0,1,0,0,0,0,0,0,0,1,0,0,205.66872461645553,45.08369891078821,1
6509,0,1.0,0,0,1,1,0,0,0,0,0,0,0,0,0,215.65223346485797,27.70956626350896,1
6510,0,0.49386014730535566,0,0,0,0,0,0,1,0,0,0,0,0,0,114.74605969474263,23.89877202946107,1
6511,1,0.18537494397408283,0,0,1,0,0,0,0,0,0,0,0,0,0,76.2115649753486,30.67857476469115,1
6512,1,0.0,0,0,1,0,0,0,0,0,0,0,0,0,0,58.47812870736995,39.34682500443271,1
6513,0,0.0,0,0,1,0,0,0,0,0,0,0,0,0,0,88.02026874664038,29.78649824020278,1
6514,1,1.0,0,0,0,1,0,0,0,0,0,0,0,0,0,97.45933525806927,26.19614481680677,1
6515,1,0.5356889704560298,0,0,1,0,0,0,1,0,0,0,0,0,0,97.30246633070652,26.667844485228013,1
6516,0,1.0,0,0,0,0,0,0,1,0,0,0,0,0,0,184.2592933926117,33.543571290500694,1
6517,1,1.0,0,0,1,0,0,0,1,0,0,0,0,0,0,183.5985125187593,27.591078122868264,1
6518,1,0.49298271045808906,1,0,0,0,0,0,0,0,0,0,0,1,0,66.72968385956784,34.13245677614522,1
6519,0,1.0,0,0,1,0,0,0,1,0,0,0,0,0,0,75.72383208351934,21.67190251056452,1
6520,0,1.0,0,0,1,0,0,0,0,0,0,0,0,0,0,57.36383127605182,24.837406236232777,1
6521,0,0.8467850018697454,0,0,1,0,0,0,1,0,0,0,0,0,0,111.6920244514397,28.020110491212197,1
6522,1,0.16805845831194788,0,0,1,0,0,0,1,0,0,0,0,0,0,60.647828805033356,30.303340299948673,1
6523,0,1.0,1,0,1,1,0,0,1,0,0,0,0,0,0,221.4917599962201,27.49478396824889,1
6524,1,0.333299859870525,0,0,0,0,0,0,0,0,0,0,0,1,0,93.44995280241744,24.66676039236253,1
6525,1,1.0,0,0,1,0,0,0,0,0,0,0,0,0,0,192.9714920495709,32.72820566490565,1
6526,0,0.0,0,0,1,0,0,0,0,0,0,0,0,0,0,87.999529621592,29.946485776290196,1
6527,0,1.0,0,0,1,1,0,0,1,0,0,0,0,0,0,97.69693767590336,26.209330231497603,1
6528,0,1.0,0,0,1,0,0,0,0,0,0,0,0,0,0,260.39030573739944,33.14231440699086,1
6529,1,1.0,0,0,1,0,0,0,0,1,0,0,0,0,0,89.57675999381279,33.07026208461133,1
6530,1,1.0,0,0,1,0,0,0,0,1,0,0,0,0,0,80.86435196763513,17.735113871049897,1
6531,0,1.0,0,0,1,0,0,0,0,0,0,0,0,0,0,260.02416946403713,32.447746950747934,1
6532,1,1.0,0,0,1,0,0,0,1,0,0,0,0,0,0,232.5701575448225,34.050656131071705,1
6533,0,1.0,0,0,1,0,0,0,1,0,0,0,1,0,0,76.36718454431345,21.29636577366363,1
6534,1,1.0,0,0,0,0,0,0,0,0,0,0,0,0,0,83.65777838208018,26.95764953022929,1
6535,1,1.0,0,0,0,1,0,0,1,0,0,0,0,0,0,205.44916735020263,45.94934221318989,1
6536,0,0.5393272083450068,0,0,1,0,0,0,0,0,0,0,0,0,1,191.70674128624756,38.83595109579948,1
6537,0,0.3070877433602487,0,0,1,0,0,0,0,0,0,0,0,0,0,196.57676906770504,33.977950836287576,1
6538,1,1.0,0,0,1,1,0,0,0,0,0,0,0,0,0,68.51534775215559,26.143745199566087,1
6539,1,0.6768547827205827,0,1,1,1,0,0,1,0,0,0,0,0,0,214.89463159102576,29.10480660838237,1
6540,0,0.5441086239394686,0,0,1,0,0,0,1,0,0,0,0,0,1,97.48690319274249,27.90296102733317,1
6541,0,0.4482876279800331,0,0,1,0,0,0,0,0,0,0,1,0,0,58.17892139507487,26.879280930049916,1
6542,0,1.0,0,0,1,1,0,0,0,0,0,0,0,0,0,214.97015973439886,27.2581939418816,1
6543,0,1.0,0,0,1,0,0,0,0,0,0,0,1,0,0,156.07138426365356,29.781244056888262,1
6544,1,0.034482081765233596,0,0,1,0,0,0,1,0,0,0,0,0,0,62.43965733835125,30.368964163530467,1
6545,0,1.0,0,0,1,0,0,0,0,1,0,0,0,0,0,194.90548030958192,27.809446979600594,1
6546,0,0.258226813259983,0,0,1,1,0,0,1,0,0,0,0,0,0,222.39096001772435,35.90557520839609,1
6547,1,1.0,0,0,1,0,0,0,0,0,0,0,0,1,0,93.72927305294625,23.542638981019746,1
6548,0,1.0,1,0,1,0,0,0,1,0,0,0,1,0,0,177.36676153334315,29.656399683194056,1
6549,0,0.24047985128305593,0,0,1,0,0,0,0,0,0,0,0,1,0,233.446311903334,47.33688096666013,1
6550,0,1.0,0,0,1,0,0,0,1,0,0,0,0,1,0,239.87989205212776,26.814610634230373,1
6551,1,0.7092961271407681,0,0,1,0,0,0,1,0,0,0,0,0,0,58.98371312019737,34.3058567227287,1
6552,1,1.0,0,0,1,0,0,0,0,0,0,0,0,0,0,67.27794460069084,24.538665512286695,1
6553,0,0.418932977983946,0,0,1,0,0,0,0,0,0,0,0,0,1,191.73202407462338,39.18509436384655,1
6554,0,1.0,0,0,1,1,0,0,0,0,0,0,0,0,0,192.52895323266858,36.737941221689475,1
6555,0,1.0,0,0,1,0,0,0,1,0,0,0,1,0,0,222.4378075517671,32.50971932039398,1
6556,1,0.5637371014453995,0,0,1,0,0,0,1,0,0,0,0,0,0,102.52000803189775,27.80736339130086,1
6557,0,0.7950207671740892,1,0,1,0,0,0,1,0,0,0,0,0,0,250.56613281213504,29.678340092759512,1
6558,1,1.0,0,0,0,0,0,0,0,1,0,0,0,0,0,79.53457543721491,29.59679815645047,1
6559,1,0.05227910326875962,0,0,1,0,0,0,1,0,0,0,0,0,0,102.3199740560024,31.379088358692496,1
6560,0,1.0,0,0,1,1,0,0,0,0,0,0,0,0,0,214.73438864189407,27.9935597028257,1
6561,1,0.19819638642166815,0,0,1,0,0,0,1,0,0,0,0,0,0,61.90982567185801,30.874769520622838,1
6562,1,0.8743980317083307,0,0,1,0,0,0,0,0,0,0,0,1,0,183.96416117002792,27.525120393658334,1
6563,0,1.0,0,0,0,0,0,0,1,0,0,0,0,0,0,112.23303508956063,26.136653503708292,1
6564,0,0.2773164255255134,0,1,1,0,0,0,1,0,0,0,0,0,0,240.1684790332012,29.930222944714778,1
6565,1,1.0,0,0,1,0,0,0,0,0,0,0,0,1,0,235.75963366195722,26.259612648893096,1
6566,0,1.0,0,0,1,0,0,0,1,0,0,0,0,0,0,100.7513653611002,27.955370345210085,1
6567,0,0.12663712551837436,0,0,1,0,0,0,0,1,0,1,0,0,0,142.33712160677644,44.342363356124,1
6568,1,0.8214802107274013,1,0,1,0,0,0,0,0,0,0,0,0,0,179.4431208185834,28.028592084290963,1
6569,1,1.0,0,0,0,0,0,0,0,0,0,0,0,0,0,83.42850324730627,27.239545187738205,1
6570,0,0.08193843903814613,0,0,1,1,0,0,0,0,0,0,0,0,0,78.82986771705804,27.68361231219237,1
6571,0,1.0,0,0,1,1,0,0,0,0,0,0,0,0,0,217.96612993455156,27.015578203171938,1
6572,1,0.9437663822120144,0,0,1,1,0,0,0,0,0,0,0,1,0,64.42481692319724,44.80318233774205,1
6573,1,0.023510338852112844,0,0,1,0,0,0,0,0,0,0,0,0,1,97.76376165421634,29.536522085099296,1
6574,0,0.0,0,0,1,0,0,0,1,0,0,0,1,0,0,198.53670615996361,34.98913712812955,1
6575,0,0.9232860210139356,0,0,1,1,0,0,0,0,0,0,1,0,0,116.34248567519313,35.113711831888516,1
6576,1,0.0,0,0,1,0,1,0,0,0,0,0,0,1,0,65.93523194918191,36.814507789208484,1
6577,1,0.26974246587376705,0,0,0,1,0,0,0,0,0,0,0,1,0,78.61428537005678,30.503283287538856,1
6578,1,0.7023987210805986,0,0,1,0,0,0,0,0,0,0,0,0,0,61.32098933984764,26.103523453082385,1
6579,0,0.3410981934251428,0,1,0,0,0,0,0,0,0,0,0,0,0,216.70279534963305,30.965890180657485,1
6580,1,0.010874680891266642,0,0,1,0,0,0,1,0,0,0,0,0,0,102.14716787654831,31.365201021147946,1
6581,1,0.2650472874092833,0,0,1,0,0,0,0,0,0,0,0,0,0,76.83767625738278,29.74097162755443,1
6582,0,1.0,0,0,1,1,0,0,1,0,0,0,0,0,0,97.79729335701886,26.137647602129388,1
6583,0,0.0,0,0,1,0,0,0,0,0,0,0,0,0,1,97.01109876647327,29.126011877514724,1
6584,0,1.0,0,0,1,1,0,0,0,0,0,0,0,0,0,215.63088277474492,27.695437130345905,1
6585,0,0.9960816250489067,0,0,1,0,0,0,0,1,0,0,0,0,0,116.69525062243446,34.50391837495109,1
6586,1,0.0005393189403268828,0,0,0,1,0,0,0,1,0,0,0,1,0,68.02157481130575,37.498328111284984,1
6587,1,0.0,0,0,1,0,0,0,0,0,0,0,0,0,0,186.48487991396925,40.4,1
6588,1,1.0,0,0,1,0,0,0,0,0,0,0,0,1,0,106.12642718738245,30.95734460294671,1
6589,0,1.0,0,0,1,0,0,0,1,0,0,0,0,1,0,239.57007940320605,26.54124653224064,1
6590,0,1.0,0,0,0,0,0,0,1,0,0,0,0,0,0,112.64991950051348,24.990221373587953,1
6591,0,0.15126428446267592,0,0,1,1,0,0,0,0,0,0,0,0,0,78.75360928709105,27.669747143107465,1
6592,0,0.28467473884646366,0,0,0,0,0,0,0,0,0,0,0,0,0,84.88891286800845,29.643065052230707,1
6593,0,0.3759712219291391,0,0,1,0,0,0,1,0,0,0,0,0,1,97.32717266083269,28.272863311755895,1
6594,1,0.0,0,0,1,0,0,0,0,0,0,0,0,0,0,190.19946214491895,40.4,1
6595,0,1.0,1,0,1,0,0,0,0,1,0,0,0,0,0,74.9821068611924,26.05877788552275,1
6596,1,0.0,0,0,1,0,0,0,0,0,0,0,0,0,0,170.93401254655805,34.12880730705581,1
6597,0,1.0,0,0,1,0,0,0,0,0,0,0,0,0,0,263.2534729569416,38.57379693728762,1
6598,1,1.0,0,0,1,0,0,0,0,0,0,0,0,0,0,80.26319854735948,29.659067128186376,1
6599,0,0.5895012863026207,1,0,0,1,0,0,1,0,0,0,0,0,0,207.24019443945548,45.084251929453934,1
6600,0,0.9331929170490183,0,0,1,0,0,0,1,0,0,0,0,0,1,112.11931679406305,27.066175209671563,1
6601,1,1.0,1,0,1,1,0,0,0,1,0,0,0,0,0,198.78121524513094,25.896934391013485,1
6602,1,0.8018258998755151,0,0,0,0,0,0,0,0,0,0,0,0,0,59.068592777823234,32.02255625982572,1
6603,1,0.46637459450454855,0,0,1,1,0,0,0,0,0,0,0,0,1,97.60609638381351,28.107601297585443,1
6604,0,1.0,1,0,1,1,0,0,1,0,0,0,0,0,0,221.4708330415975,27.31899754941918,1
6605,1,1.0,0,0,1,0,0,0,0,1,0,0,0,0,0,76.19040748565106,24.638480819976568,1
6606,0,1.0,0,0,1,0,0,0,0,0,0,0,0,0,0,198.60075649715935,26.64962679112552,1
6607,0,1.0,0,0,1,0,0,0,0,0,0,0,0,0,0,128.91846818200045,28.979355828735372,1
6608,0,0.1681180975977251,0,0,1,0,0,0,0,0,0,0,0,0,0,83.30912914144136,25.837107053754085,1
6609,0,0.5122605638762605,0,0,0,0,0,0,1,0,0,0,0,0,0,105.40299619770883,32.20735633832575,1
6610,1,0.5126251920787551,0,0,1,0,0,0,1,0,0,0,0,1,0,222.80818451596153,51.93511075208333,1
6611,0,1.0,0,1,1,0,0,0,0,0,0,0,0,0,0,259.85075866790226,30.724945068388084,1
6612,0,0.05381310600873879,0,0,1,0,0,0,0,0,0,0,0,0,0,64.02161116678077,29.17936626536417,1
6613,0,0.42022855823752037,0,0,1,1,0,0,1,0,0,0,0,0,0,172.93612794644432,33.18133718111119,1
6614,0,0.5402172667786186,0,0,0,0,0,0,0,0,0,0,0,0,0,91.20463076104002,32.0,1
6615,1,1.0,0,0,1,1,0,0,0,0,0,0,0,1,0,228.35226853342147,26.77109797197786,1
6616,1,1.0,0,0,1,0,0,0,0,0,0,0,0,0,0,109.2982625904708,30.938396447239654,1
6617,1,1.0,1,0,0,0,0,0,0,0,0,0,0,1,0,79.90990194644915,29.7,1
6618,0,0.9675292283082517,0,0,1,1,0,0,1,0,0,0,0,0,0,175.1581686669315,31.59416523790607,1
6619,0,0.7433528955700124,0,0,1,1,0,0,0,0,0,0,0,0,0,184.85490328860968,28.666358764241014,1
6620,1,1.0,0,0,1,1,0,0,0,0,0,0,0,0,0,67.64137051392767,25.04267151360966,1
6621,0,1.0,0,0,1,0,0,0,0,0,0,0,0,0,0,115.51631875428825,27.12721124688633,1
6622,0,1.0,0,1,0,0,1,0,0,0,0,0,0,1,0,219.27266013321884,28.977018528170856,1
6623,0,0.0,1,0,1,1,0,0,1,0,0,0,0,0,1,210.66004053854147,40.65010134635367,1
6624,0,1.0,1,1,0,0,1,0,0,0,0,0,0,0,0,216.63882441300265,29.996473239007923,1
6625,0,0.751023100838635,0,0,1,0,0,0,1,0,0,0,0,1,0,72.35404488226634,28.424897689916136,1
6626,0,1.0,0,0,1,0,0,0,0,0,0,0,1,0,0,158.05206805766792,30.701233797277457,1
6627,0,1.0,0,0,1,1,0,0,1,0,0,0,0,0,0,97.93882428802976,22.544121440148842,1
6628,0,1.0,0,0,1,0,0,0,0,0,0,0,0,0,0,199.91035821225054,27.826517776547718,1
6629,1,1.0,0,0,0,0,0,0,0,1,0,0,0,0,0,79.20333380254114,29.462963152541874,1
6630,0,0.0,0,0,0,0,0,0,0,0,0,0,0,0,0,82.29517647541937,24.018802712908943,1
6631,1,1.0,0,0,1,1,0,0,0,0,0,0,0,1,0,228.60380667777943,26.778964320410324,1
6632,0,1.0,1,0,1,0,0,0,0,0,0,0,0,1,0,189.4788565997988,36.58530882583241,1
6633,0,1.0,0,0,1,0,0,0,1,0,0,0,0,0,0,80.01906562279193,23.4264129469543,1
6634,0,0.0,0,0,0,1,0,0,0,0,0,0,0,0,0,84.98573349053702,30.448317610035247,1
6635,1,0.05450927741371958,0,0,1,0,0,0,0,0,0,0,0,0,0,191.72842441394494,40.18741381808649,1
6636,0,0.8364397373761233,0,0,1,0,0,0,0,0,0,0,0,0,0,62.29983257777253,25.970597076757894,1
6637,1,1.0,0,0,1,0,0,0,0,0,0,0,0,0,0,73.77426945727268,24.48806136931807,1
6638,1,0.4729923754184663,0,0,1,0,0,0,1,0,0,0,0,1,0,79.24423284469155,30.279708387039687,1
6639,1,0.4384054922878058,0,0,1,0,0,0,0,0,0,0,0,0,0,61.36155765705644,27.883334735476094,1
6640,0,0.17081370630621073,0,0,1,1,0,0,1,0,0,0,0,0,0,223.0515332028822,37.18043040558565,1
6641,0,1.0,0,0,0,1,0,0,0,0,0,0,0,0,1,68.87991183651265,24.51630448498318,1
6642,0,1.0,1,0,1,0,0,0,1,0,0,0,1,0,0,177.89892965339638,29.183978897768217,1
6643,0,0.5934964158218514,0,0,1,0,0,0,1,0,0,0,1,0,0,196.94170704298156,35.6869928316437,1
6644,0,0.7898822240597855,0,0,1,1,0,0,1,0,0,0,0,0,0,207.09584316618276,45.621788003307614,1
6645,0,0.11633172713326123,0,0,1,0,0,0,1,0,0,0,0,0,0,96.60239174225889,29.030200963720045,1
6646,0,0.02988311358156781,0,0,1,1,0,0,0,0,0,0,0,0,0,78.88712857506027,27.694023377283685,1
6647,1,1.0,0,0,0,1,0,0,0,0,0,0,0,0,0,68.59824835776874,26.19120727407615,1
6648,0,1.0,0,0,1,0,0,0,0,0,0,0,1,0,0,136.48908633593106,30.101848983221775,1
6649,1,0.0,0,0,0,1,0,0,0,0,0,0,0,1,0,67.20393532586384,38.347859401699914,1
6650,1,1.0,0,0,1,0,0,0,1,0,0,1,0,0,0,209.93653064966554,37.99225789908157,1
6651,0,1.0,0,0,1,0,0,0,0,0,0,0,0,0,1,194.11495833464943,23.200197034443146,1
6652,1,1.0,0,0,0,0,0,0,0,0,0,0,0,0,0,83.85233305101939,26.718442970058135,1
6653,0,1.0,1,0,1,0,0,0,0,0,0,0,0,0,0,208.1898245763739,24.733305512041753,1
6654,1,0.6428065910861737,0,0,1,0,0,0,1,0,0,0,0,0,0,74.44425942736481,22.17129713682405,1
6655,0,0.21725432574861325,0,0,0,0,0,0,1,0,0,0,0,0,0,115.69481766268225,23.843450865149723,1
6656,1,1.0,0,0,1,0,0,0,0,0,0,0,0,0,0,74.99002711174529,22.33754142072197,1
6657,0,1.0,0,1,1,1,0,0,0,0,0,0,0,0,0,113.61092323346367,36.50658935347312,1
6658,0,1.0,0,0,1,0,0,0,1,0,0,0,0,0,0,221.4673873193385,30.57665068524034,1
6659,0,0.24344261676541068,0,0,1,0,0,0,0,0,0,0,0,0,0,114.1805737191529,41.112377084437156,1
6660,0,0.15780626912688545,0,0,1,0,0,0,0,0,0,0,1,0,0,103.34162848928895,27.28421937308731,1
6661,0,1.0,0,0,1,1,0,0,0,0,0,0,0,0,0,74.77999677478257,27.06047336683526,1
6662,0,1.0,0,0,1,1,0,0,0,0,0,0,0,0,0,74.89763080741913,26.75954909729986,1
6663,0,1.0,0,0,1,1,0,0,0,0,0,0,0,0,0,73.29826073839183,30.558200135105626,1
6664,0,0.40252635549014204,0,0,1,0,0,0,0,0,0,0,0,0,0,209.37099762755136,43.39494728901972,1
6665,0,1.0,0,0,1,0,0,0,0,0,0,0,0,1,0,194.61658704538937,32.68805607356426,1
6666,0,1.0,1,1,0,0,1,0,0,0,0,0,0,0,0,216.59025507109365,29.850765213280983,1
6667,0,1.0,0,1,0,0,1,0,0,0,0,0,0,1,0,217.19226894803873,30.692036351079178,1
6668,0,0.05214343274633926,0,0,1,0,0,0,1,0,0,0,0,0,0,249.8481202259422,35.58621192574001,1
6669,0,0.7414427363597541,0,0,1,0,0,0,1,0,0,0,0,0,0,218.90813019216964,33.00189538817134,1
6670,1,1.0,0,0,1,1,0,0,0,0,0,0,0,1,0,228.11999451650118,27.679079969300115,1
6671,0,0.597739586316458,0,0,1,0,0,0,1,0,0,0,0,0,0,211.4703056219572,41.271076027049354,1
6672,1,1.0,0,0,0,0,0,0,1,0,0,0,0,1,0,92.83844365585018,24.133408414674392,1
6673,1,0.5034845777693951,0,0,1,1,0,0,1,0,0,0,0,1,0,72.18165406714321,21.154529951100216,1
6674,1,0.12331849107529225,0,0,1,0,0,0,1,0,0,0,0,0,0,59.700919146512874,27.53138973391389,1
6675,0,0.0,0,0,1,0,0,0,1,0,0,0,0,0,0,63.50245718056552,29.760873294019515,1
6676,0,0.3507097879920843,0,0,1,0,0,0,1,0,0,0,0,0,0,237.44062610383108,32.52227132157467,1
6677,1,1.0,1,0,1,0,0,0,1,0,0,0,0,0,0,74.69133317747485,22.895556075083853,1
6678,0,0.0,0,0,1,1,0,0,0,0,0,0,0,0,0,110.62235133395097,29.188903209285442,1
6679,0,0.153412882389088,0,0,1,0,0,0,1,0,0,0,0,0,0,221.55709404521568,36.74771362339928,1
6680,1,0.0,0,0,1,0,0,0,0,0,0,0,0,1,0,94.30324978643901,25.89324094990338,1
6681,1,0.3733531610318317,0,0,1,0,0,0,1,0,0,0,0,0,0,210.646413086281,39.738652787277715,1
6682,1,0.15141044393608505,1,0,1,0,0,0,0,1,0,0,0,1,0,168.42596407881112,29.855267936841013,1
6683,1,1.0,0,0,1,0,0,0,0,0,0,0,0,0,0,80.10147921323345,29.619381402020476,1
6684,0,1.0,0,1,1,0,0,0,1,0,0,0,0,0,0,129.1924442032223,24.09313552548934,1
6685,0,0.19038178629703473,0,0,0,0,0,0,1,0,0,0,0,0,0,184.75496770587245,39.657511033441565,1
6686,0,1.0,0,0,1,1,0,0,0,0,0,0,0,0,0,73.37806297579692,30.383195228515504,1
6687,1,0.8941949751434858,0,0,0,1,0,0,0,0,0,0,0,1,0,79.61965390998103,29.816385527342167,1
6688,0,1.0,0,0,1,0,0,0,1,0,0,0,1,0,0,77.04371564256392,22.20384218784878,1
6689,1,1.0,0,0,1,0,0,0,0,0,0,0,0,0,0,73.96174147621666,24.87862807545138,1
6690,0,0.9859341686249178,0,0,0,0,0,0,0,0,0,0,0,0,0,90.03685247820272,32.0,1
6691,0,1.0,0,0,1,0,0,0,0,0,0,0,0,0,0,125.413009863076,29.47000225725319,1
6692,0,1.0,0,0,1,0,0,0,0,0,0,0,1,0,0,167.27163692702953,32.17073759545761,1
6693,1,0.0,0,0,0,1,0,0,0,0,0,0,0,0,0,82.83542137498817,25.330697044242516,1
6694,1,1.0,0,0,0,1,0,0,0,0,0,0,0,0,0,97.48230832843232,26.036501446487275,1
6695,1,1.0,0,0,1,0,0,0,1,0,0,0,0,1,0,237.53610152456164,28.864584461545878,1
6696,0,0.8255015136020448,0,0,0,0,0,0,0,0,0,0,0,0,0,91.72845836530979,31.504699091838773,1
6697,1,1.0,0,0,1,0,0,0,0,0,0,0,0,0,0,68.06818394586892,21.737870335558117,1
6698,0,1.0,0,0,1,0,0,0,1,0,0,0,0,0,0,138.49209902577394,30.86866778465765,1
6699,0,1.0,0,0,1,0,0,0,1,0,0,0,0,1,0,241.97540070211318,30.931597619922137,1
6700,1,0.6507243843338003,0,0,1,0,0,0,1,0,0,0,0,0,0,59.0205655442094,25.52724733953156,1
6701,0,1.0,0,0,0,0,0,0,1,0,0,0,0,0,0,130.05457996801442,22.267053714221223,1
6702,0,0.0,0,0,1,0,0,0,0,0,0,0,0,1,0,64.48670810209761,29.77109429888123,1
6703,0,0.9197925717794363,0,0,1,0,0,0,1,0,0,0,0,0,1,112.18136039266122,27.019274001228027,1
6704,0,0.0948491932531561,0,0,1,0,0,0,1,0,0,0,0,0,0,111.11303387880494,31.554208791710167,1
6705,0,1.0,0,0,0,0,0,0,1,0,0,0,0,0,0,184.7420857263212,32.419054985276745,1
6706,0,1.0,0,0,1,0,0,0,1,0,0,0,0,0,0,184.86967776659486,27.88923571817252,1
6707,0,1.0,0,0,0,0,0,0,1,0,0,0,0,0,0,185.427304441309,30.823048661547396,1
6708,1,1.0,0,0,1,0,0,0,0,0,0,0,1,0,0,75.30251529463129,23.611268937438997,1
6709,1,0.0,1,0,1,0,0,0,0,0,0,0,0,0,0,66.59941355100734,32.46635292852245,1
6710,0,1.0,0,0,1,0,0,0,0,0,0,0,0,0,0,103.86677569242708,24.24954395041584,1
6711,0,0.2798886664850543,1,0,1,0,0,0,1,0,0,0,0,1,0,247.70623794104065,35.18424493373288,1
6712,1,0.9138642284509637,1,0,1,0,0,0,0,0,0,0,0,1,0,174.70658460424895,24.318702354731435,1
6713,1,1.0,0,0,1,0,0,0,1,0,0,0,0,1,0,233.74229401357528,34.43352519350213,1
6714,1,1.0,0,0,1,0,0,0,0,0,0,0,0,0,0,191.2577381834225,31.86973897870887,1
6715,0,0.3374770457129719,0,0,0,0,0,0,0,0,0,1,0,0,0,82.967905070116,25.973710977712052,1
6716,0,1.0,0,0,1,1,0,0,1,0,0,0,0,0,0,207.3047710963218,34.82405941273612,1
6717,0,1.0,0,0,0,0,0,0,0,0,0,0,0,0,0,70.17406927236625,26.759472210542786,1
6718,1,0.0,0,0,0,0,0,0,0,0,0,0,0,0,0,58.99126245783149,29.30535692864699,1
6719,0,0.6195825928270868,0,0,0,0,0,0,1,0,0,0,0,0,0,183.81930994763695,37.983627887974365,1
6720,0,0.3365096548712899,0,0,1,0,0,0,0,0,0,0,0,0,0,196.50939289034474,33.92793358671881,1
6721,0,0.83629131310246,0,0,1,0,0,0,0,0,0,0,0,0,1,113.18787329713675,37.088953494894675,1
6722,0,1.0,0,0,1,0,0,0,0,0,0,0,0,0,0,91.21391661654816,33.54638872182719,1
6723,0,1.0,0,0,1,0,0,0,0,0,0,0,1,0,0,136.80481970977792,30.724097238248408,1
6724,0,0.8515371718979257,0,0,1,0,0,0,1,0,0,0,1,0,0,197.2904896578791,36.39607602032855,1
6725,1,1.0,0,0,0,1,0,0,1,0,0,0,0,0,0,205.47243565170396,45.953016155532204,1
6726,0,1.0,0,0,1,0,0,0,0,0,0,0,0,0,0,58.50790980008704,24.232811894262944,1
6727,0,0.0,0,0,0,0,0,0,1,0,0,0,0,0,0,105.23790824944327,32.95499386302913,1
6728,0,1.0,0,0,0,0,0,0,1,0,0,0,0,1,0,183.69376398569568,32.00788945300639,1
6729,0,0.01857857507797478,0,0,0,0,0,0,1,0,0,0,0,0,0,85.03914472983217,36.72043643258578,1
6730,1,1.0,0,0,1,0,0,0,0,1,0,0,0,0,0,81.63352563039899,17.143441822770008,1
6731,0,1.0,0,0,1,0,0,0,0,0,0,0,0,0,0,135.55766440293777,33.02417505376731,1
6732,0,1.0,0,0,0,1,0,0,0,0,0,0,0,0,1,69.65965721462189,25.221159064064977,1
6733,1,1.0,0,0,1,0,0,0,0,0,0,0,0,0,0,199.42400439582283,27.090009615862453,1
6734,0,0.9283725519807918,0,0,1,0,0,0,1,0,0,0,0,0,0,219.4950898132197,33.50660589034814,1
6735,1,0.0,0,0,1,0,0,0,0,0,0,0,0,0,0,191.3835865136175,40.4,1
6736,0,0.5494118320609646,1,0,1,0,0,0,0,0,0,0,0,0,0,238.3610712099227,47.03199977099272,1
6737,0,0.4091337326048855,0,0,1,0,0,0,0,0,0,0,1,0,0,103.20088510974126,27.25908662673951,1
6738,1,0.6527281237772241,0,0,0,0,0,0,0,0,0,0,0,0,0,58.83729209205034,32.401274684687614,1
6739,0,0.7443337766681856,0,0,1,1,0,0,1,0,0,0,1,0,0,107.8393647603268,32.744333776668185,1
6740,0,0.36456642751986446,1,0,1,0,0,0,0,0,0,0,0,0,0,236.65494812600835,47.66047414643246,1
6741,1,0.15631947033502236,0,0,1,0,0,0,1,0,0,0,0,1,0,78.53171880825381,30.628048582631475,1
6742,0,0.19494276897015983,1,0,0,1,0,0,0,0,0,0,0,0,0,79.08960020900405,28.08988553794032,1
6743,1,0.826867847173362,0,0,1,1,0,0,1,0,0,0,0,0,0,221.80731321528265,31.263864715634455,1
6744,1,1.0,0,0,1,0,0,0,0,0,0,1,0,0,0,78.7481079034807,19.487468915419452,1
6745,1,1.0,0,0,0,0,0,0,0,0,0,0,0,0,0,82.55897810339542,26.957312506716452,1
6746,0,0.0,0,0,1,1,0,0,1,0,0,0,0,0,0,86.27995251563844,31.2131325226479,1
6747,0,0.792488504615121,0,0,1,0,0,0,0,0,0,0,0,0,0,195.46520132443138,33.15276954215429,1
6748,0,1.0,0,0,1,0,0,0,1,0,0,0,0,1,0,227.87872412356552,28.434849432558703,1
6749,0,0.8677231528050924,0,0,1,0,0,0,0,0,0,0,0,0,0,111.63936286711856,27.45873221663389,1
6750,1,1.0,0,0,1,0,0,0,0,1,0,0,0,0,0,75.74367959321334,25.350655720964244,1
6751,1,0.9665907702233167,0,0,0,1,0,0,0,0,0,0,0,0,0,82.1060136613598,26.996431387692283,1
6752,0,1.0,0,0,1,0,0,0,0,0,0,0,0,0,0,203.07718305055946,27.959905269766047,1
6753,0,1.0,0,0,1,1,0,0,0,0,0,0,0,0,0,261.80647225132043,37.52915777932335,1
6754,1,0.38943468007767323,1,0,1,0,0,0,0,0,0,0,0,0,0,72.9813883131604,29.754791447891257,1
6755,0,0.04829759360946284,0,0,1,0,0,0,0,0,0,0,0,0,0,87.79059395986036,31.02272385022486,1
6756,0,1.0,0,0,1,0,0,0,0,0,0,0,0,0,0,113.18160244366797,27.23605583013203,1
6757,0,1.0,0,0,1,0,0,0,1,0,0,0,0,0,1,270.1426687159901,31.179141104079765,1
6758,0,1.0,0,0,1,0,0,0,0,0,0,0,0,0,0,258.8094422104219,31.557500818018266,1
6759,0,0.6498134756680389,0,0,1,0,0,0,0,1,0,0,0,0,0,163.98548298322942,32.004682908635665,1
6760,0,1.0,0,1,1,1,0,0,1,0,0,0,0,0,0,226.7177383771405,29.974841081906327,1
6761,0,0.7245579091588182,0,0,1,0,0,0,0,0,0,0,1,0,0,89.89619626936798,35.15862514489769,1
6762,1,1.0,0,0,1,0,0,0,0,0,0,0,1,0,0,205.4808351655859,43.38374673625315,1
6763,0,0.7829236142575724,0,0,1,0,0,0,0,0,0,0,0,0,0,98.6418678571965,35.957594411721246,1
6764,1,1.0,0,0,1,1,0,0,0,0,0,0,0,0,0,96.89338233678778,21.5,1
6765,0,1.0,0,1,1,0,0,0,1,0,0,0,0,0,0,128.67463246309833,25.07486038594737,1
6766,0,0.0,0,0,1,0,0,0,0,0,0,0,0,0,1,97.14545156866866,29.211045296625734,1
6767,1,1.0,0,0,0,1,0,0,1,0,0,0,0,0,0,96.45290647425416,21.997072330380117,1
6768,0,0.0,0,0,1,0,0,0,0,0,0,0,0,0,0,87.16315261474948,31.36587640719375,1
6769,1,0.37619046876962214,0,0,1,0,0,0,1,0,0,0,0,0,0,60.32314286871939,30.80285712504709,1
6770,1,1.0,0,0,1,0,0,0,0,0,0,0,0,0,0,122.78186030893238,33.38363878249731,1
6771,1,0.5259465769014594,0,0,0,1,0,0,0,1,0,0,0,1,0,70.20267829414105,37.131837396168976,1
6772,0,1.0,0,0,1,1,0,0,0,1,0,0,0,0,0,198.9585654391503,28.057360166649655,1
6773,0,1.0,1,0,1,0,0,0,0,0,0,0,0,0,0,210.5193279152574,22.551494027496677,1
6774,0,1.0,0,0,1,1,0,0,0,0,0,0,0,0,0,217.2611218957551,27.323319807408488,1
6775,1,1.0,0,0,1,0,0,0,1,0,0,0,0,0,0,230.08546751679924,33.01949116212449,1
6776,1,1.0,0,0,0,0,0,0,0,0,0,0,0,0,0,83.70128387550955,26.904159169455482,1
6777,0,1.0,0,1,1,0,0,0,1,0,0,0,0,0,0,230.76350954993012,36.816743158529285,1
6778,0,1.0,0,0,1,1,0,0,0,0,0,0,0,0,0,213.4011162944962,26.219856371357782,1
6779,0,0.2764654266689114,0,0,1,1,0,0,1,0,0,0,0,1,0,71.65958002840357,27.891776061328397,1
6780,0,0.5771866762233089,1,0,1,1,0,0,1,0,0,0,0,0,0,112.20617493409786,39.556347951261124,1
6781,0,1.0,0,0,1,0,0,0,1,0,0,0,1,0,0,75.81532769958972,21.869331896600837,1
6782,1,1.0,0,0,1,0,0,0,1,0,0,0,0,0,0,59.349121016706896,32.32636949879307,1
6783,0,1.0,0,0,0,1,0,0,1,0,0,0,0,0,0,207.38210184566483,30.81456911033149,1
6784,0,0.5095088732242019,0,0,1,0,0,0,0,0,0,0,0,0,0,251.04742525769453,33.09960297191173,1
6785,0,0.5457496797794357,1,0,1,0,0,0,1,0,0,0,0,1,0,246.18285433486383,34.59935070448524,1
6786,0,0.0,0,0,1,0,0,0,0,0,0,0,0,0,0,114.2698178634969,39.98403321218428,1
6787,0,1.0,0,0,1,0,0,0,0,0,0,0,0,0,0,104.40563562080678,20.682927319250826,1
6788,0,0.19333923361205219,0,1,0,0,0,0,0,0,0,0,0,0,0,216.64960212410034,30.980666076638794,1
6789,0,1.0,0,0,1,0,0,0,1,0,0,0,0,0,0,137.6743401795837,31.43894698002716,1
6790,0,0.591300437729066,0,0,1,0,0,0,0,0,0,0,0,0,1,76.11817399124541,28.36261886190443,1
6791,0,1.0,0,0,1,0,0,0,1,0,0,0,0,0,0,79.14996537275519,23.63334157791543,1
6792,0,0.05270978985343899,0,0,1,0,0,0,0,0,0,0,0,0,0,211.72526311428638,44.09458042029313,1
6793,0,1.0,0,0,1,0,0,0,1,0,0,1,0,0,0,210.9563172064586,39.04454963910093,1
6794,0,0.7171814470467577,0,0,1,0,0,0,0,1,0,0,0,0,0,122.40480682698522,32.55955606710829,1
6795,1,1.0,0,0,0,0,0,0,0,0,0,0,0,0,0,83.46647549022775,27.192858003818333,1
6796,0,1.0,0,0,1,0,0,0,0,0,0,0,1,0,0,131.55705379066578,23.091294015783735,1
6797,1,1.0,0,0,1,0,0,0,1,0,0,0,0,0,0,100.23603893690664,27.88393811045053,1
6798,1,1.0,0,0,0,1,0,0,0,0,0,0,0,0,0,97.46355659495323,22.095800585303937,1
6799,0,0.16823657910849188,0,0,1,0,0,0,1,0,0,0,0,0,0,211.90839868930934,43.37564076236839,1
6800,1,0.81006525633898,0,0,1,1,0,0,1,0,0,0,0,0,0,59.014447300166786,25.282628038867813,1
6801,1,0.0,0,0,0,1,0,0,0,0,0,0,0,0,0,82.72228368449434,25.059637994101035,1
6802,1,1.0,0,0,1,0,0,0,1,0,0,0,0,0,0,207.28442047057217,44.081924923849996,1
6803,1,1.0,0,0,1,0,0,0,1,0,0,0,0,0,0,183.09339545908898,27.64847778873989,1
6804,1,1.0,0,0,0,0,0,0,0,0,0,0,0,0,0,83.24281007364493,27.467856466829996,1
6805,0,1.0,1,0,1,0,0,0,1,0,0,0,1,0,0,244.26165099135946,43.75485872609272,1
6806,0,0.8245170697999292,0,0,1,0,0,0,1,0,0,0,0,0,0,220.10079795853414,34.33173854872025,1
6807,1,0.41770856697297587,0,0,1,0,0,0,1,0,0,0,0,0,0,97.14555239407406,26.608854283486487,1
6808,0,0.07308509102615024,0,0,1,1,0,0,0,0,0,0,0,0,0,181.31588928061808,27.795010618333993,1
6809,0,0.2736663849214577,0,0,0,0,0,0,0,1,0,0,0,1,0,92.21647078606914,25.955766300397897,1
6810,0,0.9800054631968169,0,0,1,1,0,0,1,0,0,0,0,0,0,228.55403714973835,36.61399617576223,1
6811,1,0.5962585752327021,1,0,1,0,0,0,0,0,0,0,0,0,0,179.85077197882882,27.938503430093082,1
6812,0,0.29026291519897973,0,0,1,0,0,0,0,0,0,0,0,0,0,97.65502047986959,30.43520940991531,1
6813,0,0.007357829625414536,0,0,1,0,0,0,1,0,0,0,0,0,0,93.72066220466628,30.187491689636794,1
6814,1,0.48179426781747914,0,0,1,1,0,0,1,0,0,0,0,1,0,72.26472795425906,21.126332548162722,1
6815,0,0.03752865753180312,0,0,1,1,0,0,1,0,0,0,0,0,0,221.96280559561168,37.097345249328264,1
6816,0,1.0,0,0,1,0,0,0,0,0,0,0,0,1,0,192.33169490953293,32.00307770307197,1
6817,1,1.0,0,0,1,0,0,0,1,0,0,0,0,0,0,74.79224835550507,22.342612470655062,1
6818,0,1.0,0,0,1,0,0,0,0,1,0,0,0,0,0,133.24084519989435,23.915808694995924,1
6819,0,1.0,0,0,1,1,0,0,0,0,0,0,0,0,0,214.46969672294213,26.927005184299937,1
6820,0,1.0,0,0,1,0,0,0,1,0,0,0,0,0,0,190.81356106372075,36.958204805252215,1
6821,0,1.0,0,1,1,0,0,0,1,0,0,0,0,0,0,129.83209598352843,22.880412819332683,1
6822,0,1.0,0,1,1,0,0,0,1,0,0,0,0,0,0,128.16798955192888,26.035410143183146,1
6823,0,0.06489927953840946,0,0,1,0,0,0,0,0,0,0,0,0,0,110.60372007060454,28.422120864553907,1
6824,0,0.5342744223325024,0,0,1,0,0,0,0,0,0,0,0,1,0,71.99469791238212,28.713709768933,1
6825,1,0.2402450184643039,0,0,1,1,0,0,0,0,0,0,0,1,0,230.476730833783,48.56365697414997,1
6826,0,1.0,0,0,0,0,0,0,1,0,0,0,0,0,0,130.24309042001124,21.425489196378297,1
6827,0,0.0,0,0,1,0,0,0,0,0,0,0,0,0,0,86.9678542266503,30.501012129207,1
6828,0,1.0,0,0,1,0,0,0,0,0,0,0,0,0,0,187.9273848604314,30.00285247324462,1
6829,1,1.0,0,0,0,1,0,0,0,0,0,0,0,0,0,97.91653655779872,22.0145836077206,1
6830,1,0.16427044945592806,0,0,1,0,0,0,1,0,0,0,0,0,0,62.01940644825735,30.77638430342219,1
6831,0,0.49628056541004373,0,0,0,0,0,0,0,0,0,0,0,0,0,92.08401698935715,31.702231660753974,1
6832,1,0.16979711565423794,1,0,1,0,0,0,0,1,0,0,0,1,0,168.54933864603993,29.728399901985757,1
6833,0,0.3359877719323977,0,0,1,1,0,0,0,0,0,0,0,0,0,182.70401543580306,28.136784103512117,1
6834,0,0.6616321340747842,0,0,0,1,1,0,0,0,0,0,0,1,0,83.28033133363606,28.575225372072868,1
6835,0,1.0,0,0,1,0,0,0,0,0,0,0,0,0,0,104.4474330579656,20.506326327171656,1
6836,0,1.0,0,1,1,1,0,0,0,0,0,0,0,0,0,251.05066014461397,28.310701829001964,1
6837,0,1.0,0,0,1,0,0,0,1,0,0,0,0,0,0,98.41811050838801,25.87215291919933,1
6838,0,0.039417585120362975,0,0,0,0,0,0,0,0,0,1,0,0,0,83.35836296349233,25.467009894704617,1
6839,1,0.7413087083507622,0,0,1,0,0,0,1,0,0,0,0,0,0,60.15557287202704,32.449795254217214,1
6840,1,0.0,0,0,1,0,0,0,0,0,0,0,0,0,0,186.31639176202813,40.4,1
6841,0,0.9678645659513553,0,0,1,0,1,0,0,0,0,0,0,0,0,103.67196614148784,25.073911498311883,1
6842,0,0.8898363940883107,0,0,1,0,0,0,1,0,0,0,0,1,0,232.85599011782898,43.96432320394599,1
6843,1,0.0,0,0,0,0,0,0,0,0,0,0,0,0,0,59.08903210263838,29.158449172201397,1
6844,1,0.5300523392123808,0,0,1,0,0,0,1,0,0,0,0,0,0,97.29496961115247,26.66502616960619,1
6845,0,1.0,0,0,1,1,0,0,0,1,0,0,0,0,0,195.01004555690906,32.83619336664136,1
6846,1,0.7533435531552222,0,0,1,0,0,0,0,0,0,0,0,0,0,206.59561505656612,41.65735581694149,1
6847,1,0.45961475173292643,0,1,1,1,0,0,0,0,0,0,0,0,0,216.28584655889094,29.57519426962793,1
6848,1,0.3714960999164322,0,0,1,0,0,0,0,0,0,0,1,0,0,102.51983455520475,27.634346489924788,1
6849,1,1.0,0,0,1,0,0,0,0,0,0,0,0,0,0,79.70832048830901,29.522900733327365,1
6850,1,0.7426359896816905,0,0,0,0,0,0,0,0,0,0,1,0,0,83.57961298194296,25.856589974204226,1
6851,0,0.27976693088704085,0,0,0,0,0,0,1,0,0,0,0,0,0,104.96071609511934,31.648209762201663,1
6852,1,0.43504739234752676,0,0,1,1,0,0,1,0,0,0,0,1,0,72.44376848730897,21.065561610051784,1
6853,0,1.0,0,0,1,1,0,0,0,1,0,0,0,0,0,195.0111541384138,32.403359904741436,1
6854,1,0.586334476416793,0,0,0,1,0,0,0,1,0,0,0,1,0,70.45328807712968,37.089565866508245,1
6855,0,1.0,1,0,1,0,0,0,1,0,0,0,0,1,0,242.70806130701158,31.95106149750037,1
6856,0,1.0,0,0,1,0,0,0,1,0,0,0,1,0,0,138.15847761039868,31.14812153617228,1
6857,1,1.0,0,0,0,0,0,0,0,1,0,0,0,0,0,79.78073630980046,29.69625709486887,1
6858,1,0.0,0,0,0,0,0,0,0,0,0,0,0,0,0,58.04553741984196,36.893503654301625,1
6859,0,1.0,0,0,1,0,0,0,0,1,0,0,0,0,0,78.3117744868095,28.403259261486838,1
6860,1,1.0,0,0,1,0,0,0,0,0,0,0,0,0,0,79.84472549925036,18.71026788281021,1
6861,0,0.5593968859408253,0,0,1,0,1,0,0,0,0,0,0,0,0,103.56984922148521,26.0133871623361,1
6862,0,0.8569501298693881,0,0,1,0,0,0,0,0,0,0,1,0,0,200.1165049298677,29.786774285718366,1
6863,0,1.0,0,0,0,1,0,0,0,0,0,0,0,0,0,98.3826308098499,24.557889948122007,1
6864,1,1.0,0,0,1,0,0,0,0,0,0,0,0,0,0,198.93196591627247,26.082741241929362,1
6865,1,1.0,0,0,1,0,0,0,0,0,0,0,0,0,0,79.44902488016213,19.050520007503906,1
6866,0,1.0,0,0,1,1,0,0,0,0,0,0,1,0,0,199.9349791616189,28.126638882158563,1
6867,0,0.05976227417838442,0,0,1,0,0,0,0,0,0,0,0,0,0,197.1431443921315,34.39840413389675,1
6868,1,0.11140071956284758,0,0,0,0,0,0,0,0,0,0,0,0,0,58.084847000192354,31.15622165499455,1
6869,0,0.6709262205392721,0,0,1,1,0,0,1,0,0,0,0,0,0,173.95396045538945,32.45431396043611,1
6870,0,0.3145876334140665,0,0,1,0,0,0,0,0,0,0,1,0,0,103.25383092528813,27.268541236658592,1
6871,0,0.5120885766986639,0,0,1,0,0,0,1,0,0,0,0,0,0,235.99144458124601,33.03868344543572,1
6872,0,0.05930981227676824,0,0,1,1,0,0,0,1,0,0,0,0,0,97.85311640527453,29.843170230334753,1
6873,1,0.9522186353185946,0,0,1,0,0,0,1,0,0,0,0,0,0,58.631637960439015,24.38156918578934,1
6874,1,0.6477690249292547,0,0,1,0,0,0,0,0,0,0,0,1,0,183.17775851650453,27.57044619501415,1
6875,0,1.0,0,0,1,1,0,0,0,0,0,0,0,0,0,213.93796630800435,27.052575909466686,1
6876,0,1.0,0,0,1,0,0,0,1,0,0,0,0,0,0,185.1168586041582,28.0940817161532,1
6877,1,1.0,0,0,1,0,0,0,0,0,0,0,0,0,0,79.43535265845479,19.06227637648792,1
6878,0,1.0,0,0,1,0,0,0,0,0,0,0,0,0,0,104.13441259674819,22.296532652257635,1
6879,0,1.0,0,0,1,0,0,0,0,0,0,0,0,0,0,197.66935656907808,27.25543925253584,1
6880,0,1.0,0,0,1,0,0,0,0,0,0,0,0,0,0,253.30447404786509,30.601500558239955,1
6881,1,1.0,0,0,1,0,0,0,0,0,0,0,0,1,0,128.27083037193844,27.866645936979832,1
6882,1,1.0,1,0,0,0,0,0,0,0,0,0,0,1,0,80.11327395567616,29.7,1
6883,0,1.0,0,0,0,1,0,0,0,0,0,0,0,0,0,98.54383640036242,25.561622870181186,1
6884,1,0.4652775312759233,0,0,0,0,0,0,0,0,0,0,1,0,0,83.09423567973286,25.163193828189808,1
6885,0,0.9417621691797248,0,0,1,1,0,0,0,0,0,0,0,0,0,115.77503290402286,27.18153296314839,1
6886,1,1.0,0,1,1,1,0,0,0,0,0,0,0,0,0,215.45479250464228,27.978682296544495,1
6887,0,1.0,0,0,1,1,0,0,0,0,0,0,1,0,0,200.26294713983552,28.563929519780686,1
6888,0,0.0,0,0,0,0,0,0,1,0,0,0,0,0,0,92.79259288656074,31.717575276536984,1
6889,0,0.947565126324043,0,0,1,0,0,0,1,0,0,0,0,0,1,112.05277346511969,27.11647794213415,1
6890,1,1.0,1,0,1,0,0,0,0,0,0,0,0,0,0,74.16222217233116,24.557012905853767,1
6891,0,1.0,0,0,1,1,0,0,0,0,0,0,0,0,0,215.26241506586936,27.824397919401118,1
6892,0,0.40919546648208416,0,1,1,0,0,0,1,0,0,0,0,0,1,244.80471330476547,30.04965496060912,1
6893,1,1.0,0,0,1,0,0,0,0,0,0,0,0,1,0,130.26237052729144,28.205014409976698,1
6894,0,0.941278928906798,0,0,1,1,0,0,0,0,0,0,0,0,0,77.88459317820252,27.51174421421864,1
6895,1,0.8816353491754106,0,0,1,1,0,0,1,0,0,0,0,0,0,221.80183646508246,30.8640619510195,1
6896,1,0.4848077738617863,0,0,1,0,0,0,0,0,0,0,0,0,0,191.0055229399122,38.50924968193903,1
6897,0,0.7746526197930176,0,0,0,1,0,0,0,0,0,0,0,1,0,89.7415587133881,27.238021070310474,1
6898,0,1.0,0,0,0,1,0,0,0,0,0,0,0,0,1,69.30500378572518,24.900568393875865,1
6899,1,0.5527038900455401,0,0,0,0,0,0,1,0,0,0,0,0,0,83.67663607313598,26.410540778009107,1
6900,1,0.8852580416618081,1,0,1,0,0,0,0,1,0,0,0,1,0,173.35008145955072,24.791719512533525,1
6901,0,1.0,0,0,1,0,0,0,0,0,0,0,0,0,0,78.41745164604382,19.627047784429074,1
6902,0,0.0,0,0,1,1,0,0,0,0,0,0,0,0,0,78.57185487511663,29.15844579343038,1
6903,0,1.0,0,0,1,0,0,0,1,0,0,0,0,0,0,142.85665225815956,27.824966188388736,1
6904,1,1.0,0,0,1,0,0,0,1,0,0,0,0,0,0,100.91562707847098,28.17265202680139,1
6905,0,0.2771607960997877,0,1,0,0,0,0,0,0,0,0,0,0,0,216.67977788659593,30.97228392039002,1
6906,0,0.967513403309835,0,0,1,0,0,0,0,0,0,0,0,0,0,109.52100395680355,30.838983916028198,1
6907,0,1.0,0,1,1,0,0,0,0,0,0,0,0,0,0,118.93419369096227,35.869136734539325,1
6908,1,1.0,0,0,0,1,1,0,0,0,0,0,0,0,0,82.4828275938304,27.585274414714583,1
6909,0,1.0,0,1,1,0,0,0,0,0,0,0,0,0,0,120.34243138347831,36.72827378832895,1
6910,0,1.0,0,0,1,1,0,0,0,0,0,0,1,0,0,200.20315985451074,28.48421313934764,1
6911,0,1.0,0,0,1,0,0,0,1,0,0,0,0,0,0,234.4857003241215,42.59716445277117,1
6912,0,0.5516879678064617,0,0,0,0,0,0,0,0,0,0,0,0,0,92.02417699476902,31.668987219316122,1
6913,0,0.8410961706161014,0,0,1,0,0,0,1,0,0,0,0,0,0,243.10487755014216,33.25041157535542,1
6914,0,0.0,0,0,1,1,0,0,1,0,0,0,1,0,0,112.14456149297905,42.487712208697616,1
6915,0,0.4303431736890725,0,0,1,0,0,0,1,0,0,0,0,0,0,103.7780903330709,31.87337749105798,1
6916,1,1.0,0,0,1,0,0,0,0,1,0,0,0,0,0,75.89798773535449,25.104657233492834,1
6917,0,0.09334670304800108,0,0,0,1,0,0,1,0,0,0,0,0,0,87.15283048294944,40.7919558799416,1
6918,0,0.19124212907612137,0,0,1,0,0,0,0,0,0,0,0,0,0,210.7929404713177,43.81751574184776,1
6919,0,1.0,0,0,1,1,0,0,1,0,0,0,0,0,0,222.85318944418364,29.55411638170085,1
6920,0,0.5942855758190523,0,0,1,0,0,0,0,0,0,0,0,0,0,251.33651381354298,32.65028644815902,1
6921,1,0.9589176350444447,0,0,0,1,0,0,0,1,0,0,0,1,0,71.99950818543445,36.828757655468884,1
6922,0,0.0,0,0,1,0,0,0,0,0,0,0,0,0,0,87.28739267162477,30.717982678263734,1
6923,1,0.2652285225026746,0,0,0,0,0,0,0,0,0,0,1,0,0,82.74414991437968,24.663071306256686,1
6924,0,1.0,0,0,1,0,0,0,0,0,0,0,0,0,0,257.46088987374947,31.323309384732184,1
6925,0,1.0,0,1,1,0,0,0,0,0,0,0,0,0,1,112.66094210897242,37.36927429861515,1
6926,0,1.0,0,0,1,1,0,0,0,1,0,0,0,0,0,198.6043024661845,28.080414156213592,1
6927,1,0.18853406084831825,0,0,1,0,0,0,0,0,0,0,0,0,0,61.10419008267377,29.032743320097737,1
6928,1,0.9446401830615905,0,0,1,1,0,0,0,0,0,0,0,0,1,97.44826873958968,26.57715141420291,1
6929,0,1.0,0,0,1,1,0,0,0,0,0,0,0,0,0,257.615917293578,34.28740771767353,1
6930,0,1.0,0,0,1,0,0,0,0,0,0,0,0,0,0,137.12362484072528,31.8340451210488,1
6931,0,1.0,0,0,0,1,0,0,0,0,0,0,0,0,0,133.0151874264962,23.36911546895724,1
6932,1,1.0,0,0,0,0,0,0,0,0,0,0,0,0,0,204.21580010477507,44.882229481950866,1
6933,1,1.0,0,0,1,0,0,0,0,0,0,0,0,0,0,199.62108794317095,27.52112987568643,1
6934,1,1.0,0,0,1,0,1,0,0,0,0,0,0,0,0,117.23856514784757,32.10379062473942,1
6935,0,0.35248020442983685,0,0,1,0,0,0,1,0,0,0,0,1,0,71.75224510868905,28.464751979557015,1
6936,0,0.03105560282570885,0,0,1,0,0,0,0,0,0,0,0,0,0,93.65229878583996,30.23726672339085,1
6937,0,1.0,0,0,0,1,0,0,1,0,0,0,0,0,0,111.46785083261209,24.07139579478648,1
6938,0,0.9246586095822468,0,0,0,1,0,0,1,0,0,0,0,0,0,89.04822162984752,38.04862658837858,1
6939,0,1.0,0,0,1,1,0,0,0,0,0,0,0,0,0,74.70315386984159,32.65203070237021,1
6940,0,0.11706441298186265,0,0,1,1,0,0,1,0,0,0,1,0,0,110.536623024178,32.11706441298186,1
6941,0,1.0,0,0,1,0,0,0,1,0,0,0,0,0,0,77.70121764534409,20.354915645723175,1
6942,0,0.1268728280630933,0,0,0,0,0,0,1,0,0,0,0,0,0,104.99448519774688,31.976123696837856,1
6943,0,1.0,0,0,1,0,0,0,0,1,0,0,0,0,1,76.80683615060835,27.38150130416472,1
6944,0,1.0,0,0,1,0,0,0,1,0,0,0,0,0,1,265.89700903701,31.3894958363166,1
6945,0,1.0,0,0,1,1,0,0,1,0,0,0,1,0,0,144.27431609996944,28.994180954798676,1
6946,0,0.9899530189451684,1,0,1,0,0,0,1,0,0,0,0,0,0,242.58821900136232,45.40254428376814,1
6947,0,1.0,0,0,1,0,0,0,0,0,0,0,1,0,0,132.5645620217863,23.40515950834464,1
6948,0,1.0,0,0,1,1,0,0,0,0,0,0,0,0,0,213.55081025782687,24.130643455297047,1
6949,0,1.0,0,0,1,0,0,0,1,0,0,1,0,0,0,208.436610170014,32.836575781193886,1
6950,1,1.0,0,0,0,0,0,0,1,0,0,0,0,1,0,129.29327061884572,23.015428706699204,1
6951,1,1.0,0,0,0,1,0,0,0,0,0,0,0,1,0,67.7203957613946,41.520149386360195,1
6952,1,1.0,0,0,0,1,0,0,0,0,0,0,0,0,0,69.05642880512848,26.08587843560265,1
6953,0,1.0,0,0,1,0,0,0,1,0,0,0,0,0,0,208.43867253494986,31.78682696311501,1
6954,1,1.0,0,0,1,0,0,0,0,0,0,0,0,0,0,67.11961209444395,23.733114164714834,1
6955,1,1.0,0,0,0,0,0,0,0,0,0,0,0,0,0,83.31119600259227,27.38377540664886,1
6956,1,0.21769979885723245,0,0,1,0,0,0,0,0,0,0,0,0,0,209.30061601577097,40.47893955748591,1
6957,0,0.9660214591302085,0,0,0,0,0,0,0,0,0,0,0,0,0,91.07436566539167,32.869419313217186,1
6958,0,1.0,0,0,1,1,0,0,1,0,0,0,0,0,0,222.50881045287284,46.07608524102478,1
6959,0,1.0,0,1,1,1,0,0,1,0,0,0,0,0,0,225.00128587138423,31.119142752410518,1
6960,0,1.0,0,0,1,0,0,0,0,0,0,0,0,0,0,219.69718450528057,28.55348985000398,1
6961,0,0.7782205080664536,0,0,0,0,0,0,0,0,0,0,0,0,0,100.55644059039251,33.300796914519616,1
6962,0,1.0,0,0,1,0,0,0,0,0,0,0,0,0,0,200.2848548823484,28.473130732112374,1
6963,0,1.0,0,0,1,0,0,0,1,0,0,0,0,0,0,106.57503630952311,32.89941238385556,1
6964,0,1.0,0,0,1,1,0,0,1,0,0,0,0,0,0,70.13988904557431,21.992152166069516,1
6965,1,1.0,1,0,1,0,0,0,0,0,0,0,0,1,0,74.48248120173682,23.528468903564665,1
6966,0,0.009969234734518495,0,0,1,0,0,0,0,0,0,0,0,0,0,103.43687877196682,27.26211690800883,1
6967,0,0.08476615442633317,0,0,1,1,0,0,1,0,0,0,0,0,0,107.68213544904314,38.498280614688404,1
6968,0,1.0,0,0,1,0,0,0,0,0,0,0,1,0,0,136.50934232390384,30.1417695434601,1
6969,1,1.0,0,0,0,1,0,0,0,1,0,0,0,1,0,73.17551728261773,36.18297803112094,1
6970,1,1.0,0,0,1,0,0,0,0,0,0,0,0,0,0,73.58073336620565,24.084861179595105,1
6971,1,1.0,0,0,1,0,0,0,0,0,0,0,0,1,0,189.45873138059164,30.83261020005192,1
6972,0,0.6831755632398181,0,0,1,0,0,0,1,0,0,0,0,0,0,106.34454474525864,34.43262906423711,1
6973,0,1.0,0,0,1,0,0,0,1,0,0,0,0,0,0,72.94796344282084,31.148234713828078,1
6974,0,0.2171513820133425,0,0,1,0,0,0,0,0,0,0,0,0,0,116.36616853011546,24.516599560644032,1
6975,0,0.0,0,0,0,1,0,0,0,0,0,0,0,0,0,85.91638694600634,29.95365324325217,1
6976,0,0.7990821457719545,0,0,0,0,0,0,1,0,0,1,0,0,0,93.57090775346863,29.203212489798158,1
6977,0,1.0,1,0,1,0,0,0,1,0,0,0,0,1,0,241.864591833225,30.355961633032972,1
6978,0,1.0,0,0,1,0,0,0,1,0,0,0,0,0,0,185.78844767204444,28.650647242025777,1
6979,1,1.0,0,0,1,0,0,0,0,0,0,0,0,0,0,206.23316583881737,41.75145692949731,1
6980,1,0.0,0,0,1,0,0,0,0,0,0,0,0,1,0,93.9649422568381,25.81826975220789,1
6981,0,1.0,0,0,1,0,0,0,1,0,0,0,0,1,0,72.7315391060489,28.359598466216585,1
6982,0,1.0,0,0,0,0,0,0,0,0,0,0,0,1,0,90.63528082958197,26.47962998605898,1
6983,0,1.0,0,0,1,1,0,0,0,0,0,0,0,0,0,68.55323006250845,25.74867083389589,1
6984,0,0.0,0,0,1,0,0,0,1,0,0,0,0,0,0,72.76487562623225,29.918763330213295,1
6985,1,1.0,0,0,1,0,0,0,0,0,0,0,0,0,0,194.59178934747902,33.53985737257761,1
6986,0,0.18690729645011817,0,0,0,0,0,0,0,0,0,0,0,0,0,92.41814011983388,31.88785562212993,1
6987,0,1.0,0,0,1,0,0,0,1,0,0,0,0,1,0,239.3706358325031,26.599948723674796,1
6988,0,1.0,0,0,0,1,0,0,0,0,0,0,0,0,0,200.5968217767841,29.002878386828744,1
6989,0,1.0,1,0,1,0,0,0,0,1,0,0,0,0,0,76.05813202807964,27.242920413676156,1
6990,0,0.16475593984113435,0,0,1,0,0,0,0,0,0,0,0,1,0,233.39709136089672,47.829086391032625,1
6991,0,0.3653668415506528,0,0,0,0,0,0,1,0,0,0,0,0,0,93.62435411963847,41.79818889823089,1
6992,1,0.15838454024218473,0,0,1,1,0,0,1,0,0,0,0,1,0,73.50338721087243,20.70589990231484,1
6993,0,0.554620491211145,0,0,1,0,0,0,0,0,0,0,1,0,0,199.1157938259089,31.449587298338702,1
6994,1,1.0,1,0,1,0,0,0,0,0,0,0,0,0,0,174.6118438525682,24.403311959105924,1
6995,1,0.9261929864146267,0,0,1,0,0,0,1,0,0,0,0,0,0,111.26258120594223,24.07785789592439,1
6996,1,1.0,0,0,0,1,0,0,1,0,0,0,0,0,0,207.2622585465025,34.86451709300497,1
6997,0,1.0,1,0,1,0,0,0,0,0,0,0,0,0,0,69.97461937073103,27.309505388808653,1
6998,1,0.7496412704291445,1,0,0,1,0,0,1,0,0,0,0,0,0,65.15875162109343,34.12317047918864,1
6999,1,0.33068458363649833,0,0,1,0,0,0,1,0,0,0,0,1,0,78.92404031318213,30.436246957999852,1
7000,1,1.0,0,0,1,0,0,0,0,0,0,0,0,1,0,190.1601110046279,35.93018820220868,1
7001,0,0.45994195129396276,0,0,1,0,0,0,1,0,0,0,0,1,0,70.70026559503782,27.99406385357664,1
7002,0,1.0,0,0,1,0,0,0,0,0,0,0,0,0,0,133.46763886416977,31.55626020462618,1
7003,1,1.0,0,0,0,1,0,0,0,1,0,0,0,1,0,71.17185481893854,34.852399646709344,1
7004,0,0.0,0,0,1,1,0,0,1,0,0,0,1,0,0,111.20433748602025,41.739370652138575,1
7005,0,1.0,0,0,1,1,0,0,0,0,0,0,0,0,0,218.56879738919295,26.9045500436689,1
7006,1,1.0,0,0,1,1,0,0,1,0,0,0,0,0,0,106.33172962196981,32.46280213417081,1
7007,0,1.0,0,0,0,0,0,0,0,0,0,0,0,1,0,91.60520222157756,25.563969930678525,1
7008,0,1.0,0,0,1,0,0,0,0,0,0,0,0,0,0,186.5639372141812,29.206678665215296,1
7009,1,1.0,0,0,1,1,0,0,1,0,0,0,0,0,0,105.89011228217629,31.881726687074064,1
7010,0,1.0,0,1,0,0,0,0,1,0,0,0,0,0,0,206.80673317771536,31.74582483722998,1
7011,0,1.0,0,0,1,0,0,0,0,0,0,0,0,0,0,78.6032275556161,20.04996417869785,1
7012,1,0.557933786881925,0,0,1,0,0,0,0,0,0,0,0,0,0,76.37549086622803,32.243321904904086,1
7013,0,1.0,0,0,1,0,0,0,0,0,0,0,0,0,0,103.40937523180989,25.73503023459044,1
7014,0,0.5218308753051893,0,0,1,0,0,0,1,0,0,0,0,0,1,97.2100422026404,27.691056636675988,1
7015,0,1.0,0,0,1,0,0,0,1,0,0,1,0,0,0,207.87736742213738,33.49442959497088,1
7016,0,1.0,0,0,1,1,0,0,1,0,0,0,0,0,0,151.10681767791885,27.490654863532068,1
7017,1,0.7610059829495553,0,0,1,0,0,0,1,0,0,0,0,0,0,188.95219973525928,37.432076666496734,1
7018,0,1.0,0,0,1,0,0,0,0,0,0,0,0,0,0,260.68897726303015,33.70889995696781,1
7019,1,0.6337136137934778,0,0,0,0,0,0,0,1,0,0,0,0,0,82.07087450744815,19.50063334206631,1
7020,1,1.0,0,0,0,1,0,0,0,0,0,0,0,1,0,94.46675710657479,22.731183283760537,1
7021,1,1.0,0,0,1,0,0,0,1,0,0,0,0,0,0,232.5951711900641,34.03634484150562,1
7022,0,0.0,0,0,1,1,0,0,1,0,0,0,0,0,0,86.29686226123347,31.623797772812825,1
7023,1,1.0,0,0,1,0,0,0,0,0,0,0,0,0,0,73.65527276609058,24.240151596022013,1
7024,0,1.0,1,0,1,0,0,0,0,0,0,0,0,0,0,69.05499265901767,26.588229536484445,1
7025,1,0.18381288948181496,0,0,1,1,0,0,1,0,0,0,0,0,0,74.00522665299536,21.143345113186353,1
7026,0,1.0,0,0,1,0,0,0,0,0,0,0,0,0,0,130.69392312773456,25.334561894286157,1
7027,1,0.15484139464745494,0,0,0,1,0,0,0,0,0,0,0,1,0,67.71186562465157,37.17483307124034,1
7028,0,0.35619394346137945,0,0,1,0,0,0,1,0,0,0,0,0,0,111.31426933646527,30.325888465731516,1
7029,0,1.0,0,1,1,0,0,0,1,0,0,0,0,0,0,129.16496500748318,24.14523362893526,1
7030,0,0.4398840169906516,0,0,0,0,0,0,1,0,0,0,0,0,0,86.83390591238017,37.18387241868972,1
7031,1,1.0,0,0,1,0,0,0,1,0,0,0,0,1,0,237.7405687787119,28.496067898833196,1
7032,0,1.0,0,0,0,1,0,0,0,0,0,0,0,0,0,72.50199718542795,34.488627190058516,1
7033,0,0.0,0,0,1,1,0,0,1,0,0,0,1,0,0,109.40565667514618,40.30776755776941,1
7034,0,1.0,0,0,0,1,0,0,1,0,0,0,0,0,0,91.90416523470466,35.9111429829856,1
7035,1,1.0,0,0,0,0,0,0,1,0,0,0,0,0,0,204.43448595418147,45.1975368418969,1
7036,1,0.11874193223698837,0,1,1,1,0,0,1,0,0,0,0,0,0,216.2843325887299,30.667522589736432,1
7037,1,0.07787898909129076,0,0,1,0,0,0,1,0,0,0,0,1,0,74.17152440138211,20.632394281455195,1
7038,1,0.7068035962105051,0,0,1,0,0,0,0,0,0,0,0,0,0,190.63256995836633,37.643465974779026,1
7039,0,1.0,0,0,1,0,0,0,1,0,0,0,0,0,0,190.25754389875968,36.57996183589095,1
7040,0,0.2706836043017311,0,0,1,0,0,0,0,0,0,0,1,0,0,196.8550267412463,34.39172655827931,1
7041,1,0.6295085629404857,0,0,0,0,0,0,0,0,0,0,0,0,0,58.805016902487274,32.34786969476312,1
7042,0,0.4310785941552837,0,0,1,0,0,0,1,0,0,0,0,0,0,87.51889582123465,28.87418645357081,1
7043,1,0.1182910303614153,1,0,0,1,0,0,1,0,0,0,0,0,0,209.62755957173997,40.67425887306007,1
7044,1,1.0,0,0,0,1,0,0,0,1,0,0,0,1,0,71.01145612766967,34.53942659057499,1
7045,1,0.0,0,0,0,0,0,0,0,0,0,0,0,1,0,67.56886641865212,34.09800905868816,1
7046,0,0.913380239145306,0,0,1,0,0,0,1,0,0,0,0,0,1,97.39015491000684,26.633873354307674,1
7047,0,1.0,0,1,1,0,0,0,0,0,0,0,0,0,0,67.93116902151809,23.372885388837126,1
7048,1,0.5896962781273379,0,0,1,1,0,0,1,0,0,0,0,0,0,207.66970623227044,43.53817766876403,1
7049,1,0.5292990005089384,0,0,1,0,0,0,1,0,0,0,0,0,0,103.77965494155735,31.188280399796422,1
7050,1,0.950851609654823,0,0,1,1,0,0,1,0,0,0,0,0,0,221.595236001007,46.998686418479195,1
7051,0,0.8089378606536418,0,0,0,0,0,0,1,0,0,0,0,0,0,105.71747413229286,32.38536271639219,1
7052,1,0.0,0,0,0,0,0,0,0,0,0,0,0,0,0,58.33430873746006,30.292489461847577,1
7053,1,1.0,0,0,0,1,1,0,0,0,0,0,0,0,0,82.42231077146398,27.508562949743073,1
7054,0,0.30166224163114885,0,0,0,0,0,0,0,0,0,0,0,0,0,91.82964492692639,32.0,1
7055,0,1.0,0,0,0,0,0,0,0,0,0,0,0,0,0,218.00757302562258,31.97525340710188,1
7056,0,1.0,0,0,1,1,0,0,1,0,0,0,0,0,0,144.20111766396326,26.909601703360117,1
7057,1,0.7489990174049569,0,0,1,1,0,0,1,0,0,0,0,0,0,206.93213454941505,44.49399410442974,1
7058,1,1.0,1,0,1,0,0,0,0,1,0,0,0,0,0,204.38802876761824,27.054010016335408,1
7059,0,0.11750184021237331,0,0,1,1,0,0,0,0,0,0,0,0,0,181.55040971632133,27.852752392276084,1
7060,0,1.0,0,0,0,0,0,0,1,0,0,0,0,0,0,183.80143427369393,34.610013337669464,1
7061,1,1.0,0,0,1,0,0,0,0,1,0,0,0,0,0,89.19894188758238,34.02566419232042,1
7062,0,1.0,0,0,1,1,0,0,0,0,0,0,0,0,0,68.5474476651355,25.36317767569951,1
7063,0,0.0,0,0,1,0,0,0,1,0,0,0,0,0,0,63.291766468095794,29.880132187870306,1
7064,0,0.40360640030753847,0,0,0,0,0,0,0,0,0,0,0,0,0,85.17672748874425,29.619278719938492,1
7065,1,1.0,0,0,1,0,0,0,1,0,0,0,0,0,0,79.6468426892146,22.00909259016324,1
7066,0,0.0,0,0,1,0,0,0,1,0,0,0,0,1,0,61.53304432436797,29.803553510159755,1
7067,0,1.0,0,0,0,1,0,0,1,0,0,0,0,0,0,206.91268965232317,30.856985874790073,1
7068,0,0.0,0,0,1,0,0,0,1,0,0,0,0,0,0,94.09943068399859,30.071577306954325,1
7069,0,0.870934875170937,0,0,1,0,0,0,0,0,0,0,0,1,0,72.48285556899786,28.848373950068375,1
7070,1,0.46314085349738165,0,0,0,0,0,0,0,0,0,1,0,0,0,58.22641014623832,27.796956281567542,1
7071,0,1.0,0,0,1,0,0,0,0,1,0,0,0,0,1,77.71153507290113,27.48731404361417,1
7072,0,1.0,0,0,0,1,0,0,0,0,0,0,0,0,0,71.07396382540726,25.9541760608381,1
7073,1,1.0,0,0,1,1,0,0,0,0,0,0,0,1,0,130.46025970929512,28.791376493422344,1
7074,0,0.7640955865788793,0,0,1,0,0,0,0,0,0,0,1,0,0,199.8091563915761,30.297474273816164,1
7075,0,1.0,0,1,1,1,0,0,0,0,0,0,1,0,0,248.80110282754498,38.02187557093093,1
7076,0,0.9636592516837575,0,0,1,0,0,0,0,0,0,0,0,0,0,151.5622920838608,27.492731850336753,1
7077,0,1.0,0,0,0,0,0,0,0,0,0,0,0,0,0,70.2786120743201,25.962955624227813,1
7078,0,1.0,0,0,1,1,0,0,0,0,0,0,0,0,0,131.89328079775154,27.096770882467712,1
7079,0,0.8003302619593533,0,0,1,0,0,0,0,0,0,0,0,0,0,153.37034400010995,27.46006605239187,1
7080,1,0.3712709205053938,0,0,1,0,0,0,0,0,0,0,1,0,0,92.71756851463543,31.202431485364563,1
7081,0,0.0,0,0,1,1,0,0,1,0,0,0,0,0,0,87.25322841541221,30.044392752178798,1
7082,1,1.0,0,0,0,1,0,0,0,1,0,0,0,1,0,71.8323258471937,36.14112360428039,1
7083,0,1.0,0,0,1,0,0,0,1,0,0,0,0,1,0,227.1589053327494,29.5282450641781,1
7084,1,1.0,0,0,1,0,0,0,0,0,0,0,0,1,0,190.21314595294993,34.42753133308494,1
7085,0,0.4850729091426954,0,0,1,0,0,0,0,0,0,0,0,0,0,93.38261051458844,27.006711436513818,1
7086,0,0.4591729360284603,0,0,0,0,0,0,1,0,0,1,0,0,0,93.16641579387387,30.39289472390039,1
7087,1,0.1816393586047833,0,0,1,0,0,0,0,0,0,0,0,0,0,78.29261640233497,30.527540962092825,1
7088,1,0.8283218049567831,0,0,1,1,0,0,1,0,0,0,0,0,0,207.81563596853485,35.7755587947204,1
7089,0,0.0,0,0,1,0,0,0,1,0,0,0,1,0,0,199.97815704910093,35.55018088737461,1
7090,0,1.0,0,0,1,1,0,0,0,0,0,0,0,0,0,192.86919844644373,36.45578665416862,1
7091,1,0.44412918580104066,0,0,1,1,0,0,0,0,0,0,0,1,0,228.0892472342698,48.278219139878544,1
7092,1,1.0,0,0,1,0,0,0,0,0,0,0,0,0,0,209.34430413999868,40.17136917583254,1
7093,1,0.5879822610483436,0,0,1,0,0,0,1,0,0,0,0,1,0,74.57450598622819,21.499569843782183,1
7094,1,1.0,0,0,1,0,0,0,0,0,0,0,0,0,0,196.50757519381497,22.227679517193625,1
7095,1,0.3342347597346327,0,0,1,0,0,0,1,0,0,0,0,0,0,60.38859377481397,30.702163423363118,1
7096,0,0.5246723066856223,0,0,1,1,0,0,1,0,0,0,0,0,0,109.87286808729439,37.970393231977255,1
7097,0,0.3606251994572245,0,0,0,1,0,0,0,0,0,0,0,0,0,70.88822481649935,27.526311961465495,1
7098,0,1.0,1,0,1,0,0,0,1,0,0,0,1,0,0,245.82338608266784,42.18999390514245,1
7099,0,0.09313342266016411,0,0,1,0,0,0,0,0,0,0,0,0,1,76.28739548429567,29.676479785615605,1
7100,1,0.41263013142442306,0,0,0,0,0,0,0,0,0,0,0,0,0,58.50355588267995,31.849049302276175,1
7101,0,1.0,0,0,1,0,0,0,0,1,0,0,0,1,0,91.40848017419206,31.451241490574525,1
7102,0,0.5501960092955713,0,0,0,1,0,0,0,0,0,0,0,0,0,111.88998806314598,26.024117958169928,1
7103,1,0.7563560547436343,0,0,1,0,0,0,0,0,0,0,0,1,0,93.03294492383205,24.54110152335891,1
7104,1,1.0,0,0,1,0,0,0,0,0,0,0,0,1,0,130.56183439433696,28.25589419321259,1
7105,1,1.0,0,0,1,0,0,0,1,0,0,0,0,0,0,181.78852756140736,27.796758231658256,1
7106,1,0.0,0,0,0,1,0,0,0,0,0,0,0,1,0,67.6147781477005,37.921009716674796,1
7107,1,1.0,0,0,0,1,0,0,0,0,0,0,0,1,0,66.50907701951192,42.80511881500676,1
7108,0,0.5894013027617334,0,0,1,0,0,0,1,0,0,0,0,0,0,211.47881067118303,41.311933616467506,1
7109,0,1.0,0,0,1,0,0,0,0,0,0,0,0,0,0,102.95213650243915,26.976913203251733,1
7110,1,1.0,0,0,0,1,1,0,0,0,0,0,0,0,0,82.73634226869483,27.906631044824422,1
7111,0,0.0,0,0,1,1,0,0,1,0,0,0,0,0,0,86.25200010618228,30.534288292998042,1
7112,1,1.0,1,0,1,0,0,0,1,0,0,0,0,0,0,74.86192474772301,22.32691750759,1
7113,0,1.0,1,0,1,0,0,0,0,0,0,0,0,0,0,212.41391352732376,20.777026235215512,1
7114,1,0.13500502379222368,0,0,1,0,0,0,1,0,0,0,0,0,0,210.48910331570286,39.905496483345445,1
7115,0,1.0,0,0,0,0,0,0,1,0,0,0,0,0,0,130.36045285233186,20.901549766375567,1
7116,1,1.0,1,0,0,0,0,0,0,0,0,0,0,1,0,80.31586783204595,29.7,1
7117,0,1.0,0,1,1,0,0,0,0,0,0,0,0,0,0,67.1532594037791,22.298424590855117,1
7118,1,1.0,0,0,1,0,0,0,1,0,0,0,0,0,0,182.19312627768667,27.750781104808333,1
7119,1,0.7488079953955328,0,0,0,1,0,0,0,0,0,0,0,1,0,79.38558087258681,29.976311205064913,1
7120,1,1.0,0,0,0,1,0,0,0,0,0,0,0,1,0,67.603986847341,35.0794324139835,1
7121,0,0.0,0,0,0,1,0,0,0,0,0,0,0,0,0,85.95599367327458,29.959506454178506,1
7122,0,0.7038232344410015,0,0,1,0,0,0,0,0,0,0,0,0,0,116.20070010029005,26.122616673655305,1
7123,0,1.0,0,0,1,0,0,0,0,0,0,0,0,0,0,104.01789578651183,22.989733928347405,1
7124,0,0.0,0,0,1,0,0,0,0,0,0,0,0,0,0,87.13419699289247,30.61396092109983,1
7125,1,1.0,0,0,1,1,0,0,1,0,0,0,0,1,0,68.32668909609538,23.62918746853945,1
7126,0,1.0,0,0,1,0,1,0,0,0,0,0,0,0,0,104.41528882631438,24.721097341742826,1
7127,0,0.8935099713933179,0,0,0,0,0,0,1,0,0,0,0,0,0,105.80712056967693,32.43610598283599,1
7128,1,1.0,1,0,1,0,0,0,0,0,0,0,0,0,0,175.336053885488,24.99716418610017,1
7129,1,1.0,0,0,0,1,0,0,1,0,0,0,0,1,0,64.96788111636711,41.81279325967028,1
7130,1,1.0,0,0,0,1,0,0,1,0,0,0,0,0,0,206.78166222728322,33.90332445456646,1
7131,0,1.0,0,0,1,0,0,0,0,0,0,1,0,0,0,104.79067818502024,20.847128656906584,1
7132,0,1.0,0,1,0,0,1,0,0,0,0,0,0,1,0,217.3035871867747,30.60026862739003,1
7133,0,0.34562703703615894,0,1,0,0,0,0,0,0,0,0,0,0,0,216.704425733333,30.965437296296383,1
7134,0,1.0,0,0,1,0,0,0,1,0,0,0,0,0,0,76.16001569570872,21.39229763095594,1
7135,1,1.0,1,0,1,0,0,0,1,0,0,0,0,0,0,74.69651402675542,22.87828657748193,1
7136,1,0.9367465911013204,0,0,1,0,0,0,1,0,0,0,0,1,0,93.27391706750133,24.339157499577095,1
7137,0,0.8682904647936449,0,0,1,0,0,0,0,0,0,0,0,0,0,99.70273798463398,33.39706806902539,1
7138,0,0.8587449685295802,0,0,1,0,0,0,0,0,0,0,0,0,0,206.3006463617959,42.48251006294084,1
7139,0,1.0,0,1,1,0,0,0,1,0,0,0,0,0,0,230.5089580272247,36.79013498542419,1
7140,1,0.7467988366300233,0,0,1,0,0,0,0,0,0,0,0,1,0,70.04619989330398,34.020198254945036,1
7141,0,1.0,0,0,0,0,0,0,0,0,0,0,0,0,0,92.20017088768802,27.78847332052509,1
7142,1,1.0,0,0,1,0,0,0,0,1,0,0,0,0,0,77.74650255800853,31.567617812358318,1
7143,0,0.34456402155933874,0,0,1,0,0,0,1,0,0,0,0,0,0,241.62024642446244,32.15804084743054,1
7144,0,1.0,0,0,1,0,0,0,0,0,0,0,0,0,0,258.0186739989466,31.42017493469406,1
7145,1,0.8644029871943977,1,0,1,0,0,0,0,0,0,0,0,0,0,72.73915447653086,29.089835817927842,1
7146,0,0.30936856208001284,0,0,0,0,0,0,0,0,0,0,0,0,0,84.94867192023364,29.638126287583997,1
7147,0,1.0,0,0,1,1,0,0,1,0,0,0,0,0,0,73.03328389259735,25.596502804145345,1
7148,1,0.9838753536277851,0,0,0,0,0,0,0,0,0,0,0,0,0,59.297586741542624,33.16291331334391,1
7149,1,0.0,0,0,1,0,0,0,0,0,0,0,0,0,0,97.32399115802386,28.40749718433873,1
7150,1,0.0,0,0,1,0,1,0,0,0,0,0,0,1,0,65.30953981018654,38.47529556555425,1
7151,0,1.0,1,0,0,0,0,0,0,0,0,0,0,1,0,184.34871107145756,36.82609065714981,1
7152,1,1.0,0,0,1,0,0,0,1,0,0,0,0,1,0,235.3339634145668,32.6345868041751,1
7153,0,0.2098686262738917,0,0,1,1,0,0,1,0,0,0,1,0,0,110.13756490702227,32.209868626273895,1
7154,1,0.21778080176756853,0,0,1,0,0,0,1,0,0,0,0,0,0,59.47290809122406,40.4631286502519,1
7155,1,0.6770378148820102,0,0,1,0,0,0,0,0,0,0,0,1,0,93.02739264704174,24.652147059165184,1
7156,1,1.0,1,0,1,0,0,0,0,0,0,0,0,0,0,118.04165210580977,31.15903636302677,1
7157,0,0.5618769562415131,0,0,1,0,0,0,0,0,0,0,1,0,0,78.85257476525102,28.59900312998642,1
7158,1,1.0,0,0,0,1,0,0,0,0,0,0,0,0,0,97.45512539065393,22.09270656537759,1
7159,0,1.0,0,0,1,0,0,0,0,0,0,0,0,0,0,202.44976828281747,28.22227871809451,1
7160,1,1.0,1,0,0,1,0,0,0,0,0,0,0,1,0,128.26105400025563,24.117486707817687,1
7161,0,0.0,0,0,0,1,0,0,0,0,0,0,0,0,0,85.84198283423814,29.94265756171007,1
7162,0,1.0,0,0,1,1,0,0,1,0,0,0,1,0,0,147.90060284906605,28.207283287725268,1
7163,0,1.0,0,0,1,0,0,0,1,0,0,0,0,1,0,105.61984904242607,31.856819376627275,1
7164,0,0.0,0,0,1,0,0,0,0,0,0,0,0,0,0,88.11088920869953,29.087426104317842,1
7165,0,1.0,0,0,1,0,0,0,0,1,0,0,0,0,0,91.34294292689749,31.96843386471876,1
7166,0,1.0,0,0,1,1,0,0,1,0,0,0,0,0,0,69.75015668666951,22.52664225828182,1
7167,0,1.0,0,0,1,0,0,0,0,0,0,0,0,1,0,72.69756076061037,28.670326994913587,1
7168,0,1.0,0,0,1,0,0,0,0,0,0,0,0,0,0,194.33620075725435,28.864313167517626,1
7169,0,1.0,0,0,1,0,0,0,0,0,0,0,0,0,0,137.12480440786416,31.833148650023237,1
7170,0,1.0,0,0,1,1,0,0,1,0,0,0,0,0,0,225.45554306543383,41.5585907998272,1
7171,0,1.0,0,0,1,0,0,0,1,0,0,0,0,0,0,221.08923504501996,31.25257504030249,1
7172,0,1.0,0,0,1,0,0,0,0,0,0,0,1,0,0,161.07794437218325,32.10669547341846,1
7173,0,0.0985468514129424,0,0,1,1,0,0,1,0,0,0,0,0,0,222.0811808917411,36.76784700237011,1
7174,0,1.0,0,0,1,0,0,0,0,0,0,0,0,0,1,194.23938136544734,23.769263609410373,1
7175,1,0.7089000062515824,0,0,1,0,0,0,0,0,0,0,0,0,1,97.87342400100026,27.685969983120728,1
7176,0,1.0,0,0,1,0,0,0,0,0,0,0,0,0,0,112.56613625839624,27.26474889238246,1
7177,0,1.0,0,0,1,0,0,0,0,0,0,0,0,0,0,73.89555151051272,28.814297097166943,1
7178,0,1.0,0,0,1,1,0,0,0,0,0,0,0,0,0,216.64598163714396,27.381150047596904,1
7179,0,1.0,0,0,1,0,0,0,1,0,0,0,1,0,0,77.88973635340177,23.658782263811958,1
7180,0,1.0,0,1,1,0,0,0,0,0,0,0,0,0,0,118.34043616941956,35.506897397789125,1
7181,0,1.0,0,0,1,0,0,0,1,0,0,0,1,0,0,222.881680834249,32.315322262372696,1
7182,0,0.29119645499662417,0,0,1,0,0,0,0,0,0,0,0,0,1,118.7376073856418,35.87855539149561,1
7183,1,1.0,0,0,1,0,0,0,1,0,0,0,0,0,0,180.32242729989798,27.963360534102506,1
7184,0,0.07552708602588687,0,0,1,0,0,0,0,0,0,0,1,0,0,197.16142247493937,34.469789165589646,1
7185,1,1.0,0,0,1,0,0,0,0,1,0,0,0,0,0,74.42001157544478,24.896548730488423,1
7186,0,0.42766908582416907,0,0,0,0,0,0,1,0,0,0,0,0,0,105.66401788134944,32.370435994406584,1
7187,1,1.0,0,0,0,1,0,0,1,0,0,0,0,0,0,205.00252146909114,45.87881917933018,1
7188,0,0.089652231235679,0,1,0,0,0,0,0,0,0,0,0,0,0,216.61227480324484,30.991034776876432,1
7189,0,1.0,0,0,1,0,0,0,0,0,0,0,0,0,0,128.00644939160992,25.56875988954406,1
7190,1,0.9102990809851542,1,0,1,0,0,0,0,0,0,0,0,0,0,179.2823586634169,28.064119632394064,1
7191,0,0.038456277118890436,0,0,0,1,0,0,0,0,0,0,0,0,0,110.61575613002603,28.326946752964993,1
7192,1,0.19273835067374956,0,0,1,0,0,0,1,0,0,0,0,0,0,115.36259261973373,23.857821505202125,1
7193,1,1.0,1,0,1,0,0,0,0,0,0,0,0,0,0,74.30037598015744,24.126697766722728,1
7194,0,1.0,0,0,1,1,0,0,0,0,0,0,0,0,0,74.76770180844164,27.091925606312078,1
7195,1,0.0,0,0,1,0,0,0,0,0,0,0,0,1,0,224.71154758275384,56.08760431042386,1
7196,0,1.0,1,0,1,0,0,0,1,0,0,0,1,0,0,176.6098049616343,30.328371574528298,1
7197,0,1.0,0,0,0,1,0,0,1,0,0,0,0,0,0,91.48534203444409,36.20587042020601,1
7198,1,1.0,0,0,0,0,0,0,1,0,0,0,0,1,0,92.00050920484314,22.843683561154606,1
7199,0,1.0,0,0,1,0,0,0,0,0,0,0,1,0,0,195.7662258796552,34.234942111172444,1
7200,1,1.0,1,0,0,0,0,0,0,0,0,0,0,1,0,80.4275486140798,29.7,1
7201,0,1.0,0,1,1,0,0,0,1,0,0,0,0,0,0,192.8244367005954,37.261875156746,1
7202,0,0.9384476404104076,0,0,1,0,0,0,1,0,0,0,0,0,0,86.60030324493134,29.635415191097103,1
7203,1,0.17108596685716204,0,0,1,0,0,0,1,0,0,0,0,0,0,62.002524906057076,30.642171933714323,1
7204,1,0.11324345163981986,0,0,1,0,0,0,0,0,0,0,0,0,0,163.57646463999745,26.926296609588594,1
7205,1,0.42981278420019553,0,0,1,0,0,0,0,0,0,0,0,0,0,78.44648392620412,30.15528082369971,1
7206,1,0.1381561767051701,0,0,0,1,0,0,0,0,0,0,0,0,0,83.0825019585561,26.410524941364137,1
7207,1,0.47710981769392613,0,0,1,0,0,0,1,0,0,0,0,1,0,74.4869167559782,21.311086690079673,1
7208,0,1.0,0,0,1,0,0,0,0,0,0,0,0,0,0,76.47217606502666,21.190215662032145,1
7209,1,0.32082830046200717,0,0,1,1,0,0,1,0,0,0,0,0,0,221.79054322685678,40.57244866471247,1
7210,1,0.9259250927895523,0,0,1,1,0,0,1,0,0,0,0,0,0,206.11296682038437,45.555550556737316,1
7211,0,1.0,0,0,1,0,0,0,0,0,0,0,0,0,0,72.67207868181222,28.917202883963256,1
7212,0,0.40789423678019043,0,0,1,0,0,0,1,0,0,0,0,0,0,221.004869506187,35.83158074759132,1
7213,0,0.0,0,0,1,0,0,0,1,0,0,0,1,0,0,198.2399244630439,34.873623293999124,1
7214,0,1.0,0,0,1,1,0,0,0,0,0,0,0,0,0,220.03879808952541,26.242120816422116,1
7215,0,1.0,1,1,0,0,1,0,0,0,0,0,0,0,0,216.63569240817912,29.987077224537405,1
7216,0,1.0,1,0,1,0,0,0,0,1,0,0,0,0,0,56.61404726651049,25.48270849857597,1
7217,1,0.9985716569208233,0,0,0,1,0,0,0,0,0,0,0,0,0,82.10025710175425,27.095572136454553,1
7218,1,0.4495833529202623,0,0,0,0,0,0,0,0,0,0,0,0,0,58.554920860559164,31.934041711716603,1
7219,0,0.0,0,0,1,0,0,0,1,0,0,0,0,0,0,96.65199189955389,26.840468759988198,1
7220,0,1.0,0,0,0,0,0,0,0,0,0,0,0,1,0,89.6468402857502,25.189260742520304,1
7221,0,0.0,0,0,1,1,0,0,0,0,0,0,0,0,0,111.0395877954506,31.997225546302044,1
7222,0,1.0,0,0,1,0,0,0,1,0,0,0,1,0,0,77.05472140479952,23.67052268348224,1
7223,1,1.0,1,0,1,0,0,0,0,1,0,0,0,0,0,204.33715584524967,27.064591584188072,1
7224,0,1.0,0,0,1,1,0,0,0,0,0,0,0,0,0,131.69435403921642,27.633202590877065,1
7225,0,0.16406358826533518,0,0,1,0,0,0,0,0,0,0,0,0,0,101.6957000452091,31.777346253010272,1
7226,0,0.7148134039899522,0,0,1,0,0,0,1,0,0,0,0,1,0,70.41226085349136,27.713705255611053,1
7227,0,1.0,0,0,1,1,0,0,0,0,0,0,0,0,0,74.27815756106476,28.34424809960176,1
7228,1,1.0,1,0,0,1,0,0,0,0,0,0,0,1,0,66.60865330549221,35.53194049310897,1
7229,0,0.9750871697076813,0,0,1,1,0,0,0,0,0,0,0,0,0,77.84740411332155,27.504982566058462,1
7230,0,0.7677103459035474,0,0,1,0,0,0,0,0,0,0,0,0,0,195.5219433078809,33.19489241196397,1
7231,0,1.0,0,0,1,1,0,0,1,0,0,0,0,0,0,72.89665279170171,26.02698435491241,1
7232,1,0.671744910722663,0,0,1,1,0,0,1,0,0,0,0,0,0,104.98693888661309,29.785456169673854,1
7233,0,0.11284054451688441,0,0,1,1,0,0,1,0,0,0,0,1,0,71.39941646578184,28.251750802062855,1
7234,1,1.0,0,0,1,0,0,0,0,0,0,0,0,0,0,198.90365683018598,26.02810967228873,1
7235,0,1.0,0,0,0,0,0,0,1,0,0,0,0,0,0,112.57332676157235,25.200851405676058,1
7236,0,1.0,0,0,1,0,0,0,0,0,0,0,0,0,0,201.49601992844583,28.62111893901356,1
7237,0,0.5701687424869974,0,0,1,0,0,0,1,0,0,0,0,0,0,86.48245399759584,30.445628766528607,1
7238,0,1.0,0,0,0,1,0,0,1,0,0,0,0,0,0,89.99559577616809,37.25421037973357,1
7239,0,1.0,1,0,1,0,0,0,0,1,0,0,1,0,0,198.40026629084477,27.7367945687102,1
7240,0,1.0,0,0,0,0,0,0,0,0,0,0,0,1,0,89.61416138710717,25.086335077502927,1
7241,0,1.0,0,0,1,0,0,0,1,0,0,0,0,1,0,235.71522443640424,32.313936071361695,1
7242,0,1.0,0,0,1,0,0,0,1,0,0,0,0,0,0,111.75744481703079,27.124816056769298,1
7243,1,0.6449847338637533,0,0,0,1,0,0,0,0,0,0,0,1,0,66.73648037961112,36.14553205888612,1
7244,0,1.0,0,0,1,0,0,0,0,0,0,0,0,0,0,130.13321098594886,25.724209314849094,1
7245,1,1.0,0,0,0,1,0,0,1,0,0,0,0,0,0,206.29888956824078,32.93777913648155,1
7246,1,1.0,0,0,1,0,0,0,1,0,0,0,0,0,0,207.44130050042003,43.88322999001623,1
7247,0,1.0,0,0,0,0,0,0,1,0,0,0,0,0,0,112.13491170108293,26.406492822021974,1
7248,0,0.12525292651102526,0,0,1,0,0,0,0,0,0,0,0,0,0,60.30878595274707,29.34888712335149,1
7249,0,0.06128069802213698,0,0,1,0,0,0,0,0,0,0,0,1,0,71.3088570121321,28.524512279208853,1
7250,0,1.0,0,0,1,0,0,0,1,0,0,0,0,0,0,98.0427911726163,26.646621389839382,1
7251,0,0.8505801973065994,0,0,1,0,0,0,1,0,0,0,0,0,0,72.99287235659254,31.1505801973066,1
7252,0,1.0,0,0,1,1,0,0,0,0,0,0,0,0,0,226.01884438598063,29.517890093285978,1
7253,0,1.0,0,1,1,1,0,0,0,0,0,0,0,0,0,115.91520260759933,35.00492414336224,1
7254,1,0.3035039091479522,0,0,1,1,0,0,0,0,0,0,0,1,0,83.10949331906637,26.81595664555152,1
7255,0,0.0,0,0,0,1,0,0,0,0,0,0,0,0,0,85.00891188708171,29.819543628632765,1
7256,1,0.3169130138185443,0,0,1,0,0,0,0,0,0,0,0,0,0,76.97615774689551,29.709852191708872,1
7257,0,1.0,0,0,1,0,0,0,1,0,0,0,0,1,0,232.67238185836607,39.47063034496359,1
7258,0,1.0,0,0,1,0,0,0,0,1,0,0,0,1,0,91.10020739099251,31.57134776974318,1
7259,0,0.9616114422544468,0,0,0,1,0,0,0,0,0,0,0,1,0,90.11360677008635,26.95758283661833,1
7260,1,1.0,0,0,1,0,1,0,0,0,0,0,0,0,0,119.23677750449784,35.01678562036769,1
7261,1,0.09804453811093983,0,0,1,0,0,0,1,0,0,0,0,1,0,74.18745518510764,20.666675714788596,1
7262,0,1.0,0,0,0,0,0,0,1,0,0,0,0,0,0,187.53116397135457,37.026817166050414,1
7263,0,0.057099078445176366,0,1,1,0,0,0,1,0,0,0,0,0,0,240.50320940076332,31.097374884240566,1
7264,0,1.0,0,0,0,1,0,0,1,0,0,0,0,0,0,205.6970033121445,30.966837050107426,1
7265,1,1.0,0,0,1,0,0,0,0,0,0,0,0,0,0,107.51679269186796,23.94387787783925,1
7266,1,0.5356497501178583,0,0,0,1,0,0,0,1,0,0,0,1,0,70.24294646298911,37.125045174917496,1
7267,0,0.0,0,0,1,0,0,0,0,0,0,0,0,0,1,97.31226823652413,29.316625466154516,1
7268,0,0.2003081379972088,0,0,1,0,0,0,0,0,0,0,0,0,0,93.28332825916608,30.44036976559665,1
7269,1,1.0,0,0,1,0,0,0,0,0,0,0,0,0,0,107.69244322791484,23.952105069223176,1
7270,1,1.0,0,0,1,0,0,0,0,0,0,0,0,0,0,67.04699857242531,23.363676947426967,1
7271,1,1.0,0,0,0,1,0,0,0,0,0,0,0,0,0,69.1406453211816,26.06651831696975,1
7272,0,1.0,0,0,1,0,0,0,0,0,0,0,0,0,0,195.53432630858578,33.97093450102754,1
7273,0,1.0,0,0,1,0,0,0,0,1,0,0,0,0,0,75.8500943503881,27.141796561105807,1
7274,0,1.0,1,0,0,0,0,0,1,0,0,0,0,1,0,183.36231770448208,36.5,1
7275,0,1.0,0,0,1,0,0,0,0,0,0,0,0,0,0,134.83205412377652,33.575638865929854,1
7276,1,1.0,0,0,1,0,0,0,0,1,0,0,0,0,0,76.05785126085877,24.849802337761375,1
7277,0,1.0,0,0,1,0,0,0,1,0,0,0,0,0,0,141.27368754248323,28.92887579274196,1
7278,1,1.0,0,0,1,0,0,0,0,0,0,0,1,0,0,76.11619325307339,24.22985451988035,1
7279,1,0.7644340654054987,0,0,1,1,0,0,1,0,0,0,0,0,0,206.86067027717255,44.586604392432996,1
7280,0,1.0,0,0,1,0,0,0,0,0,0,0,0,1,0,221.6509581433806,29.905505534336335,1
7281,0,0.859502975624898,0,0,0,0,0,0,1,0,0,0,0,0,0,83.94289184488744,26.34545327318739,1
7282,0,1.0,0,1,1,0,0,0,1,0,0,0,0,0,0,230.7270830941428,36.81293551506719,1
7283,1,0.5177747696626734,1,0,1,0,0,0,0,1,0,0,0,1,0,170.88426870443655,27.327354089327553,1
7284,0,1.0,0,0,1,0,0,0,0,0,0,0,0,0,0,196.6868368854956,26.808129450476557,1
7285,1,0.9752445352839586,0,0,1,1,0,0,0,0,0,0,0,1,0,64.43331602452666,44.913355873493856,1
7286,1,1.0,0,0,1,0,0,0,0,0,0,0,0,0,0,78.91748080620334,19.507580198487577,1
7287,0,0.0,0,0,1,0,0,0,1,0,0,0,0,0,0,72.75807267025976,29.9125157175855,1
7288,1,0.18889543369468187,0,0,0,1,0,0,0,1,0,0,0,1,0,68.80391604983292,37.36777319641372,1
7289,0,0.8027573338329832,0,0,1,1,0,0,1,0,0,0,0,0,0,103.19347797251392,27.2197242666167,1
7290,0,0.2135374778839514,0,0,1,0,0,0,1,0,0,0,0,0,0,86.36833199292286,31.230217548655308,1
7291,0,1.0,0,0,1,0,0,0,1,0,0,0,0,0,1,267.81748664373305,31.294344179501255,1
7292,0,1.0,0,0,1,0,0,0,0,0,0,0,0,0,0,131.75844174960753,31.210493518333465,1
7293,0,1.0,0,0,1,0,0,0,1,0,0,0,1,0,0,74.86274901583782,23.154764474314785,1
7294,0,1.0,0,0,1,0,0,0,0,0,0,0,0,0,0,91.74910130899967,35.55286203390556,1
7295,1,1.0,0,0,1,0,0,0,0,0,0,1,0,0,0,78.75626782048904,19.502305128161897,1
7296,0,0.08147846955687876,0,0,1,0,0,0,0,0,0,0,1,0,0,59.5544557391617,27.796303826107803,1
7297,1,1.0,0,0,1,0,0,0,0,0,0,0,0,0,0,76.70340922678268,24.304113660479505,1
7298,0,0.0,0,0,1,1,0,0,1,0,0,0,0,0,0,86.5974055054899,31.183453595728054,1
7299,1,1.0,0,0,0,1,0,0,0,1,0,0,0,1,0,74.95679411957559,35.08992179026043,1
7300,0,1.0,0,0,1,1,0,0,0,0,0,0,0,0,0,73.39420160394675,30.34780350011674,1
7301,0,0.15939488477140218,0,0,1,0,0,0,1,0,0,0,0,0,1,115.7020016835084,24.357882096699907,1
7302,0,1.0,0,0,0,0,0,0,0,0,0,0,0,0,0,219.63110163828716,33.61046208172807,1
7303,1,0.08525067127233965,0,0,1,1,0,0,0,0,0,0,0,1,0,83.20334221135289,26.444926141162977,1
7304,0,0.16695017903446918,0,1,0,0,0,0,0,0,0,0,0,0,0,216.6401020644524,30.983304982096552,1
7305,0,1.0,0,0,0,0,0,0,0,0,0,0,0,1,0,89.07386743580145,23.38462184504394,1
7306,1,1.0,0,1,1,0,0,0,1,0,0,0,0,1,0,231.16882914873815,36.29359977206131,1
7307,1,1.0,1,0,0,0,0,0,0,0,0,0,0,1,0,79.84795605501657,29.7,1
7308,0,1.0,0,0,1,0,0,0,0,0,0,0,0,0,0,80.88700528422292,17.73258238212048,1
7309,0,1.0,0,0,1,0,0,0,0,0,0,0,0,0,0,103.39035616068045,25.65974576438589,1
7310,0,0.551148634347997,0,0,1,1,0,0,0,1,0,0,0,0,0,98.62530335592636,31.85970940082679,1
7311,0,0.5990110442135675,0,0,1,0,0,0,0,1,0,0,0,0,0,188.02826009012813,38.42326355409523,1
7312,0,1.0,0,1,1,0,1,0,0,0,0,0,0,0,0,219.45812304719726,28.549785259376804,1
7313,1,0.22675861740051595,0,0,1,0,0,0,1,0,0,0,0,0,0,59.52991722049328,40.51519998092299,1
7314,0,1.0,0,0,1,1,0,0,0,0,0,0,0,0,0,253.44620189865938,31.061778827264806,1
7315,0,1.0,0,0,1,0,0,0,0,1,0,0,0,0,0,91.49237325577967,31.537384839097143,1
7316,0,0.2187093525943078,0,0,1,0,0,0,1,0,0,0,1,0,0,86.31529664751179,29.890645323702845,1
7317,1,0.9805987543817846,0,0,1,0,0,0,1,0,0,0,0,1,0,93.11868040948848,24.242682740360074,1
7318,0,0.6729932315038979,0,0,1,0,0,0,0,0,0,0,1,0,0,196.22340062653888,34.23080270739844,1
7319,0,1.0,0,0,1,0,0,0,1,0,0,0,0,1,0,241.9020938963965,30.80969051507181,1
7320,0,0.0,0,0,1,0,0,0,1,0,0,0,0,1,0,63.25113561597167,29.537595105886737,1
7321,0,1.0,0,0,1,0,0,0,0,0,0,0,0,1,0,228.68734213730752,26.67233064395698,1
7322,0,0.6338894618324419,0,0,1,0,0,0,0,0,0,0,0,0,0,92.33812097320528,30.96066735419893,1
7323,1,0.9280932826835544,0,0,1,1,0,0,1,0,0,0,0,0,0,221.6022910823681,46.766551483372254,1
7324,0,0.09099441116429696,0,0,1,0,0,0,0,0,0,0,0,0,0,73.26371485827116,30.163508383253557,1
7325,0,1.0,0,0,1,0,0,0,0,0,0,0,0,1,0,190.51722970631704,31.459126678553286,1
7326,0,0.0,0,0,1,1,0,0,1,0,0,0,0,0,0,86.29456013071258,31.567888888734068,1
7327,1,1.0,0,0,1,0,0,0,1,0,0,1,0,0,0,209.29232168777577,37.24238503338978,1
7328,1,1.0,0,0,1,0,1,0,0,0,0,0,0,0,0,119.27384565654259,35.070823591379224,1
7329,0,0.6071609235185976,0,0,1,0,0,0,1,0,0,0,1,0,0,198.24600078904228,36.225012646463014,1
7330,1,1.0,0,0,1,0,0,0,0,0,0,0,1,0,0,205.42545351154124,42.882674628230305,1
7331,0,0.0,0,0,1,1,0,0,1,0,0,0,0,0,0,86.27046504714087,30.9827225734211,1
7332,0,1.0,0,0,1,1,0,0,0,0,0,0,0,0,0,73.00790353729626,31.194948383122227,1
7333,0,1.0,0,0,1,1,0,0,1,0,0,0,0,0,0,148.01076552229972,26.946620139701228,1
7334,0,1.0,0,0,1,1,0,0,1,0,0,0,0,0,0,72.87052764441798,26.109296462792695,1
7335,0,1.0,1,0,1,1,0,0,1,0,0,0,0,0,0,221.6000006667387,28.404005600605117,1
7336,0,1.0,1,0,1,0,0,0,1,0,0,0,0,0,0,244.91707636819345,35.94753866171367,1
7337,1,0.14407481040870218,0,0,0,0,0,0,0,0,0,0,0,0,0,81.9702391576213,23.91355511375478,1
7338,0,0.5653218516835298,0,0,1,1,0,0,0,0,0,0,0,0,0,183.91489937688905,28.43491840718859,1
7339,0,0.1928396089422456,0,0,1,0,0,0,0,0,0,0,1,0,0,87.72678560448436,39.51871520667359,1
7340,0,1.0,0,0,1,0,0,0,0,0,0,0,0,0,0,206.51234342614742,27.80841261160864,1
7341,1,1.0,0,0,1,0,0,0,0,0,0,0,0,0,0,73.65099319325385,24.23123581927884,1
7342,1,0.7344124016926401,1,0,0,1,0,0,1,0,0,0,0,0,0,205.60428701694707,44.18615068964805,1
7343,0,0.767233394159223,0,0,0,1,0,0,0,0,0,0,0,0,0,112.43041115145647,25.047449726283496,1
7344,0,0.0,0,0,0,0,0,0,1,0,0,0,0,0,1,104.30410426093017,31.7970563446167,1
7345,0,1.0,0,0,1,0,0,0,1,0,0,0,0,0,0,106.18378282233508,32.660843184350654,1
7346,0,1.0,0,0,1,0,0,0,0,0,0,0,0,0,0,188.40684854327284,30.282831266144722,1
7347,1,1.0,0,0,1,0,0,0,0,0,0,0,0,0,0,106.89507533033688,32.87503086932559,1
7348,1,1.0,1,0,1,0,0,0,0,1,0,0,0,0,0,200.2666785952886,27.911250852179972,1
7349,0,1.0,0,0,1,0,0,0,1,0,0,0,0,0,1,252.6980601911908,28.844738751520236,1
7350,0,1.0,0,0,1,0,0,0,1,0,0,0,1,0,0,75.80445915452518,21.880616178361837,1
7351,0,0.0,0,0,1,0,0,0,1,0,0,0,0,0,0,83.38460210396285,25.534459449608395,1
7352,1,1.0,0,0,1,0,0,0,1,0,0,0,0,1,0,237.38434867283843,29.138092508256317,1
7353,0,1.0,0,0,1,0,0,0,0,1,0,0,0,0,0,75.48966993329886,26.922407785486268,1
7354,1,0.9007601624507324,0,0,1,0,0,0,1,0,0,0,0,1,0,74.82160052833608,22.031292276166244,1
7355,0,1.0,0,0,1,0,0,0,0,1,0,0,0,0,0,195.1698046249003,28.209006991128394,1
7356,0,0.3835673910072921,0,0,1,1,0,0,0,0,0,0,0,0,0,146.39497593248637,38.84236000546582,1
7357,0,0.5082620569810106,0,0,0,1,0,0,0,0,0,0,0,0,0,70.75239890757747,27.127692446151272,1
7358,1,1.0,0,0,1,0,0,0,0,0,0,0,0,0,0,107.02327503983105,32.77171974812149,1
7359,0,0.0,0,0,1,0,0,0,0,0,0,0,0,0,0,86.54313335145301,30.212621411480434,1
7360,1,1.0,0,0,0,1,0,0,0,0,0,0,0,0,0,70.29363801826031,25.80146252453786,1
7361,0,0.3200595641835825,0,0,1,0,0,0,1,0,0,0,0,0,0,73.0359731961174,29.691886828051192,1
7362,0,1.0,0,0,1,1,0,0,1,0,0,0,0,0,0,222.36130657451776,28.372822875810368,1
7363,0,1.0,0,0,1,0,0,0,0,0,0,0,0,1,0,206.67807368622908,27.618865134732925,1
7364,0,0.8004283841040613,0,0,1,0,0,0,1,0,0,0,0,0,0,98.15883963284396,25.759657292716753,1
7365,0,0.03778450659567967,0,0,1,0,0,0,0,0,0,0,0,0,0,192.00476623725288,40.25264042427685,1
7366,0,1.0,0,0,0,0,0,0,1,0,0,0,0,0,0,112.23795632991629,26.12312009273021,1
7367,0,0.26251029048316565,1,0,0,1,0,0,1,0,0,0,0,0,0,209.92479051513322,44.59376543572475,1
7368,0,1.0,0,1,1,1,0,0,0,0,0,0,0,0,0,250.9857953365293,28.225633228235154,1
7369,0,0.23097931052806364,0,0,1,1,0,0,1,0,0,0,0,0,0,186.65750675980073,39.73015999946861,1
7370,1,0.19808604716387346,0,0,1,0,0,0,0,0,0,0,0,0,0,191.4872154407647,39.62746441606089,1
7371,0,1.0,0,0,0,0,0,0,0,0,0,0,0,0,0,219.3071399249774,33.284169708610335,1
7372,0,0.48306624519330266,0,0,1,0,0,0,1,0,0,0,0,0,0,211.58727242990284,41.83297539855282,1
7373,0,0.41607067040868617,1,0,0,1,0,0,1,0,0,0,0,0,0,208.6640597959447,44.82410600561303,1
7374,1,0.9778536935017818,0,0,1,0,0,0,1,0,0,0,0,1,0,59.355212627332165,33.12691718855588,1
7375,0,0.2005646595880699,0,0,1,0,0,0,0,0,0,0,0,0,0,210.7301998409723,43.79887068082386,1
7376,1,0.21535928285460848,0,0,1,0,0,0,0,0,0,0,0,1,0,92.99507514979983,25.29849700400355,1
7377,0,0.29186717703639975,0,0,1,0,0,0,0,1,0,0,0,0,0,117.63889798277123,35.2081328229636,1
7378,0,0.8272426817189127,0,0,1,0,0,0,0,0,0,0,0,0,0,99.81890321073547,33.3026581679535,1
7379,1,1.0,0,0,1,1,0,0,1,0,0,0,0,1,0,225.01109254532025,29.875873119640836,1
7380,1,0.0891657730102462,0,0,1,0,0,0,1,0,0,0,0,0,0,96.70859047810363,26.44458288650512,1
7381,1,1.0,0,0,0,1,0,0,0,0,0,0,0,0,0,89.16461869434343,35.584747773737135,1
7382,0,1.0,0,1,0,0,0,0,0,0,0,0,0,1,0,215.26404766354494,29.31225568125311,1
7383,1,1.0,0,0,1,0,0,0,0,0,0,1,0,0,0,78.80278518740283,19.586882158914243,1
7384,0,1.0,0,0,1,1,0,0,0,0,0,0,0,0,0,76.39504412076228,33.9643001490677,1
7385,0,1.0,0,0,1,0,0,0,0,0,0,0,0,0,0,103.85715477762268,24.278021858236887,1
7386,0,1.0,0,0,1,0,0,0,1,0,0,0,1,0,0,77.34844511000976,22.72789923377475,1
7387,0,1.0,0,1,1,0,0,0,1,0,0,0,0,0,0,194.7493183782852,36.88444737680682,1
7388,1,0.0,0,0,1,0,0,0,0,0,0,0,0,1,0,96.44719740130897,26.36835399474991,1
7389,0,1.0,0,0,1,0,0,0,0,0,0,0,0,1,0,73.53232310293237,25.52395038527927,1
7390,0,1.0,0,0,0,1,0,0,0,0,0,0,0,0,0,98.20594839863963,23.45779191605812,1
7391,0,1.0,1,0,1,0,0,0,1,0,0,0,1,0,0,177.96361019272504,29.126560142228435,1
7392,0,0.0,0,0,1,0,0,0,1,0,0,0,0,0,0,96.72750683704382,27.377022263206072,1
7393,1,0.32056322436092455,0,0,1,0,0,0,0,0,0,0,0,0,1,97.81129011589775,28.734479294225505,1
7394,0,1.0,0,0,1,0,0,0,0,0,0,0,0,0,0,115.69879866976497,27.118704024719584,1
7395,0,1.0,0,0,1,0,0,0,0,0,0,0,1,0,0,116.63020425750129,33.04781768217426,1
7396,0,0.0,0,0,1,0,0,0,0,0,0,0,0,0,1,97.07171600552077,29.16437721868403,1
7397,1,0.0523763414793329,0,0,1,0,0,0,0,0,0,0,0,1,0,181.1117459049333,27.689524731704132,1
7398,0,1.0,1,0,1,0,0,0,0,0,0,0,0,0,0,69.28701142501463,26.770205039227154,1
7399,0,0.6827408256431324,0,0,0,0,0,0,1,0,0,0,0,0,0,92.14208142204981,34.66268922000822,1
7400,0,1.0,0,0,1,0,0,0,1,0,0,0,0,0,0,222.98896940296558,26.17391348620976,1
7401,0,1.0,0,0,1,0,0,0,0,0,0,0,0,0,0,248.16874986379813,32.04364063700502,1
7402,0,0.31003402401245006,0,0,1,1,0,0,0,0,0,0,1,0,0,87.61897451258726,38.960765234314096,1
7403,0,0.0,0,0,1,0,0,0,0,0,0,0,0,0,0,86.59144999929426,31.58718064543448,1
7404,0,1.0,0,1,0,0,1,0,0,0,0,0,0,1,0,219.35935450129313,28.90555005269742,1
7405,0,1.0,0,0,1,0,0,0,0,0,0,0,0,0,0,220.77989273941031,26.715577134391705,1
7406,0,0.0,0,0,1,0,0,0,1,0,0,0,0,0,0,83.2479839518093,26.2577320198331,1
7407,0,1.0,0,0,1,0,0,0,0,0,0,0,0,0,0,247.5438088752779,32.25560092851625,1
7408,0,0.7632949119972816,0,0,1,0,0,0,1,0,0,0,0,0,0,86.9939940390443,29.23962440319701,1
7409,0,1.0,0,0,1,0,0,0,0,0,0,0,0,0,0,78.60854298190401,20.014263554376118,1
7410,1,0.22867075138460335,0,0,1,0,0,0,0,0,0,0,0,0,0,60.335635162879974,27.382588971261573,1
7411,0,1.0,0,0,1,0,0,0,0,0,0,0,0,0,0,103.77282886699618,24.44772699382024,1
7412,0,1.0,0,0,1,0,0,0,0,0,0,0,0,0,0,102.88629859470099,27.155732211923237,1
7413,0,1.0,0,0,1,0,0,0,0,0,0,0,1,0,0,116.58461820070436,31.940727731391682,1
7414,0,0.4737732925144229,0,0,1,0,0,0,0,0,0,0,0,0,1,119.18126910081004,36.11590528026875,1
7415,0,0.44677215883960686,0,0,0,0,0,0,1,0,0,1,0,0,0,93.15165886901913,30.436297444061378,1
7416,0,0.0,0,0,1,0,0,0,0,0,0,0,0,0,0,88.1975162136268,28.419160637736194,1
7417,0,1.0,0,0,1,0,0,0,1,0,0,0,0,0,1,269.55291257700424,31.208361061420106,1
7418,0,1.0,0,0,1,0,0,0,0,0,0,0,0,0,0,260.9577538833489,34.21877430445596,1
7419,1,0.5407656313005429,0,0,1,0,0,0,1,0,0,0,0,0,0,103.81474283177965,31.183693747479783,1
7420,0,0.32269931366434057,0,0,1,0,0,0,0,0,0,0,0,0,0,158.65771859773574,27.36453986273287,1
7421,0,0.7026295764379158,0,0,0,0,0,0,0,0,0,0,0,0,0,90.77911050973266,32.0,1
7422,0,0.9559800588260723,1,0,1,0,0,0,0,0,0,0,0,0,0,174.94312286354943,31.473588035295645,1
7423,0,0.4686600467633909,0,0,1,1,0,0,1,0,0,0,0,0,0,216.53227044425222,45.74657815431919,1
7424,1,1.0,1,0,1,0,0,0,1,0,0,0,0,0,0,74.79207572123691,22.559747595876985,1
7425,1,1.0,0,0,1,0,0,0,1,0,0,0,0,1,0,238.91074047513146,26.387037515751413,1
7426,1,1.0,0,0,0,1,1,0,0,0,0,0,0,0,0,82.55589826686811,27.67789921152297,1
7427,0,1.0,0,0,1,1,0,0,0,0,0,0,0,0,0,219.30376550826264,26.501849643723446,1
7428,1,1.0,0,0,1,0,0,0,0,0,0,0,0,0,0,79.20709773056721,19.25854653741036,1
7429,0,1.0,0,0,1,0,0,0,0,0,0,0,0,0,0,201.4559502419415,28.637875353369918,1
7430,0,1.0,0,0,1,0,0,0,1,0,0,0,0,0,0,232.0385465853307,40.29934670379392,1
7431,1,0.6604697213644312,0,0,1,0,0,0,1,0,0,0,0,0,0,74.4534442551095,22.217221275547523,1
7432,0,0.5291835806341019,0,0,0,0,0,0,1,0,0,0,0,0,0,83.73809381999314,25.98210193869751,1
7433,0,1.0,0,0,1,1,0,0,0,1,0,0,0,0,0,195.56677055854757,33.84139128626645,1
7434,1,1.0,0,0,1,1,0,0,1,0,0,0,0,1,0,69.0890429597752,22.9152774958627,1
7435,0,1.0,0,0,1,1,0,0,0,0,0,0,0,0,0,74.90781256070241,26.733502751691503,1
7436,1,0.5866575401288078,0,0,1,0,0,0,0,0,0,0,0,0,0,105.72438110806664,25.305364363562052,1
7437,0,1.0,0,0,1,0,0,0,0,0,0,0,0,0,0,199.9597947661325,27.91187585519281,1
7438,0,1.0,1,0,1,0,0,0,1,0,0,0,0,0,0,245.796335391714,37.4912758785818,1
7439,1,0.7486721752509908,0,0,1,0,0,0,0,0,0,0,0,0,0,171.13171216373428,24.82938182167173,1
7440,0,0.8279249545453125,0,0,1,0,0,0,0,0,0,0,1,0,0,78.82064900545456,29.0246799272725,1
7441,1,1.0,0,0,1,0,0,0,0,1,0,0,0,0,0,75.27568455783421,26.09673476287299,1
7442,0,1.0,0,0,1,0,0,0,0,0,0,0,0,0,0,91.05493165303062,33.0164388434354,1
7443,0,0.8058712295540278,0,0,1,0,0,0,0,0,0,0,0,0,0,91.96320071957223,31.167045475464832,1
7444,0,0.4633924907362257,0,0,1,0,0,0,0,1,0,0,0,0,0,117.40905406241346,35.036607509263774,1
7445,1,0.9348220404438012,0,0,0,1,0,0,0,0,0,0,0,0,0,82.11173203272011,26.897948325375786,1
7446,0,1.0,1,0,1,0,0,0,0,1,0,0,1,0,0,195.27278644046493,27.165043224947883,1
7447,0,1.0,0,0,1,0,0,0,0,0,0,0,0,0,0,194.30228983859126,26.275658738418286,1
7448,0,1.0,0,0,0,1,0,0,0,0,0,0,0,0,0,72.40953447307014,35.13235493432179,1
7449,0,0.5705521029212974,0,0,1,0,0,0,1,0,0,0,0,0,0,86.48257667293481,30.444785373573147,1
7450,1,0.4707059473159374,0,0,1,0,0,0,0,0,0,0,0,0,0,208.02293496605452,41.03555308409506,1
7451,0,1.0,0,0,0,1,0,0,0,0,0,0,0,0,0,98.46659306082455,25.080673774945296,1
7452,0,0.031068130244456316,0,0,0,0,0,0,0,0,0,0,0,0,0,92.57029099160887,32.02796131722001,1
7453,1,0.0,0,0,1,1,0,0,1,0,0,0,0,0,0,60.99707924488475,29.921238840215793,1
7454,0,1.0,0,0,1,0,0,0,0,1,0,0,0,0,0,195.02298717632937,27.98707363863744,1
7455,0,1.0,0,0,1,0,0,0,1,0,0,0,0,0,0,184.83430751573977,27.859923355585448,1
7456,1,1.0,0,0,0,0,0,0,0,1,0,0,0,0,0,79.70745473676894,29.666648378492496,1
7457,1,0.9285077519437785,0,0,1,0,0,0,1,0,0,0,0,1,0,74.84352112403559,22.078463178304425,1
7458,1,0.579737114939772,0,0,1,0,0,0,0,0,0,0,0,0,0,78.53943701126266,29.930394327590342,1
7459,0,0.0,0,0,1,0,0,0,0,0,0,0,0,0,0,88.08346289999388,29.299000485761542,1
7460,0,0.08842311273694747,0,0,0,0,0,0,1,0,0,0,0,0,0,83.4648223298969,25.497265424010642,1
7461,0,0.3456201689007895,0,0,1,0,0,0,1,0,0,0,0,0,0,73.02447092399466,29.6433216790885,1
7462,0,0.0,0,0,1,0,0,0,0,0,0,0,0,0,0,86.8431581559563,30.41634195774811,1
7463,1,1.0,0,0,1,0,0,0,0,0,0,0,0,0,0,78.86324311120808,29.315519781891556,1
7464,1,1.0,0,0,1,0,0,0,1,0,0,0,0,0,0,183.41384105093965,27.61206351693868,1
7465,0,1.0,1,0,1,0,0,0,1,0,0,0,1,0,0,175.93632856650552,30.926235737305806,1
7466,0,0.23323164366166427,0,0,1,0,0,0,0,1,0,0,0,0,0,190.34364369562167,39.630335575916504,1
7467,1,0.6493573085428531,0,0,0,1,0,0,0,0,0,0,0,0,0,82.16311568446228,26.013007656482845,1
7468,0,1.0,0,0,1,0,0,0,0,0,0,0,0,0,0,187.75869168015203,29.90434550665811,1
7469,0,1.0,0,0,1,1,0,0,0,0,0,0,0,0,0,90.61861686961448,35.10704253704109,1
7470,0,1.0,0,0,1,0,0,0,0,0,0,0,0,0,0,219.72969392404988,28.59956619156676,1
7471,1,0.7587556639619721,0,0,1,0,0,0,1,0,0,0,0,0,0,112.19855583845258,24.02762669918859,1
7472,0,0.0,0,0,1,0,0,0,1,0,0,0,0,0,0,83.3746005925366,25.587408627747394,1
7473,0,0.0,0,0,1,1,0,0,1,0,0,0,0,0,0,86.24753380627249,30.425821009474596,1
7474,0,1.0,0,0,1,0,0,0,1,0,0,0,0,1,0,237.17304855185915,32.55232240470652,1
7475,1,1.0,0,0,0,1,0,0,0,0,0,0,0,0,0,97.93889458160153,22.076260914762845,1
7476,0,1.0,0,0,1,1,0,0,1,0,0,0,0,0,0,213.92337644981637,27.797805223694688,1
7477,1,0.4957365392069685,1,0,1,0,0,0,0,1,0,0,0,1,0,170.73639217807875,27.479417879471917,1
7478,0,1.0,0,0,0,1,0,0,0,0,0,0,0,1,0,115.68484316239174,26.68349961275547,1
7479,0,1.0,1,1,1,0,0,0,1,0,0,0,0,0,1,266.70785867498813,30.375950888487502,1
7480,1,1.0,0,0,1,0,0,0,1,0,0,0,0,0,0,100.73967909705404,28.09790288436936,1
7481,1,0.6435952641503353,0,0,1,0,0,0,0,0,0,0,0,0,0,190.73875995622743,37.88997846981369,1
7482,0,0.7476518245649778,0,0,0,0,0,0,0,1,0,0,0,1,0,90.89405140946371,26.57194737193447,1
7483,0,1.0,1,0,1,0,0,0,0,1,0,0,1,0,0,197.38227727948052,27.550690544694795,1
7484,0,1.0,0,0,0,0,0,0,1,0,0,0,0,0,0,183.5799253499706,35.1259502718076,1
7485,0,1.0,0,1,1,0,0,0,1,0,0,0,0,0,0,231.44402946363851,36.88787764428277,1
7486,0,1.0,0,1,1,1,0,0,0,0,0,0,0,0,0,252.34057233245545,30.00238994420388,1
7487,0,0.6038030788437534,0,0,0,1,1,0,0,0,0,0,0,1,0,83.36071372040719,28.67353476596562,1
7488,1,0.4933415880523805,0,0,0,0,0,0,0,0,0,0,0,1,0,93.67561163915386,24.218643553453337,1
7489,0,1.0,0,0,1,1,0,0,0,0,0,0,0,0,0,213.07247323152916,20.520552690786133,1
7490,0,0.015678021185958735,0,0,1,0,0,0,0,0,0,0,0,0,0,102.11563120004374,31.436059448727704,1
7491,0,0.0,0,0,0,0,0,0,1,0,0,0,0,0,0,93.29817076516746,30.890266020635075,1
7492,0,1.0,0,0,0,1,0,0,0,0,0,0,0,0,0,130.9434047668797,20.632798748709035,1
7493,0,1.0,0,0,1,0,0,0,1,0,0,0,0,1,0,238.27966459959816,32.733278487984606,1
7494,0,0.7157117109045407,0,0,0,0,0,0,0,0,0,0,0,0,0,91.8470313522231,31.570572973457274,1
7495,0,0.5857782709310476,0,0,1,0,0,0,1,0,0,0,1,0,0,198.32960696065962,36.21004478965173,1
7496,1,0.4132320921554088,0,0,1,0,0,0,0,0,0,0,0,1,0,182.36391535977927,27.617353581568917,1
7497,1,1.0,0,0,0,0,0,0,0,0,0,0,0,0,0,83.3537903815015,27.331405268645696,1
7498,0,1.0,0,1,1,0,1,0,0,0,0,0,0,0,0,216.56111044708427,28.01471696911847,1
7499,0,1.0,0,0,1,1,0,0,0,0,0,0,0,0,0,213.31086508524876,22.319736492443543,1
7500,0,0.5513674083822658,1,0,1,0,0,0,0,0,0,0,0,0,0,79.75256478665723,28.80273481676453,1
7501,0,1.0,0,0,1,0,0,0,0,0,0,0,0,0,1,194.63362284588234,25.57238355868673,1
7502,0,0.6636247207672996,0,0,1,1,0,0,1,0,0,0,0,0,0,90.24485110942115,37.649151452010045,1
7503,0,0.7839718505055895,0,1,0,0,0,0,0,0,0,0,0,0,0,216.86222986618202,30.92160281494944,1
7504,0,1.0,0,0,1,1,0,0,1,0,0,0,0,0,0,73.09820931650113,25.391943249380013,1
7505,0,0.0,0,0,0,0,0,0,1,0,0,0,0,0,0,93.33065163850625,30.837115500626126,1
7506,0,0.15061095306851913,0,0,1,0,0,0,0,0,0,0,0,0,0,142.50675485769,43.76132446642703,1
7507,0,0.9326481005424786,0,0,1,0,0,0,0,1,0,0,0,0,0,185.9163375235661,37.32226126820982,1
7508,1,1.0,0,0,1,0,0,0,0,0,0,0,0,0,0,79.42438585446624,29.4532235225684,1
7509,0,1.0,0,0,1,1,0,0,0,0,0,0,0,0,0,136.3573041486559,24.357340018465973,1
7510,0,1.0,0,0,1,0,0,0,1,0,0,0,1,0,0,101.01844464475732,28.179658918117823,1
7511,1,0.0,0,0,0,0,0,0,0,0,0,0,0,0,0,59.46398881419372,28.59504271442394,1
7512,0,1.0,0,0,1,0,0,0,0,0,0,0,0,0,0,114.24122873990623,29.249086331570403,1
7513,1,0.8782524677323466,0,0,1,1,0,0,1,0,0,0,0,0,0,207.65985230067508,35.52091241456503,1
7514,0,1.0,1,0,1,0,0,0,0,1,0,0,1,0,0,196.9559143297698,27.472744850049324,1
7515,0,1.0,0,1,1,1,0,0,1,0,0,0,0,0,0,226.7590920192257,29.947271987182855,1
7516,0,1.0,0,0,1,1,0,0,0,0,0,1,0,0,0,215.75509573809384,26.43865782760796,1
7517,0,0.49044909673594994,0,0,1,0,0,0,0,1,0,1,0,0,0,139.19742429516876,39.86747611014782,1
7518,0,1.0,1,0,1,0,0,0,1,0,0,0,0,0,0,250.0146509760611,28.758607336752927,1
7519,1,0.8026562441522198,0,0,1,0,0,0,0,0,0,0,0,0,0,109.67721094364016,30.346109361550106,1
7520,0,0.2469654124670625,1,0,1,1,0,0,1,0,0,0,0,0,0,112.17975723299736,41.24047639641798,1
7521,0,1.0,0,0,1,0,0,0,0,0,0,0,0,0,0,58.323046723855896,24.33050376381599,1
7522,1,1.0,0,0,0,0,0,0,1,0,0,0,0,1,0,93.16949554475727,24.075153908462553,1
7523,1,1.0,0,0,0,0,0,0,0,1,0,0,0,0,0,78.8561229892446,29.32267595525034,1
7524,0,1.0,0,0,1,0,0,0,1,0,0,0,0,0,0,140.94624828281653,29.157221592246376,1
7525,1,1.0,0,0,1,0,0,0,0,0,0,0,0,1,0,190.26187688126106,33.04682169760341,1
7526,1,0.0,0,0,0,0,0,0,0,0,0,0,0,0,0,59.43253564851901,28.642303947821176,1
7527,0,0.1310146186504656,0,0,1,0,0,0,1,0,0,0,0,0,0,102.65261496612575,31.54411608051551,1
7528,0,1.0,0,0,1,0,0,0,1,0,0,0,1,0,0,75.72975166684542,21.958181329504754,1
7529,0,1.0,0,0,1,0,0,0,0,1,0,0,0,0,0,78.76638805672275,29.23826377765404,1
7530,1,0.5024339166112741,0,0,1,1,0,0,0,0,0,0,0,1,0,83.02395341585715,27.154137658239165,1
7531,0,0.1548426816202274,0,0,1,0,0,0,0,0,0,0,1,0,0,197.03689698985625,34.43806292735191,1
7532,0,0.1829229259620847,0,0,1,0,0,0,0,0,0,0,0,0,0,104.35817397145148,26.879277270287204,1
7533,0,0.3650475666926015,1,0,0,1,0,0,0,0,0,0,0,0,0,79.23759138302256,28.4300951333852,1
7534,1,0.567562833283497,0,0,0,0,0,0,0,0,0,0,0,0,0,81.05973990844048,23.6594623000299,1
7535,0,0.37682757546781276,0,0,0,0,0,0,0,0,0,0,0,0,0,92.21302621849476,31.773903454719314,1
7536,1,0.07442841843851566,0,0,1,0,0,0,0,0,0,0,1,0,0,93.519043270216,30.400956729783992,1
7537,1,1.0,0,0,0,1,0,0,1,0,0,0,0,0,0,204.81298565364887,45.848892471628766,1
7538,1,1.0,0,0,0,0,0,0,0,1,0,0,0,0,0,78.98079887895057,29.37305005210124,1
7539,1,1.0,0,0,1,0,0,0,0,0,0,0,0,0,0,77.9546340866297,23.97397517503174,1
7540,1,0.3625953877388165,0,0,1,0,0,0,1,0,0,0,0,0,0,61.38969475923579,31.025190775477633,1
7541,1,0.5567092565528539,0,0,1,0,0,0,0,0,0,0,1,0,0,102.06606232144551,27.80103833089757,1
7542,0,0.26170448952169234,0,0,1,0,0,0,0,0,0,0,0,0,0,162.20644659594305,28.68703379446497,1
7543,0,1.0,0,0,1,0,0,0,1,0,0,0,0,0,0,232.17805146773526,40.45346638340277,1
7544,0,0.23489340836686912,0,0,1,0,0,0,0,0,0,0,1,0,0,112.33426268010146,31.788595932469818,1
7545,1,0.0,0,0,0,0,0,0,0,0,0,0,0,0,0,58.020757266926694,35.60803322182199,1
7546,0,1.0,0,0,1,1,0,0,0,0,0,0,0,1,0,73.91900332860641,26.454744650503223,1
7547,0,0.6481021272610714,0,0,1,0,0,0,0,0,0,0,0,0,0,62.71417532002564,26.742781278229607,1
7548,0,0.01835838399922396,0,0,1,1,0,0,0,0,0,0,0,0,0,143.57191030831402,45.56220573441428,1
7549,0,0.6539942214202483,0,0,1,0,0,0,1,0,0,0,0,0,0,218.63354185525958,32.76578439783467,1
7550,1,1.0,0,0,1,0,0,0,0,0,0,0,0,1,0,94.11414743408879,23.17017990249471,1
7551,0,1.0,0,0,1,0,0,0,0,0,0,0,1,0,0,196.01984711675328,34.84363308020787,1
7552,0,1.0,0,0,1,0,0,0,1,0,0,0,1,0,0,223.4773854890631,32.05442971281908,1
7553,0,1.0,0,0,1,0,0,0,0,0,0,0,0,0,0,194.33089775653738,26.58169693040001,1
7554,0,0.07677625301477142,0,0,1,0,0,0,0,0,0,0,0,0,0,249.57180702278038,35.39308585902171,1
7555,1,1.0,0,0,1,0,0,0,1,0,0,0,0,0,0,234.38090287132786,33.01465756118057,1
7556,0,1.0,0,0,1,1,0,0,1,0,0,0,1,0,0,149.7542450916956,27.805046273049776,1
7557,0,1.0,0,1,1,1,0,0,0,0,0,0,0,0,0,251.5428033998353,28.956135606341377,1
7558,1,1.0,0,0,1,0,0,0,0,1,0,0,0,0,0,75.7776265315842,25.296537413416488,1
7559,0,0.8355717050906487,0,0,0,1,1,0,0,0,0,0,0,1,0,83.038555329924,28.279528101345896,1
7560,0,0.04366092871300853,0,0,1,0,0,0,1,0,0,0,0,1,0,71.1706631505543,28.45197297841569,1
7561,0,0.0,0,0,1,1,0,0,1,0,0,0,1,0,0,108.41950234420305,39.522869212733035,1
7562,0,0.0,0,0,1,0,0,0,0,0,0,0,0,1,0,64.50052080173411,29.78587853396617,1
7563,0,0.009165550183816484,0,0,1,0,0,0,0,0,0,0,0,0,0,162.22917510048345,27.348577415974226,1
7564,0,0.2013991027938874,0,0,1,0,0,0,1,0,0,0,0,0,0,241.19218331735374,31.84307802614655,1
7565,1,0.959024175972966,0,0,1,0,0,0,1,0,0,0,0,1,0,221.68325907654813,47.87287999864601,1
7566,0,0.3865981534778289,0,0,1,0,0,0,0,1,0,0,0,0,0,120.38824873621475,33.9149475707409,1
7567,0,1.0,0,0,0,1,0,0,0,0,0,0,0,0,0,70.95679513026013,25.930835683318755,1
7568,0,1.0,0,1,1,1,0,0,1,0,0,0,0,0,0,224.04102194734693,31.75931870176872,1
7569,1,0.9718086595527778,0,0,0,1,0,0,0,0,0,0,0,1,0,66.08610076748997,35.45920181493916,1
7570,0,1.0,0,0,1,0,0,0,0,0,0,0,0,0,0,219.41917374886108,28.159458856653533,1
7571,0,1.0,0,0,1,0,0,0,1,0,0,0,0,0,0,75.27094938468672,22.401474106698853,1
7572,0,0.5840863457024905,0,0,1,1,0,0,0,0,0,0,0,0,0,184.01397590530917,28.459312249413237,1
7573,0,1.0,0,0,1,0,0,0,0,0,0,0,0,1,0,191.62604316599482,31.79153328316761,1
7574,1,1.0,0,0,1,0,0,0,0,0,0,0,0,0,0,80.29680460766934,29.667314014151984,1
7575,0,1.0,0,0,0,1,0,0,0,0,0,0,0,0,0,71.32418155862307,26.00402023080141,1
7576,0,0.19127737103739706,0,0,1,0,0,0,0,0,0,0,0,0,0,249.96225583523753,34.786229933501794,1
7577,1,1.0,0,0,1,0,0,0,0,0,0,1,0,0,0,78.75688297239427,19.503423586171383,1
7578,0,1.0,0,1,1,0,0,0,0,0,0,0,0,0,0,254.46824827212157,30.555149787764087,1
7579,0,1.0,0,0,1,1,0,0,1,0,0,0,0,0,0,72.95280667767948,25.850061152516712,1
7580,0,0.9341701566368462,0,0,1,1,0,0,0,0,0,1,0,0,0,218.33623989447727,27.076485342125245,1
7581,0,1.0,1,0,1,0,0,0,1,0,0,0,0,0,0,243.25412716808225,37.25838367907678,1
7582,0,1.0,1,0,1,0,0,0,1,0,0,0,0,0,0,246.70942911082506,31.245436373524246,1
7583,0,0.9074631763464255,0,0,1,0,0,0,0,0,0,0,1,0,0,102.92182062124601,27.209253682365357,1
7584,0,1.0,0,0,1,0,0,0,0,0,0,0,0,0,0,201.26364779267664,28.718292741244316,1
7585,0,1.0,0,1,1,1,0,0,0,0,0,0,1,0,0,250.29232814979625,35.15963886795343,1
7586,1,0.12053730648810768,0,0,0,0,0,0,0,0,0,0,0,0,0,58.09754685601847,31.177235804922645,1
7587,1,0.410023786741743,0,0,1,0,0,0,0,0,0,0,1,0,0,102.42544172248273,27.669021408067568,1
7588,0,1.0,0,0,0,1,0,0,1,0,0,0,0,0,0,206.93022312687313,30.85540152468014,1
7589,1,1.0,0,0,1,0,0,0,0,0,0,0,0,0,0,78.91485090459715,29.328184271066785,1
7590,1,0.2781436404489108,0,0,1,0,0,0,1,0,0,0,0,0,0,59.856212116850585,40.81323311460368,1
7591,0,0.32450664916894734,0,0,1,0,0,0,0,0,0,0,0,0,0,110.53052456080475,31.610592020997263,1
7592,1,1.0,0,0,1,0,0,0,0,0,0,0,1,0,0,74.72384061264624,23.17134081663165,1
7593,1,1.0,0,0,0,0,0,0,1,0,0,0,0,1,0,94.01122573687485,23.19573430475762,1
7594,0,1.0,0,0,1,0,0,0,0,0,0,0,0,0,0,116.30739093087134,28.94347494107861,1
7595,0,0.6713044235642798,0,0,1,0,0,0,0,0,0,0,0,0,0,93.53718267155836,27.54678282833641,1
7596,0,0.1621833724078774,0,0,1,0,0,0,0,0,0,0,0,0,0,96.67412129053297,42.41329292695808,1
7597,1,0.5135576128581255,1,0,0,0,0,0,0,0,0,0,0,1,0,66.70129049425579,34.18389403214531,1
7598,1,0.7385390394759076,1,0,0,0,0,0,0,0,0,0,0,1,0,66.39081612552324,34.746347598689766,1
7599,0,0.0,0,0,0,0,0,0,1,0,0,0,0,0,0,93.57354073432977,30.43966061655128,1
7600,1,1.0,0,0,0,1,0,0,1,0,0,0,0,0,0,204.5801073781414,45.81212221760127,1
7601,0,1.0,0,0,1,1,0,0,1,0,0,0,0,0,0,99.96057930676378,21.102864218380336,1
7602,0,0.0,0,0,1,0,0,0,1,0,0,0,0,0,0,85.21004127571744,37.255647279372106,1
7603,0,0.9457764972463472,0,0,1,0,0,0,1,0,0,0,0,0,0,92.14990765167549,36.34463272257995,1
7604,0,0.13257407748448236,0,0,1,0,0,0,1,0,0,0,0,0,0,216.9962826033013,31.357950009208103,1
7605,0,1.0,0,0,1,0,0,0,0,0,0,0,0,0,0,204.8507011544999,27.218252244481864,1
7606,0,0.7351836782216812,0,0,1,0,0,0,0,0,0,0,0,0,1,76.11529632643557,27.98852243662363,1
7607,0,0.06640685629874843,0,0,1,1,0,0,1,0,0,0,0,0,0,171.4996118365729,34.20742011673363,1
7608,0,0.7199595393694795,0,0,0,1,0,0,1,0,0,0,0,0,0,88.58150774976241,38.72413352008071,1
7609,0,1.0,0,0,1,0,0,0,0,0,0,0,0,1,0,191.469689960391,31.744660801830282,1
7610,1,0.7809408269401167,0,0,0,0,0,0,0,0,0,0,0,0,0,59.01550774944676,32.69616390196227,1
7611,1,1.0,0,0,1,0,1,0,0,0,0,0,0,0,0,118.72771369135651,34.274672133179585,1
7612,0,1.0,0,0,1,0,0,0,0,0,0,0,0,0,0,197.68271838251945,27.249717569198214,1
7613,1,0.7699736182066009,0,0,1,1,0,0,1,0,0,0,0,0,0,105.05668126892668,30.148902387364423,1
7614,1,1.0,0,0,1,1,0,0,0,0,0,0,0,0,0,261.6764022668251,38.887126876642306,1
7615,0,0.9623653164545284,0,0,1,0,0,0,0,0,0,0,0,0,0,103.71123678734274,25.086559772154583,1
7616,0,1.0,0,0,1,0,0,0,0,0,0,0,0,0,0,201.19378631194994,28.74750754227548,1
7617,1,0.27034859049558435,0,0,0,0,0,0,1,0,0,0,0,0,0,83.45357538649151,26.35406971809912,1
7618,1,1.0,0,0,1,0,0,0,0,1,0,0,0,0,0,74.431196236165,24.8936561458194,1
7619,1,1.0,0,0,1,0,0,0,0,1,0,0,0,0,0,75.22251150145239,24.689005646176106,1
7620,0,0.0,0,0,1,0,0,0,1,0,0,0,0,1,0,62.64836506455468,29.63090324078101,1
7621,0,1.0,0,0,1,0,0,0,1,0,0,0,1,0,0,101.57428045998356,27.885565894188595,1
7622,0,1.0,0,0,1,0,0,0,0,0,0,0,1,0,0,157.53903508121488,30.46293979182112,1
7623,1,0.27011088229640223,1,0,1,0,0,0,0,0,0,0,0,1,0,179.0905448915615,26.70058973550331,1
7624,1,0.41093290496275825,0,0,1,1,0,0,1,0,0,0,0,0,0,73.87576824417123,21.938265167369654,1
7625,0,1.0,0,0,1,0,0,0,1,0,0,0,0,0,0,191.0649522137222,37.12921919300829,1
7626,0,1.0,0,0,1,0,0,0,0,0,0,0,1,0,0,76.84816116324754,24.24965646057765,1
7627,0,0.7111218170152859,1,0,1,0,0,0,0,0,0,0,0,0,0,79.99379394369309,29.12224363403057,1
7628,0,0.0,0,0,1,1,0,0,0,0,0,0,0,0,0,78.21845491261708,30.63890509579334,1
7629,0,1.0,0,0,1,0,0,0,0,0,0,0,0,0,0,139.35666337013086,30.418933118965253,1
7630,1,0.5417466852349521,0,0,1,0,0,0,1,0,0,0,0,0,0,59.56745678997313,30.81708276322175,1
7631,0,1.0,0,0,1,1,0,0,0,1,0,0,0,0,0,196.43973813661955,28.221275175491137,1
7632,0,0.2417645074796816,0,0,1,1,0,0,0,0,0,0,1,0,0,113.25519321888295,40.56588394016255,1
7633,0,1.0,0,0,1,0,0,0,0,0,0,0,0,0,0,127.15436743986288,26.850524193026764,1
7634,0,1.0,0,0,1,0,0,0,0,0,0,0,0,0,0,103.58833354696986,25.24897061316829,1
7635,0,1.0,0,0,0,1,0,0,0,0,0,0,0,0,0,98.2205242182918,23.548547019552736,1
7636,0,1.0,0,0,1,0,0,0,1,0,0,0,0,0,0,75.68335841256751,22.625466230467975,1
7637,0,0.0968187309872186,0,0,1,0,0,0,1,0,0,0,0,0,0,110.54428809734544,32.04840936549361,1
7638,1,0.0,0,0,1,1,0,0,1,0,0,0,0,0,0,219.36213891157786,34.300842776448306,1
7639,1,0.008313859607264384,0,0,0,0,0,0,0,0,0,0,0,1,0,92.99172254204625,25.57672119309966,1
7640,1,0.770437802792337,0,0,1,0,0,0,1,0,0,0,0,0,0,101.79035455614306,27.993394022513105,1
7641,0,0.789471511559387,0,0,1,0,0,0,1,0,0,0,0,0,0,257.4573459992929,32.56316680260651,1
7642,0,1.0,0,0,1,0,0,0,1,0,0,0,1,0,0,138.70403612635414,30.79740534734376,1
7643,1,0.0,0,0,1,0,0,0,0,0,0,0,0,0,0,170.33755340286245,33.58231332723002,1
7644,0,0.5904390727374907,0,0,1,0,0,0,0,1,0,0,0,0,0,188.0825206695717,38.45155105996628,1
7645,0,1.0,0,0,0,0,0,0,1,0,0,0,0,0,0,189.71432428459542,37.280084023734965,1
7646,0,1.0,0,0,1,0,0,0,0,0,0,0,0,1,0,73.74318202650139,25.297407740122477,1
7647,0,1.0,0,1,0,0,0,0,0,0,0,0,0,1,0,216.2899139229782,30.28412897966356,1
7648,0,1.0,0,0,1,1,0,0,0,1,0,0,0,0,0,195.5885505033061,28.27666699544646,1
7649,1,0.0,0,0,0,0,0,0,0,0,0,0,0,1,0,67.77146659148654,35.625813640718206,1
7650,0,1.0,0,1,1,0,0,0,0,0,0,0,0,0,0,67.40766296664124,22.649810727405036,1
7651,1,0.0,0,0,0,1,0,0,0,0,0,0,0,1,0,66.10245198600632,39.492257676876555,1
7652,0,1.0,0,0,1,0,0,0,1,0,0,0,1,0,0,75.73728039379107,21.95036461846829,1
7653,1,1.0,0,0,0,0,0,0,1,0,0,0,0,1,0,91.2323478965231,23.62785769139952,1
7654,1,1.0,0,0,0,1,0,0,1,0,0,0,0,0,0,204.84583043248128,45.854078489339145,1
7655,0,1.0,0,1,1,0,0,0,1,0,0,0,0,0,0,194.13484269914406,37.0049328040894,1
7656,1,1.0,0,0,1,0,0,0,1,0,0,1,0,0,0,210.39316297858258,38.5237875941173,1
7657,0,0.18726709569532063,0,0,0,0,0,0,0,0,0,0,0,0,0,57.58917388583452,29.888757683245267,1
7658,0,1.0,0,0,1,1,0,0,0,1,0,0,0,0,0,76.27056548496869,27.012415712053087,1
7659,0,1.0,0,0,1,1,0,0,1,0,0,0,0,0,0,67.45253902851384,24.54756805531812,1
7660,0,1.0,1,0,1,0,0,0,1,0,0,0,0,0,0,246.5909974092203,38.88648400092117,1
7661,0,1.0,0,0,1,0,0,0,0,1,0,0,0,0,0,76.32446211502679,24.59591246270568,1
7662,1,1.0,0,0,1,0,0,0,1,0,0,0,0,0,0,73.59743547983172,23.952576209313264,1
7663,0,1.0,0,0,1,1,0,0,0,0,0,0,0,0,0,220.5611709510708,28.81914325628425,1
7664,1,0.864483126439246,0,0,1,1,0,0,0,0,0,0,0,1,0,82.86827225563113,27.76962131494672,1
7665,1,0.5183996266330652,0,0,1,0,0,0,1,0,0,0,0,1,0,222.7936329408847,51.88256339763911,1
7666,0,1.0,0,0,1,0,0,0,0,0,0,0,0,0,0,258.8518702251969,31.564868924780935,1
7667,1,1.0,0,0,1,0,0,0,1,0,0,0,0,1,0,231.82867120665364,36.59634212515804,1
7668,0,1.0,0,0,1,1,0,0,1,0,0,0,0,0,0,223.4554975601955,31.551198708025222,1
7669,0,1.0,1,0,1,1,0,0,1,0,0,0,0,0,0,221.6636170700244,28.93838338820511,1
7670,0,1.0,0,0,1,1,0,0,0,0,0,0,0,0,0,216.6829983775127,27.36929113763896,1
7671,1,1.0,0,0,1,0,0,0,0,0,0,0,0,0,0,79.24792519003955,20.9326578742365,1
7672,0,1.0,0,0,1,0,0,0,0,0,0,0,0,0,0,204.96064590818838,27.172275347484856,1
7673,0,0.0,0,0,1,0,0,0,0,0,0,0,0,0,0,86.96923324929256,30.50194850260606,1
7674,0,1.0,0,0,1,0,0,0,0,0,0,0,0,0,0,195.28372140720575,33.43184256201234,1
7675,0,1.0,0,0,1,0,0,0,1,0,0,0,0,0,0,98.38165776584377,25.947372864131896,1
7676,0,0.490886614812478,0,0,1,0,0,0,1,0,0,0,0,1,0,70.6652981252619,27.960024723706272,1
7677,1,0.0,0,0,1,0,0,0,1,0,0,0,0,0,0,60.2566510378763,28.339144010080112,1
7678,0,0.3883443243539859,0,0,1,1,0,0,1,0,0,0,0,0,0,215.7692710813629,45.48153627036815,1
7679,0,1.0,0,0,0,0,0,0,1,0,0,0,0,0,0,130.29681849166863,21.185631733622138,1
7680,1,0.7147023163822577,0,0,1,1,0,0,0,0,0,0,0,1,0,64.3629696254232,44.0014581073379,1
7681,0,1.0,0,0,1,0,0,0,1,0,0,0,1,0,0,74.74400055385576,22.9816387692208,1
7682,0,1.0,0,0,1,0,0,0,0,0,0,1,0,0,0,104.65514287607655,20.61588358003584,1
7683,0,0.05392438193116866,0,0,1,0,0,0,1,0,0,0,0,0,0,73.16813663597515,30.35392438193117,1
7684,0,0.7552844029762991,0,0,1,0,0,0,0,0,0,0,0,1,0,259.89153448569795,37.99032476863127,1
7685,1,1.0,0,0,1,0,0,0,0,0,0,0,0,1,0,124.54574636898036,30.913208365434386,1
7686,1,1.0,1,0,1,0,0,0,0,1,0,0,0,0,0,204.2007706218972,27.09295971064538,1
7687,1,1.0,1,0,1,0,0,0,0,0,0,0,0,0,0,74.08399804461254,24.800661828255997,1
7688,0,1.0,0,0,1,0,0,0,0,1,0,0,0,0,0,76.33357229916341,24.48104492359188,1
7689,0,1.0,0,0,1,0,0,0,0,0,0,0,1,0,0,130.43156690706377,22.740675048929525,1
7690,0,1.0,1,1,1,0,0,0,1,0,0,0,0,0,1,269.44613051449073,30.769946836617372,1
7691,0,1.0,0,1,1,1,0,0,1,0,0,0,0,0,0,227.06989812331776,30.157489613193405,1
7692,0,1.0,0,0,1,1,0,0,1,0,0,0,0,0,0,98.07583900936712,25.93868642188063,1
7693,1,0.0,0,0,1,0,0,0,0,0,0,0,0,0,0,64.1133934321649,41.47858633124659,1
7694,0,1.0,0,0,1,0,0,0,1,0,0,0,0,0,0,75.59013423556718,21.757606259251805,1
7695,0,0.0,0,0,1,0,0,0,0,0,0,0,0,0,1,97.72360535595638,29.576965415162267,1
7696,0,1.0,0,0,1,0,0,0,0,0,0,0,0,1,0,192.8599098918224,32.161429089625564,1
7697,1,0.3385540274370513,0,0,1,0,0,0,0,0,0,0,0,0,0,172.20842113929308,30.879038114654666,1
7698,1,0.0,0,0,1,0,0,0,1,0,0,0,0,0,0,77.2094583861322,30.373908559765354,1
7699,0,0.0,0,0,1,1,0,0,1,0,0,0,0,0,0,86.27292192525202,31.0423896132633,1
7700,1,1.0,0,0,1,0,0,0,0,0,0,0,0,1,0,95.47395505733172,21.854237041291885,1
7701,1,0.3380984235280714,0,0,1,1,0,0,1,0,0,0,0,1,0,72.81508303788749,20.939527950586495,1
7702,0,0.4340488684781807,0,0,1,0,0,0,0,0,0,0,0,0,1,191.72884973761958,39.14125828141327,1
7703,1,0.8194278536703651,0,0,1,0,0,0,1,0,0,0,0,0,0,63.293366870806814,43.952681551288116,1
7704,0,0.09441786242686778,0,0,0,0,0,0,0,0,0,0,0,0,0,92.46893142011702,32.084976076184184,1
7705,1,0.11975996643219722,0,0,1,0,0,0,1,0,0,0,0,0,0,96.74928075535483,26.459879983216098,1
7706,0,1.0,0,1,1,1,0,0,1,0,0,0,1,0,0,226.10480572909344,34.09991500550188,1
7707,0,0.0,0,0,1,1,0,0,1,0,0,0,0,0,0,86.84057272351065,30.761110532849933,1
7708,0,1.0,0,0,1,0,0,0,1,0,0,0,0,0,1,260.19991110628985,31.67176328127383,1
7709,0,1.0,0,0,1,1,0,0,0,0,0,0,0,0,0,73.72214323242994,29.628633262215036,1
7710,1,1.0,0,0,1,1,0,0,1,0,0,0,0,1,0,69.86968462460308,22.18424182311417,1
7711,1,1.0,0,0,0,0,0,0,1,0,0,0,0,1,0,89.59278796299164,23.11177345082061,1
7712,1,0.1875863423760995,0,0,0,0,0,0,0,0,0,0,0,1,0,92.21839944995304,25.093516875584534,1
7713,0,1.0,0,1,1,0,0,0,0,0,0,0,0,0,1,113.44508707032634,37.31203744012216,1
7714,0,1.0,0,0,1,0,0,0,0,0,0,1,0,0,0,104.65074166597371,20.60837440640066,1
7715,0,1.0,0,0,1,0,0,0,0,0,0,1,0,0,0,105.02975153797156,21.25502632070979,1
7716,0,1.0,1,0,1,0,0,0,0,1,0,0,0,0,0,196.67508031623422,22.66102528708853,1
7717,0,1.0,0,0,1,0,0,0,0,0,0,0,0,0,0,206.79866468796752,28.559843977471306,1
7718,1,1.0,0,0,0,1,0,0,0,0,0,0,0,0,0,97.8598219760979,21.8581295892356,1
7719,0,0.05050747083228213,0,0,1,0,0,0,0,0,0,0,0,0,1,191.80939343112522,40.25352833458638,1
7720,0,0.9561189116312564,0,0,1,0,0,0,0,0,0,0,0,1,0,233.9114772925603,42.685227074396835,1
7721,0,0.0,0,0,1,0,0,0,1,0,0,0,0,0,0,85.51366103879023,37.93035786397831,1
7722,0,1.0,0,0,1,1,0,0,1,0,0,0,0,0,0,101.47420494842969,20.83337597357335,1
7723,1,1.0,0,0,1,0,0,0,1,0,0,0,0,0,0,79.14830593548737,20.573911026403028,1
7724,0,1.0,0,0,1,0,0,0,1,0,0,0,0,1,0,239.8957782340546,26.828627853577583,1
7725,1,0.0,0,0,0,1,0,0,0,0,0,0,0,0,0,82.59684464877515,24.759106971023797,1
7726,1,1.0,0,0,0,1,0,0,0,0,0,0,0,1,0,95.83941776116326,21.50052200723294,1
7727,0,1.0,0,0,1,0,0,0,1,0,0,0,0,0,0,221.3881947202375,30.71820267397164,1
7728,1,1.0,0,0,1,1,0,0,1,0,0,0,0,1,0,67.52695632232849,24.3781011028362,1
7729,1,0.19148961490811944,0,0,1,0,0,0,1,0,0,0,0,0,0,74.20957459975222,20.99787299876111,1
7730,1,0.6137636047009104,0,0,1,0,0,0,1,0,0,0,0,0,0,97.40630559425222,26.706881802350456,1
7731,0,0.4848587397161036,1,0,0,1,0,0,1,0,0,0,0,0,0,208.0993097469308,44.92728810957416,1
7732,1,1.0,0,0,0,1,0,0,0,0,0,0,0,0,0,68.35853529859997,25.02599413897673,1
7733,0,0.3207121649842939,0,0,1,1,0,0,1,0,0,0,0,0,0,187.23538634249886,39.46993472154555,1
7734,1,1.0,0,0,1,0,0,0,1,0,0,0,0,0,0,78.8576308640634,19.737119154121885,1
7735,0,0.6415796812433943,0,0,1,0,0,0,0,1,0,0,0,0,0,187.75880061772932,38.2827870518968,1
7736,0,0.9765670446326118,0,0,0,1,0,0,0,0,0,0,0,0,0,70.32155831893799,25.86326897949195,1
7737,0,1.0,0,0,1,0,0,0,1,0,0,0,0,0,1,264.83943025126064,31.44189445493341,1
7738,0,1.0,0,0,1,0,0,0,1,0,0,0,0,0,0,97.9987445191613,26.73751130966716,1
7739,0,0.698543813589332,0,0,0,0,0,0,1,0,0,0,0,0,0,105.60045644240469,32.3191262881536,1
7740,0,0.9054436552256118,0,0,0,0,0,0,0,0,0,1,0,0,0,82.22386881165444,26.93925421388354,1
7741,0,0.2416152284100822,0,0,1,1,0,0,1,0,0,0,0,0,0,71.64041049743354,29.17652263954823,1
7742,1,1.0,0,0,1,0,0,0,0,0,0,0,0,0,0,107.8155822388145,32.13323043025938,1
7743,1,0.5703125078265039,0,0,1,0,0,0,1,0,0,0,0,0,0,113.25195308124984,23.97109375234795,1
7744,0,1.0,1,0,1,1,1,0,0,0,0,0,0,0,0,213.18590778845757,20.61253950897704,1
7745,0,0.8595009902044827,0,0,1,1,0,0,1,0,0,0,0,0,0,112.07140118824537,36.64130534710421,1
7746,0,1.0,0,0,1,1,0,0,0,0,0,0,0,0,0,225.66818444044213,29.899511799929503,1
7747,0,0.2078238414588358,0,0,1,0,0,0,0,0,0,0,0,1,0,233.42508549694824,47.549145030517565,1
7748,0,0.4959299202515757,0,0,1,0,0,0,0,0,0,0,0,0,0,251.00112102805787,33.171571422666645,1
7749,0,1.0,0,0,1,0,0,0,0,0,0,0,0,0,0,188.0805362704192,30.092283953529456,1
7750,0,1.0,1,0,1,1,0,0,0,0,0,0,0,0,0,219.77323653205048,26.395365099568973,1
7751,0,1.0,0,0,1,0,0,0,0,0,0,0,1,0,0,76.42716148713488,24.374212577770745,1
7752,1,0.8424641068355752,0,0,1,0,0,0,1,0,0,0,0,1,0,59.57048207013143,32.6801315525574,1
7753,1,0.0,0,0,1,0,0,0,0,0,0,0,0,0,0,104.21016338824343,27.3,1
7754,0,0.07799386640940908,0,0,1,0,0,0,0,0,0,0,0,0,0,142.95189759891034,44.79248709698639,1
7755,1,0.10613001930901944,0,0,1,1,0,0,0,0,0,0,0,1,0,64.19865510521343,41.87145506758157,1
7756,1,1.0,0,0,1,0,0,0,0,0,0,0,0,1,0,187.31726556752054,29.421847248873327,1
7757,0,0.16071334919098568,0,0,1,0,0,0,0,1,0,0,0,0,0,119.01035143006501,34.841075268316956,1
7758,0,0.021734536470525923,0,0,1,0,0,0,0,0,0,0,0,0,0,161.98939868127127,27.304346907294107,1
7759,1,1.0,0,0,1,0,0,0,0,0,0,0,0,1,0,95.39772854706354,21.928004631874007,1
7760,0,1.0,0,0,1,0,0,0,0,0,0,0,0,0,0,110.66932526501431,29.00613742412391,1
7761,0,0.6358789431584946,0,0,1,0,0,0,1,0,0,0,0,0,0,104.55090482627594,32.099466837474345,1
7762,0,0.0,0,0,1,1,0,0,0,0,0,0,0,0,0,78.65314595187604,28.817902093492297,1
7763,0,0.8709635911105751,0,0,1,0,0,0,0,0,0,0,1,0,0,195.9125871619564,34.15161456355577,1
7764,0,1.0,0,0,0,0,0,0,1,0,0,0,0,0,0,130.29902280029626,21.17579107010598,1
7765,0,0.27470503280714365,0,0,0,0,0,0,0,0,0,1,0,0,0,83.05013640702263,25.866998555772142,1
7766,1,1.0,0,0,0,1,0,0,0,1,0,0,0,1,0,71.07806562465382,34.66939634078795,1
7767,1,1.0,1,0,0,1,0,0,0,0,0,0,0,1,0,71.92080372749298,36.743180003011425,1
7768,0,0.9137274940064593,0,0,0,0,0,0,1,0,0,0,0,0,0,89.81873119159518,38.343516787759306,1
7769,0,1.0,0,0,1,1,0,0,0,0,0,0,0,0,0,214.8198156145234,27.9661917939742,1
7770,0,0.29757071644081545,0,1,1,0,0,0,1,0,0,0,0,0,0,240.13769251100996,29.822875202863678,1
7771,0,1.0,0,0,1,0,0,0,1,0,0,0,0,1,0,242.62970085259374,32.01967991007829,1
7772,0,1.0,1,0,1,0,0,0,0,0,0,0,0,1,0,185.63514305557518,37.08127186379675,1
7773,1,1.0,0,0,1,0,0,0,0,0,0,1,0,0,0,78.70364478946773,19.40662688994132,1
7774,0,1.0,0,0,1,1,0,0,1,0,0,0,0,0,0,100.92075008694482,20.931913931107747,1
7775,1,1.0,0,0,0,1,0,0,0,0,0,0,0,0,0,89.15729529234589,35.291811693835605,1
7776,0,1.0,0,0,1,0,0,0,0,1,0,0,0,0,0,194.91817843716856,27.82864182362692,1
7777,0,1.0,0,0,1,0,0,0,0,0,0,0,0,0,0,106.41664283048718,23.873437858615798,1
7778,0,0.9893495140420392,0,0,1,0,0,0,0,0,0,0,0,0,0,151.27790087955464,27.497869902808407,1
7779,0,0.03929194515069245,0,0,1,1,0,0,0,0,0,0,0,0,0,143.48775915937154,45.1338070695615,1
7780,1,1.0,0,0,0,1,0,0,0,0,0,0,0,0,0,97.91992306571288,22.023925698518287,1
7781,1,0.5572640722935417,0,0,1,0,0,0,1,0,0,0,0,0,0,101.50242839469362,29.616754968660665,1
7782,0,1.0,0,0,1,0,0,0,1,0,0,0,0,0,0,221.68425657165062,30.189009992701756,1
7783,0,1.0,1,0,1,1,0,0,1,0,0,0,0,0,0,242.74679719531338,27.270599714337475,1
7784,0,1.0,0,0,1,0,0,0,0,0,0,0,0,0,0,103.53510852992252,25.231278751429357,1
7785,1,0.517643791417247,0,0,1,0,0,0,1,0,0,0,0,0,0,60.89353986746481,31.335287582834493,1
7786,0,1.0,0,0,1,0,0,0,1,0,0,0,0,1,0,232.26717786316075,38.53423455772444,1
7787,0,1.0,0,0,1,1,0,0,0,0,0,1,0,0,0,213.5763736154307,26.147607162366697,1
7788,0,0.8062108699766452,0,0,1,0,0,0,1,0,0,0,0,0,1,97.34085700018926,26.923230651063058,1
7789,1,1.0,0,0,1,0,0,0,1,0,0,0,0,0,0,231.57072824100464,36.406500913786445,1
7790,0,1.0,1,0,1,0,0,0,0,0,0,0,0,0,0,174.42636361683523,25.963869338687328,1
7791,1,0.18913869632674007,0,0,1,0,0,0,0,0,0,0,0,0,1,97.79026219141228,29.089325519917804,1
7792,0,0.5734917638909767,0,0,1,0,0,0,1,0,0,0,0,0,0,220.64552287235657,35.23542964999248,1
7793,0,1.0,0,0,1,0,0,0,0,0,0,0,0,0,0,207.82431115669291,31.251585841094467,1
7794,0,1.0,0,0,1,0,0,0,0,0,0,0,0,0,0,102.98208379043199,26.89557489018475,1
7795,1,0.05781454551036147,1,0,1,0,0,0,0,0,0,0,0,0,0,73.15051458178972,30.219059636285493,1
7796,0,0.5184929749422404,0,0,1,0,0,0,1,0,0,0,0,0,0,238.01827484428648,31.866643677448014,1
7797,1,1.0,0,0,0,1,0,0,0,0,0,0,0,0,0,97.81213775831658,23.74446642525763,1
7798,0,0.23405777501749914,0,0,1,0,0,0,1,0,0,0,0,0,0,106.94636258147655,37.17224757239325,1
7799,0,0.049781001523043766,0,0,0,0,0,0,1,0,0,0,0,0,0,95.81451984943007,43.78637969040483,1
7800,0,1.0,0,0,1,0,0,0,1,0,0,0,0,0,0,220.27579515772882,32.70654971806927,1
7801,0,0.3457642200546821,0,0,0,0,0,0,1,0,0,0,0,0,0,184.41623400028078,39.05151954178674,1
7802,0,0.5336169313092108,0,0,1,0,0,0,1,0,0,0,0,0,0,235.7981199568433,33.107574180189474,1
7803,0,1.0,0,0,1,0,0,0,0,0,0,0,1,0,0,133.0103725032818,23.54404127828093,1
7804,1,1.0,0,0,1,0,0,0,0,0,0,0,0,0,0,197.82351215848107,23.943619954963484,1
7805,0,1.0,0,0,1,0,0,0,0,0,0,0,0,0,0,265.8976706575949,36.3733614016958,1
7806,0,0.4893227474751214,0,0,1,0,1,0,0,0,0,0,0,0,0,103.55233068686879,26.174557680807222,1
7807,1,1.0,0,0,1,0,0,0,0,0,0,0,0,0,0,196.63615089576135,24.55282010688169,1
7808,0,0.7322256853958825,0,0,1,1,0,0,1,0,0,0,0,0,0,111.91867082247505,35.95401870113776,1
7809,1,1.0,0,0,1,0,0,0,1,0,0,0,0,1,0,237.5049693276635,28.920694816420397,1
7810,0,0.5292150029872927,0,0,1,0,0,0,1,0,0,0,1,0,0,196.97834744829726,35.558430005974586,1
7811,0,1.0,1,0,0,0,0,0,1,0,0,0,0,1,0,188.04249403050488,36.5,1
7812,1,0.05936000081388615,0,0,1,0,0,0,0,0,0,0,1,0,0,103.28456799800598,27.3534240007325,1
7813,0,1.0,0,0,1,0,0,0,1,0,0,0,1,0,0,146.5956070940925,28.88314936542652,1
7814,1,1.0,0,0,1,0,0,0,0,0,0,0,0,0,0,205.5909646755992,42.077618641114235,1
7815,1,0.0,0,0,1,0,0,0,1,0,0,0,0,0,0,223.00318777264357,47.021504077837655,1
7816,0,0.0,0,0,1,0,0,0,0,0,0,0,0,0,0,87.00608493516879,31.426676799289503,1
7817,0,1.0,0,0,1,0,0,0,0,0,0,0,0,0,0,104.41104580710383,20.83900976362213,1
7818,0,1.0,0,0,1,0,0,0,0,0,0,0,0,0,0,187.19449046820537,29.57488494493744,1
7819,1,0.015070891558508381,0,0,1,0,0,0,1,0,0,0,0,0,0,96.60265954890914,26.4,1
7820,1,0.05422528299153906,0,0,0,0,0,0,0,0,0,1,0,0,0,57.964704181114584,30.536690603956686,1
7821,0,1.0,0,0,1,1,0,0,0,0,0,0,0,0,0,214.10028579081242,21.500899856236103,1
7822,0,1.0,0,0,1,0,0,0,0,0,0,0,1,0,0,152.52851162588965,28.135647476506122,1
7823,0,1.0,0,0,1,1,0,0,0,0,0,0,1,0,0,200.06162977269125,28.295506363588316,1
7824,0,0.0,0,0,1,0,0,0,1,0,0,1,0,0,0,85.56815439550125,34.43076718096545,1
7825,0,1.0,0,0,1,0,0,0,1,0,0,0,1,0,0,182.95293194976233,28.586549894892258,1
7826,1,1.0,0,0,1,0,0,0,0,1,0,0,0,0,0,81.46120056869299,17.275999562543852,1
7827,1,0.48013493963837317,0,0,1,0,0,0,1,0,0,0,0,1,0,222.8900599521113,52.230772049290806,1
7828,1,1.0,0,0,1,0,0,0,1,0,0,0,0,1,0,237.78616665027835,28.413885688451785,1
7829,0,0.0,0,0,0,1,0,0,0,0,0,0,0,0,0,85.22870758915725,29.852025752092203,1
7830,0,1.0,0,0,0,1,0,0,1,0,0,0,0,0,0,206.72728905060364,30.873738941210515,1
7831,1,1.0,0,0,1,0,0,0,0,0,0,0,0,0,0,199.32100969841812,26.86470871528969,1
7832,0,1.0,0,0,1,0,0,0,0,0,0,1,0,0,0,104.67908468913664,20.656732171038833,1
7833,1,0.32581305117038617,0,0,1,0,0,0,0,0,0,0,0,0,0,61.24558744270549,28.401259964616223,1
7834,0,1.0,0,0,1,1,0,0,1,0,0,0,0,0,0,141.86030919678007,28.61644121068121,1
7835,1,1.0,1,0,1,0,0,0,0,1,0,0,1,0,0,89.3180478674814,34.07065490596517,1
7836,0,0.3958260618274082,1,0,1,0,0,0,0,0,0,0,0,0,0,170.52910936719996,31.137495637096443,1
7837,1,1.0,0,0,0,1,0,0,0,0,0,0,0,0,0,97.9486332092793,22.79593871517782,1
7838,0,1.0,0,0,1,0,0,0,1,0,0,0,1,0,0,139.87964650945287,30.041655815351717,1
7839,1,1.0,0,0,0,0,0,0,1,0,0,0,0,0,0,207.6613653396688,42.325210267888686,1
7840,1,1.0,0,0,1,0,0,0,1,0,0,0,0,0,0,234.01080215313308,33.22640672830694,1
7841,1,1.0,0,0,1,0,0,0,0,0,0,0,0,1,0,125.42935954630633,29.878597999578027,1
7842,0,1.0,0,0,1,1,0,0,0,0,0,0,0,0,0,68.55732333495828,26.021555663885522,1
7843,0,0.4309830628472584,0,0,1,0,0,0,1,0,0,0,0,0,1,97.3794339097049,28.15183726173603,1
7844,1,1.0,0,0,1,0,0,0,0,0,0,0,0,0,0,107.21716773207328,32.61546922690065,1
7845,0,1.0,0,0,1,1,0,0,0,0,0,0,0,0,0,72.9747059020465,31.26775021481029,1
7846,0,0.4388497875648256,1,0,1,1,0,0,1,0,0,0,0,0,0,112.19510798300519,40.26186608341939,1
7847,1,1.0,0,0,1,0,0,0,0,0,0,0,0,0,0,67.1118390107363,23.693566896728516,1
7848,0,1.0,0,0,1,0,0,0,0,1,0,0,0,0,0,91.37078249404505,31.88812742102391,1
7849,1,0.09473891477934415,0,0,0,1,0,0,0,0,0,0,0,0,0,83.13199763715154,26.375791131823476,1
7850,0,1.0,0,0,1,0,0,0,0,0,0,0,0,0,0,199.23353950073087,26.657909929319512,1
7851,1,0.2862590353831832,0,0,1,0,0,0,1,0,0,0,0,0,0,58.44209861352132,37.482445787700904,1
7852,0,0.0,0,0,0,0,0,0,0,0,0,0,0,0,0,82.75890324924613,24.593331459243004,1
7853,1,0.350136078297425,0,0,1,0,0,0,1,0,0,0,0,0,0,103.23141639959012,31.25994556868103,1
7854,0,1.0,0,1,1,0,0,0,1,0,0,0,0,0,0,127.35643573077564,27.57404378180083,1
7855,1,1.0,0,0,0,0,0,0,0,0,0,0,0,0,0,69.62072768725189,25.022062435120876,1
7856,0,0.5365781900286203,0,0,1,0,0,0,1,0,0,0,0,0,0,220.72562532763789,35.368318515896966,1
7857,0,1.0,0,1,1,1,0,0,0,0,0,0,0,0,0,113.47806648245626,36.59317015750042,1
7858,0,1.0,0,0,1,0,0,0,0,0,0,1,0,0,0,104.5999928489671,20.52178874705289,1
7859,1,0.16249841547444144,0,1,1,1,0,0,1,0,0,0,0,0,0,216.17537894546865,30.545004436671565,1
7860,1,1.0,0,0,0,1,0,0,0,0,0,0,0,1,0,95.68779909533748,21.63645598349053,1
7861,0,0.686024223935891,0,0,1,0,0,0,1,0,0,0,0,0,0,72.87128909922886,28.996553974521806,1
7862,0,0.0,0,0,0,0,0,0,1,0,0,0,0,0,0,92.89489189380058,31.550176901053597,1
7863,0,1.0,0,0,1,1,0,0,0,0,0,0,0,0,0,216.10531392766148,27.827839158560465,1
7864,1,0.3093846876133637,0,0,1,0,0,0,0,0,0,0,0,0,0,61.228666228241764,28.476830436978528,1
7865,0,0.5724077259677651,1,0,1,0,0,0,1,0,0,0,0,0,0,248.27966609325802,38.49031631204849,1
7866,0,1.0,0,0,1,1,0,0,0,0,0,0,0,0,0,219.6047902542168,26.395480475541767,1
7867,0,0.6363885508099362,0,0,1,0,0,0,1,0,0,0,0,0,0,104.55282095104536,32.10002740589093,1
7868,0,1.0,0,0,1,0,0,0,0,0,0,0,0,0,0,56.64336311878561,25.218141441292158,1
7869,1,0.33038874346248237,0,0,1,1,0,0,1,0,0,0,0,0,0,104.74457600785837,28.522438350811186,1
7870,0,0.9706680277938705,0,0,1,0,0,0,0,0,0,0,0,0,0,120.21654463068911,36.967192241574935,1
7871,0,0.17571524583682585,0,0,1,0,0,0,0,0,0,0,0,0,0,110.7466726671295,28.28914170499581,1
7872,0,0.40288337998449664,0,0,1,0,0,0,1,0,0,0,0,0,0,221.01574306543364,35.84961983205581,1
7873,0,0.5758149442540238,0,0,1,0,0,0,1,0,0,0,0,1,0,72.08948056582358,28.442418505574597,1
7874,1,0.4466887217446649,0,0,0,1,0,0,0,0,0,0,0,0,0,82.73077485721107,26.657350977395733,1
7875,0,1.0,0,1,1,1,0,0,0,0,0,0,0,0,0,113.37095539656877,36.66297288762934,1
7876,0,1.0,0,0,1,1,0,0,0,0,0,0,0,0,0,254.57357031798895,31.933894019576364,1
7877,0,1.0,0,0,1,0,0,0,0,1,0,0,0,0,0,76.22160878895387,25.892758747973,1
7878,0,1.0,0,0,0,1,0,0,0,0,0,0,0,0,0,202.75425626058023,29.913188295603472,1
7879,0,1.0,0,0,1,0,0,0,0,0,0,0,0,0,0,103.11685633936584,26.529525991845883,1
7880,0,0.8181915343330503,0,1,1,0,0,0,1,0,0,0,0,0,0,246.2518854175847,38.845542962430756,1
7881,0,1.0,0,0,1,0,0,0,1,0,0,0,1,0,0,76.30278398958883,21.363229737585357,1
7882,0,0.7141191409249159,0,0,1,0,0,0,0,0,0,0,1,0,0,78.83430570308902,28.842590625479865,1
7883,1,0.0,0,0,1,0,0,0,1,0,0,0,0,0,0,60.70395400422775,29.527154864793072,1
7884,1,0.6900753541887977,0,0,1,0,0,0,0,0,0,0,0,0,0,61.2953567367127,26.136796543690245,1
7885,0,1.0,0,0,1,0,0,0,1,0,0,0,0,1,0,238.3489210506306,29.068995164048854,1
7886,0,1.0,0,1,1,0,0,0,0,0,0,0,0,0,0,118.25747099973098,35.4562820422762,1
7887,1,1.0,1,0,1,0,0,0,0,1,0,0,1,0,0,90.01674546761534,33.5900692550794,1
7888,1,0.6322914918724568,0,0,0,1,0,0,0,0,0,0,0,0,0,82.51918769926539,26.805833193497968,1
7889,0,1.0,1,0,1,1,0,0,1,0,0,0,0,0,0,221.3403099886113,26.22260390433488,1
7890,0,1.0,0,0,1,0,0,0,0,0,0,0,0,0,0,199.63038821590393,27.34311634400683,1
7891,0,1.0,0,0,0,0,0,0,1,0,0,0,0,0,0,112.21351876716727,26.190323390289997,1
7892,0,0.665784401468871,0,0,1,1,0,0,1,0,0,0,0,0,0,189.45765154545953,38.469225235740275,1
7893,0,1.0,0,0,1,0,0,0,0,0,0,0,0,0,0,262.2638323062844,36.69642984932004,1
7894,0,1.0,0,0,1,0,0,0,1,0,0,0,0,0,0,76.58987877887444,23.117825534851928,1
7895,0,1.0,0,0,1,0,0,0,0,0,0,0,0,0,0,103.87819096498508,24.21575474364417,1
7896,0,1.0,0,0,1,0,0,0,1,0,0,0,0,0,0,143.30117218037324,27.51497203210813,1
7897,0,0.9769529115933926,1,0,1,0,0,0,1,0,0,0,0,1,0,243.71205981656988,33.65070359449454,1
7898,1,0.8967465499077446,1,0,1,0,0,0,0,1,0,0,0,1,0,173.42716934988096,24.712448805636562,1
7899,1,1.0,0,0,0,1,0,0,1,0,0,0,0,0,0,97.02623973864982,21.773918664597378,1
7900,1,0.7724661230635367,0,0,1,0,0,0,0,0,0,0,0,0,0,106.10900487474152,24.673615181583976,1
7901,1,1.0,0,0,1,1,0,0,1,0,0,0,0,1,0,225.52886856457175,29.855920286529027,1
7902,0,0.872591928304571,0,0,0,1,0,0,0,0,0,0,0,1,0,89.9364579373261,27.091112107543143,1
7903,1,0.3607371168186372,0,0,1,0,0,0,1,0,0,0,0,1,0,78.99165851284194,30.4031891714995,1
7904,0,0.9248570468224134,0,0,1,0,0,0,0,0,0,0,0,0,1,76.11150285906355,27.495371678261726,1
7905,0,0.8657975736736497,0,0,0,1,0,0,1,0,0,0,0,0,0,88.91401846797592,38.242868006876954,1
7906,0,1.0,0,0,1,0,0,0,0,1,0,0,0,1,0,90.99292535894875,31.613145964045945,1
7907,0,1.0,0,0,1,0,0,0,0,0,0,0,0,1,0,73.60901064921745,25.441558806625874,1
7908,0,1.0,0,0,1,0,0,0,0,1,0,0,0,1,0,90.44976034688017,31.824768696020712,1
7909,0,1.0,0,0,1,0,0,0,0,0,0,0,1,0,0,135.0089842994057,27.184859568171852,1
7910,0,1.0,1,0,1,0,0,0,0,1,0,0,0,0,0,57.60260343894862,25.448795765387697,1
7911,0,0.34917204951067193,0,0,1,0,0,0,0,0,0,0,0,0,0,209.7300721067932,43.50165590097866,1
7912,0,0.0,1,0,1,1,0,0,1,0,0,0,0,0,1,210.59533978289204,40.4883494572301,1
7913,1,1.0,0,0,1,0,0,0,0,0,0,0,0,1,0,94.34341503120672,22.94830803431608,1
7914,0,0.5628518949549653,0,0,1,0,0,0,0,0,0,0,0,0,0,166.11367627485936,33.386866589081066,1
7915,0,0.7321264171825592,1,0,0,1,0,0,0,0,0,0,0,0,0,79.55694998294884,29.16425283436512,1
7916,0,1.0,1,0,1,0,0,0,1,0,0,0,0,1,0,241.47202255788915,29.6135670149193,1
7917,0,0.12866640765971749,0,0,1,0,0,0,0,0,0,0,0,1,0,71.40656629110659,28.551466563063887,1
7918,0,0.9989046997630767,0,0,1,0,0,0,0,0,0,0,0,0,0,61.94240966052123,25.304490730971388,1
7919,0,0.0,0,0,1,1,0,0,1,0,0,0,0,0,0,87.0452507393875,30.4056171368533,1
7920,0,0.0,0,0,1,0,0,0,1,0,0,0,0,0,0,245.78096477584964,34.01929415295165,1
7921,0,0.2252071002162016,0,0,1,0,0,0,0,0,0,0,0,0,0,101.52266390638815,31.917976330497265,1
7922,0,1.0,1,0,0,0,0,0,0,0,0,0,0,1,0,184.84725977651223,36.945742346362934,1
7923,0,1.0,0,1,0,0,0,0,1,0,0,0,0,0,0,206.75398128510483,31.71918246722465,1
7924,1,1.0,0,0,0,0,0,0,1,0,0,0,0,1,0,93.54215211971615,23.685811218207007,1
7925,1,1.0,0,0,1,0,0,0,1,0,0,0,0,0,0,235.28353438095226,32.49822659796263,1
7926,1,0.36829546765570953,0,0,1,0,0,0,1,0,0,0,0,0,0,74.30151364318097,21.457568215904846,1
7927,0,1.0,0,0,1,0,0,0,1,0,0,0,0,1,0,238.42443712349134,28.979256333070808,1
7928,0,0.0,0,0,1,0,0,0,0,0,0,0,0,0,0,87.98423707935189,30.06445681642826,1
7929,0,0.1633797896323419,0,0,1,0,0,0,1,0,0,0,0,0,0,250.99607942900576,35.1301428625074,1
7930,0,1.0,0,0,1,1,0,0,1,0,0,0,0,0,0,73.28507547421825,24.803186862052126,1
7931,1,0.3858311496811073,0,0,1,0,0,0,0,0,0,0,0,1,0,93.00700818047768,25.05983639044645,1
7932,0,0.3341430223838622,0,0,1,0,0,0,0,0,0,0,1,0,0,198.3860134040906,32.66221337688876,1
7933,1,0.8179041768324394,0,0,1,0,0,0,0,0,0,0,0,0,0,116.52996945945156,29.77070049087681,1
7934,1,0.038363861355701134,0,0,0,0,0,0,0,0,0,0,1,0,0,82.34713675737248,24.095909653389253,1
7935,0,1.0,0,0,1,0,0,0,0,0,0,0,0,0,0,131.2252399564435,27.650623599561055,1
7936,1,1.0,0,0,1,0,0,0,1,0,0,0,0,0,0,99.41098530663058,27.53342513026789,1
7937,1,1.0,0,0,0,0,0,0,0,1,0,0,0,0,0,79.19426773251477,29.459300093945366,1
7938,1,1.0,0,0,0,0,0,0,1,0,0,0,0,1,0,90.97330086936404,23.54631746493299,1
7939,0,1.0,0,1,1,1,0,0,0,0,0,0,1,0,0,249.24276508591873,37.17415530533831,1
7940,0,0.0,1,0,1,1,0,0,1,0,0,0,0,0,1,210.42144591655008,40.05361479137517,1
7941,0,1.0,0,0,1,0,0,0,0,0,0,0,0,0,0,262.84602635033093,37.80086299520774,1
7942,0,1.0,0,0,1,1,0,0,0,0,0,0,0,0,0,136.217833525044,29.22989071203291,1
7943,0,1.0,0,0,1,0,0,0,1,0,0,0,0,0,0,79.40977030862983,23.571483259850037,1
7944,0,1.0,0,0,1,0,0,0,0,0,0,0,0,0,0,195.7788348955672,28.064982538422104,1
7945,1,1.0,0,0,0,1,0,0,0,0,0,0,0,0,0,96.79803451610141,21.851572299486755,1
7946,0,1.0,0,1,1,0,0,0,0,0,0,0,0,0,1,116.3802268200424,37.09779366277063,1
7947,1,0.5963533055065222,1,0,1,0,0,0,0,1,0,0,0,1,0,171.41153067994875,26.785162192004996,1
7948,0,1.0,0,0,1,0,0,0,0,0,0,0,0,0,0,57.779503830814164,24.617741878025033,1
7949,1,0.420896528759226,0,0,1,1,0,0,1,0,0,0,1,0,0,107.0411338050452,36.24297943894833,1
7950,1,1.0,1,0,1,0,0,0,0,1,0,0,0,0,0,200.08114013845892,27.949842851200547,1
7951,1,1.0,0,0,0,0,0,0,1,0,0,0,0,1,0,93.85303187388361,23.361011475046972,1
7952,1,1.0,1,0,1,0,0,0,0,0,0,0,0,0,0,175.08261032174045,24.789340463827173,1
7953,1,1.0,0,0,1,0,0,0,1,0,0,0,0,0,0,235.1903892694999,32.551518577151796,1
7954,1,1.0,0,0,0,0,0,0,1,0,0,0,0,1,0,128.58119670207418,24.68058617361112,1
7955,1,1.0,0,0,0,0,0,0,1,0,0,0,0,1,0,128.38475502970326,25.13995746900164,1
7956,0,0.0,0,0,0,0,0,0,0,0,0,0,0,0,0,82.76648490140565,24.60272465660877,1
7957,0,1.0,0,0,1,0,0,0,1,0,0,0,0,0,0,143.84446275246685,27.136098343674444,1
7958,0,0.07833821776200667,0,1,1,0,0,0,1,0,0,0,0,0,0,240.47092590900175,30.984807445861364,1
7959,1,0.9274252019552892,0,0,0,1,0,0,0,0,0,0,0,1,0,79.67315457514802,29.77983227784918,1
7960,0,0.14968229184240112,0,0,1,0,0,0,0,0,0,0,0,0,0,110.80499880180743,31.82038124978912,1
7961,0,0.7871499139616426,0,0,0,0,0,0,0,0,0,0,0,0,0,91.36056013766137,32.70843492256548,1
7962,0,1.0,0,0,1,1,0,0,1,0,0,0,0,0,0,97.80099635501621,26.13500260355985,1
7963,0,1.0,0,0,1,1,0,0,0,0,0,0,0,0,0,135.3823890297846,29.08568280145879,1
7964,0,0.16710640511277053,0,0,1,0,0,0,0,1,0,0,0,0,0,119.0493490711879,34.81486373903764,1
7965,0,0.8749110901635965,0,0,1,1,0,0,0,1,0,0,0,0,0,99.13361041155684,33.18713546967075,1
7966,1,0.8702170342773887,1,0,1,0,0,0,0,0,0,0,0,1,0,175.003821996571,24.480196973173662,1
7967,0,0.5568183602783076,0,0,1,0,0,0,0,0,0,0,0,0,0,140.01670345149398,37.99317928404803,1
7968,0,1.0,0,0,1,0,0,0,1,0,0,0,0,0,1,251.35865056964784,28.293036847909868,1
7969,1,1.0,1,0,1,0,0,0,0,1,0,0,1,0,0,89.91434576332072,33.66050291411802,1
7970,1,1.0,0,0,1,0,0,0,0,0,0,0,0,0,0,192.0822179203728,32.28274367068767,1
7971,0,1.0,0,0,1,0,0,0,1,0,0,0,0,0,0,232.52641387694894,37.66782327905649,1
7972,0,0.0,0,0,1,0,0,0,1,0,0,0,0,1,0,61.134651020239545,29.865224300272516,1
7973,0,0.1630721671553763,0,0,1,1,0,0,1,0,0,0,0,0,0,211.0510146252496,44.49352990087968,1
7974,0,1.0,0,1,0,0,0,0,1,0,0,0,0,0,0,205.34341367612234,31.00677458390017,1
7975,1,0.02256858320237709,0,0,1,0,0,0,1,0,0,0,0,0,0,58.118436414834996,39.0442767759036,1
7976,0,1.0,0,0,1,0,0,0,0,0,0,0,0,1,0,103.72965758367363,24.830712782930856,1
7977,1,0.0,0,0,1,1,0,0,1,0,0,0,0,0,0,61.90952713192126,30.14378710534665,1
7978,0,1.0,0,0,1,0,0,0,0,0,0,0,0,0,0,189.5825691656621,30.96938345440124,1
7979,0,1.0,0,0,1,0,0,0,1,0,0,0,0,0,0,220.310455788575,32.64459593346496,1
7980,1,1.0,1,0,1,0,0,0,0,0,0,0,0,0,0,122.31677995270061,31.328236673589732,1
7981,0,0.21302420061879912,0,0,1,1,0,0,0,0,0,0,1,0,0,199.5740511749617,35.43785885894804,1
7982,1,0.9436181461467684,0,0,1,0,0,0,1,0,0,0,0,0,0,59.35044620108074,32.9068143599632,1
7983,1,1.0,0,0,1,0,0,0,0,0,0,0,0,1,0,177.917253617149,25.292839266539048,1
7984,0,1.0,1,0,0,0,0,0,1,0,0,0,0,1,0,186.60653594153516,36.5,1
7985,1,0.5603486743503234,0,0,1,0,0,0,0,0,0,0,0,0,0,99.56432273140804,28.81551185590955,1
7986,1,1.0,0,0,0,0,0,0,0,0,0,0,0,0,0,82.62377274738994,26.937169094075667,1
7987,0,0.35484572343065823,0,0,1,0,0,0,1,0,0,0,0,0,0,238.82996521178393,31.71936115108759,1
7988,0,1.0,0,0,1,1,0,0,1,0,0,0,0,0,0,69.20780239681943,23.270442427219056,1
7989,1,1.0,0,0,1,1,0,0,0,0,0,0,0,1,0,227.98684572720043,27.926798647068942,1
7990,0,0.5476161006537471,0,0,1,0,0,0,1,0,0,0,1,0,0,198.47882104644387,36.18333127045762,1
7991,0,1.0,0,0,1,0,0,0,1,0,0,0,0,1,0,72.78123866345138,27.054985084401356,1
7992,0,1.0,1,0,1,1,0,0,1,0,0,0,0,0,0,221.41972458553403,26.88968651848592,1
7993,0,0.915351246415371,0,1,0,0,0,0,0,0,0,0,0,0,0,216.90952644870953,30.90846487535846,1
7994,0,1.0,0,0,1,0,0,0,0,0,0,0,0,0,0,206.35359039520785,27.39177569783051,1
7995,0,0.22458238265390107,0,0,1,0,0,0,1,0,0,0,0,0,0,109.89013820081203,32.11229119132695,1
7996,0,1.0,0,0,1,0,0,0,1,0,0,1,0,0,0,209.6805463020429,35.90134596155494,1
7997,1,0.0,0,0,0,0,0,0,0,0,0,0,0,0,0,58.23794549144618,30.43728397658346,1
7998,0,0.7012933420883841,0,0,1,0,0,0,0,0,0,0,0,0,0,92.19118051424732,31.04155201050606,1
7999,0,0.21095939579795286,0,0,0,1,1,0,0,0,0,0,0,1,0,83.90676643984085,29.34136902714348,1
8000,1,0.3509756239260914,0,0,1,0,0,0,0,0,0,0,0,0,0,116.47860731863187,26.362122054660468,1
8001,1,0.5953462583514498,0,0,1,0,0,0,1,0,0,0,0,1,0,222.59972742895434,51.18234904900181,1
8002,0,1.0,1,0,1,0,0,0,1,0,0,0,1,0,0,176.79780162334404,30.16148158763192,1
8003,0,0.19187318440450152,0,0,1,1,0,0,1,0,0,0,0,0,0,222.26223397774473,36.26388480421569,1
8004,1,0.06121665814357202,0,0,1,0,0,0,0,0,0,0,0,0,1,97.76979466530298,29.434715023012355,1
8005,0,1.0,0,0,1,0,0,0,0,0,0,0,0,0,0,207.3959245651482,30.127313338397915,1
8006,0,0.010783316579413893,0,0,1,0,0,0,1,0,0,0,0,1,0,71.23628280803491,28.49892166834206,1
8007,0,1.0,0,1,0,0,0,0,1,0,0,0,0,0,0,205.8254842237023,31.250244557425393,1
8008,1,0.046684819899273755,0,0,0,0,0,0,1,0,0,0,0,0,0,83.27688100772042,26.309336963979856,1
8009,0,1.0,0,0,1,1,0,0,0,0,0,0,0,0,0,219.1941594995263,27.505498618163415,1
8010,1,1.0,0,0,0,0,0,0,0,0,0,0,0,0,0,83.11815492815536,27.621120989972912,1
8011,0,1.0,0,0,0,0,0,0,1,0,0,0,0,0,0,183.53854694676357,35.22232854014696,1
8012,0,1.0,0,0,1,0,0,0,0,0,0,0,0,0,0,73.67662943385935,28.82960633329655,1
8013,1,0.9456735370508046,0,0,1,0,0,0,1,0,0,0,0,1,0,74.85708209427014,22.107645012986367,1
8014,1,0.408927235756672,0,0,1,0,0,0,1,0,0,0,0,0,0,96.9334988780356,26.4,1
8015,1,0.6619698394506341,0,0,0,0,0,0,0,0,0,0,0,0,0,58.8699971720199,31.826757775230885,1
8016,0,1.0,0,0,1,0,0,0,0,1,0,0,0,0,0,75.49458299793525,26.925398346569292,1
8017,0,1.0,0,0,1,0,0,0,0,0,0,0,0,0,1,194.753459419528,26.120473314120407,1
8018,0,0.5504010939922627,0,0,1,0,0,0,0,0,0,0,0,0,1,119.36747465840119,36.21552142218994,1
8019,1,1.0,0,0,1,0,0,0,0,0,0,0,0,0,0,67.18247961953828,24.052966485370185,1
8020,0,1.0,0,0,0,0,0,0,0,0,0,0,0,0,0,70.19334154263929,26.61263586560541,1
8021,0,1.0,0,0,0,0,0,0,1,0,0,0,0,0,0,112.37569895827507,25.74432786474356,1
8022,0,0.8106038482601611,0,0,1,0,0,0,1,0,0,0,0,1,0,72.44401181087285,28.418939615173983,1
8023,1,0.7355207057935812,0,0,1,0,0,0,1,0,0,0,0,0,0,104.41069335972836,31.105791717682568,1
8024,1,1.0,0,0,1,1,0,0,1,0,0,0,0,0,0,105.73103673160901,31.672416752117112,1
8025,1,1.0,0,0,1,0,0,0,1,0,0,0,0,0,0,227.5049822524084,30.34425805865235,1
8026,1,0.720616290663715,0,0,1,1,0,0,1,0,0,0,0,0,0,105.02163756637124,29.966280275455745,1
8027,0,1.0,0,0,1,0,0,0,0,0,0,0,1,0,0,135.24625419261707,27.65247176647157,1
8028,1,1.0,0,0,1,1,0,0,0,0,0,0,0,1,0,228.51785120210258,26.938881484460293,1
8029,0,1.0,0,0,1,1,0,0,0,1,0,0,0,0,0,75.18916912838664,26.672116159282513,1
8030,1,0.0,0,0,0,0,0,0,0,0,0,0,0,1,0,67.98635447973291,37.24627968323178,1
8031,0,1.0,1,0,1,1,0,0,1,0,0,0,0,0,0,221.70032078017724,29.246694553488812,1
8032,0,0.9623026095773294,0,1,1,0,0,0,1,0,0,0,0,0,1,250.50171687864648,28.224401388394813,1
8033,0,1.0,0,0,1,0,0,0,0,1,0,0,0,0,0,134.20885690263103,29.928303743049774,1
8034,1,0.4577000243789209,0,0,1,0,0,0,1,0,0,0,0,1,0,79.20982505485257,30.296529973183187,1
8035,1,0.14810079862712744,0,0,0,1,0,0,0,1,0,0,0,1,0,68.4524543319912,37.04088752425591,1
8036,1,0.7463138125690768,0,0,1,0,0,0,1,0,0,0,0,1,0,59.72336103801517,32.36283558147795,1
8037,1,1.0,0,0,1,0,0,0,0,0,0,0,0,1,0,127.26359913481605,27.73091240543691,1
8038,1,0.8314009515659632,0,0,1,1,0,0,1,0,0,0,0,0,0,58.96452177333565,25.16101457607401,1
8039,1,1.0,0,0,1,1,0,0,1,0,0,0,0,1,0,223.96566445306044,29.916159365970696,1
8040,0,1.0,0,0,1,0,0,0,0,0,0,0,0,0,0,135.51403109490678,33.05733636787085,1
8041,0,1.0,0,0,1,0,0,0,1,0,0,0,1,0,0,223.487403152072,32.05004241515095,1
8042,0,1.0,0,1,1,1,0,0,0,0,0,0,1,0,0,251.1856375565794,33.44503348065376,1
8043,1,0.671779270254866,0,0,1,0,0,0,0,0,0,0,0,0,0,78.59650314755801,29.7923310946177,1
8044,0,1.0,0,0,1,1,0,0,0,0,0,0,0,0,0,193.22679870003773,36.15924010240774,1
8045,0,1.0,0,0,1,0,0,0,1,0,0,0,0,1,0,228.55130443918355,27.403339506369683,1
8046,1,1.0,0,0,1,0,0,0,0,0,0,0,0,1,0,185.11134281171488,27.968621109068927,1
8047,0,0.5345545447560391,0,0,1,0,0,0,1,0,0,0,1,0,0,198.5298917300039,36.17418818132923,1
8048,0,1.0,0,0,1,0,0,0,0,0,0,0,0,1,0,228.6545181840182,26.859896091324465,1
8049,0,0.5825517161035375,0,0,1,0,0,0,0,0,0,0,0,0,0,98.34482205000435,31.779737894076273,1
8050,1,0.0,0,0,1,0,0,0,0,0,0,0,0,0,0,170.20119382403846,33.457376540349365,1
8051,0,0.0,0,0,1,0,0,0,0,0,0,0,0,0,1,97.34772878668758,29.339068852333913,1
8052,1,1.0,0,0,0,1,0,0,1,0,0,0,0,0,0,97.482251506715,21.596429054272605,1
8053,1,1.0,0,0,0,0,0,0,1,0,0,0,0,1,0,89.71302711649763,23.14962112625833,1
8054,1,0.1600017767560571,0,0,0,1,0,0,0,0,0,0,0,1,0,78.43760286057726,30.62399804556834,1
8055,1,1.0,0,0,0,1,0,0,0,1,0,0,0,1,0,73.38038391485246,36.05726441588598,1
8056,0,1.0,0,0,1,1,0,0,1,0,0,0,0,0,0,103.03838082078,26.473857710386213,1
8057,1,0.8824427508790634,0,0,1,1,0,0,0,0,0,0,0,0,0,110.81120610779008,24.61725189613212,1
8058,0,1.0,0,0,1,0,1,0,0,0,0,0,0,0,0,106.55164535038371,23.910755211923416,1
8059,1,0.7905932860500664,0,0,1,0,0,0,1,0,0,0,0,0,0,104.5792154553132,31.083762685579973,1
8060,0,0.0,0,0,1,0,0,0,1,0,0,0,0,1,0,64.10195099959415,29.405889938143318,1
8061,1,0.0,0,0,0,1,0,0,0,0,0,0,0,0,0,82.28247397850859,24.005927240176824,1
8062,1,1.0,0,0,1,0,0,0,0,0,0,0,0,0,0,108.70266829273484,31.41836254797925,1
8063,0,0.6680194525125599,0,0,1,0,0,0,0,0,0,0,1,0,0,199.49114438781658,30.82589301118092,1
8064,1,1.0,0,0,0,1,0,0,0,1,0,0,0,1,0,72.94740218237574,36.322957751723976,1
8065,0,0.5802285321991417,0,0,1,0,0,0,0,0,0,0,0,0,0,162.17777943210206,30.37521122065545,1
8066,0,1.0,0,0,1,0,0,0,0,0,0,0,0,0,0,72.69782985392818,29.130316032509057,1
8067,0,1.0,1,0,1,0,0,0,0,1,0,0,0,0,0,75.44082136007457,26.56358331491459,1
8068,1,0.3297460239556408,0,0,1,1,0,0,0,0,0,0,0,1,0,64.25903142646803,42.65411108384474,1
8069,1,0.1879035887984165,0,0,1,0,0,0,0,0,0,0,0,0,0,60.250839464700704,27.492660310244275,1
8070,0,0.6247953987187252,0,0,1,0,0,0,0,0,0,0,0,0,0,62.765450122818805,26.838338865253228,1
8071,0,1.0,0,0,1,0,0,0,0,0,0,0,0,0,0,114.955225332385,29.82148866309346,1
8072,1,1.0,0,0,1,0,0,0,1,0,0,0,0,0,1,97.8165079532919,26.794395870706023,1
8073,1,1.0,0,0,1,0,0,0,0,0,0,0,0,0,0,107.91728735650452,23.962636410140725,1
8074,1,1.0,0,0,0,1,0,0,0,0,0,0,0,1,0,130.69559172960177,21.584380868614737,1
8075,0,0.9019161078378828,0,0,1,0,0,0,0,0,0,0,0,0,0,93.72859036950544,28.21555671272986,1
8076,0,1.0,0,0,1,0,0,0,0,0,0,0,0,0,0,137.99490950251922,31.369591479373376,1
8077,0,1.0,0,0,0,0,0,0,0,0,0,0,0,1,0,90.89149881222669,26.237745876569207,1
8078,0,1.0,0,0,1,1,0,0,0,0,0,0,0,0,0,214.72033067243666,27.09286588617132,1
8079,0,0.0,0,0,1,0,0,0,1,0,0,0,0,0,0,72.55174911305927,29.72303489974831,1
8080,0,0.25558074618667403,0,0,1,0,0,0,1,0,0,0,0,0,0,97.09093826252588,26.19553540305066,1
8081,0,0.9712199118854944,0,0,1,1,0,0,1,0,0,0,0,0,0,205.95160235600255,45.94819584139389,1
8082,0,0.0,0,0,1,1,0,0,0,0,0,0,0,0,0,110.81222249851723,30.466882201558235,1
8083,1,1.0,0,0,0,0,0,0,1,0,0,0,0,0,0,210.06083014580042,40.18938624017766,1
8084,0,1.0,0,0,1,1,0,0,0,0,0,0,0,0,0,73.45491609614203,30.21465768389905,1
8085,1,1.0,0,0,1,1,0,0,0,0,0,0,0,1,0,228.4295546560379,27.103154128301547,1
8086,1,0.0,0,0,1,0,0,0,0,0,0,0,0,0,0,163.83257419601864,28.41375812850717,1
8087,0,0.0,0,0,1,0,0,0,1,0,0,0,0,0,0,63.366360850430056,29.837908952586762,1
8088,0,0.34939347674789656,0,0,1,0,0,0,1,0,0,0,0,0,0,86.41180591255933,30.93133435115463,1
8089,0,0.889687412571665,0,0,1,0,0,0,1,0,0,0,0,0,0,93.80007186713145,28.68753139862817,1
8090,0,1.0,0,0,1,1,0,0,0,1,0,0,0,0,0,196.17566557559127,24.88665088100188,1
8091,0,0.9011776232173556,0,0,1,0,0,0,0,0,0,0,0,0,0,104.05181256001998,23.87552503177405,1
8092,0,0.2493309857183451,0,0,1,1,0,0,1,0,0,0,0,0,0,172.24228380201646,33.6769401414168,1
8093,1,0.48860492587798476,0,0,1,1,0,0,0,0,0,0,0,1,0,227.5684363179688,48.21595310377082,1
8094,0,0.6032221356579637,0,0,1,0,0,0,1,0,0,0,0,0,0,86.49303108341056,30.37291130155248,1
8095,0,0.6744188674809886,1,0,1,1,0,0,0,0,0,0,0,0,0,177.12627758740723,30.262791696427755,1
8096,0,0.0,0,0,1,0,0,0,1,0,0,0,0,0,0,86.90752265348277,41.02782811885061,1
8097,0,1.0,1,0,1,0,0,0,0,1,0,0,1,0,0,196.18958913811434,27.332648836949605,1
8098,0,0.043846852496629896,0,0,0,0,0,0,1,0,0,0,0,0,0,104.94243208269366,31.94823153774629,1
8099,0,0.0,1,0,1,1,0,0,1,0,0,0,0,0,1,211.53127519834337,42.828187995858364,1
8100,0,1.0,0,0,1,0,0,0,1,0,0,0,1,0,0,77.43860366100172,22.882948971149453,1
8101,0,0.9436667222007602,0,0,1,0,0,0,0,0,0,0,0,0,0,205.7291229595889,42.31266655559848,1
8102,0,0.9761158086808572,0,0,1,0,0,0,0,0,0,0,0,0,1,77.77963571667064,27.557322059165944,1
8103,0,0.5499757604721974,0,0,0,0,0,0,0,0,0,0,0,0,0,91.74003878324449,32.49497818442498,1
8104,0,1.0,0,0,1,0,0,0,0,1,0,0,0,0,0,134.2643688106948,30.273098203073303,1
8105,0,1.0,0,0,1,0,0,0,1,0,0,0,0,0,0,185.41667951946,28.342552087950253,1
8106,0,0.26269330988000517,0,0,0,0,0,0,1,0,0,0,0,0,0,184.5973285844616,39.37549609146798,1
8107,1,1.0,0,0,0,0,0,0,1,0,0,0,0,1,0,92.36971570512549,23.985866928974126,1
8108,1,1.0,0,0,0,1,0,0,1,0,0,0,0,0,0,95.42826118768568,22.39588636407444,1
8109,1,0.5145711162678005,1,0,0,0,0,0,0,0,0,0,0,1,0,66.69989185955043,34.1864277906695,1
8110,0,0.20015421124936683,0,0,1,0,0,0,1,0,0,0,0,0,0,96.98230225404876,26.239876631000506,1
8111,0,0.3195894262599983,0,0,1,1,0,0,0,0,0,0,1,0,0,199.0508159170634,35.256697975358,1
8112,0,1.0,0,0,1,1,0,0,1,0,0,0,0,0,0,98.21528248428393,23.926412421419638,1
8113,0,1.0,0,0,1,1,0,0,0,0,0,0,0,0,0,191.90614032791717,37.25442021587357,1
8114,0,0.14745300926617955,0,0,1,1,0,0,1,0,0,0,0,0,0,107.99431598614558,38.42305638888059,1
8115,0,1.0,0,1,1,1,0,0,0,0,0,0,1,0,0,252.3383904026005,31.232456041073902,1
8116,0,0.18768266728588112,0,0,1,0,0,0,0,0,0,0,0,1,0,71.49213986756453,28.575073066914353,1
8117,0,0.24759076678799075,0,0,1,0,0,0,1,0,0,0,0,0,0,240.466204616606,30.31060062613284,1
8118,1,0.0,0,0,1,0,0,0,1,0,0,0,0,0,0,77.67429151035248,30.57798163869133,1
8119,0,0.0,0,0,1,1,0,0,1,0,0,0,0,0,0,86.28014277404333,31.217753083909248,1
8120,1,0.0,0,0,1,0,0,0,0,0,0,0,0,0,0,169.9670523184189,33.24284898284454,1
8121,0,0.476991915378175,0,0,1,1,0,0,1,0,0,0,0,0,0,103.72773325877979,27.252300808462184,1
8122,0,0.357721836492885,0,0,1,0,0,0,1,0,0,0,0,0,0,221.11374361481043,36.01220138862561,1
8123,1,1.0,0,0,1,0,0,0,0,0,0,0,0,1,0,190.14690507986182,36.30435607058133,1
8124,0,1.0,0,0,1,1,0,0,1,0,0,0,0,0,0,143.08302922875257,27.724874520701253,1
8125,1,0.7778777055368772,0,0,1,0,0,0,0,0,0,0,0,1,0,70.15590830054518,34.06681655830531,1
8126,0,1.0,1,0,1,0,0,0,1,0,0,0,0,1,0,241.83625067774153,30.302365178536977,1
8127,0,1.0,0,0,1,0,0,0,1,0,0,0,0,0,0,239.45253564209432,44.39170868187556,1
8128,1,1.0,0,0,1,0,0,0,1,0,0,0,0,0,0,79.7637967100627,22.345778407756278,1
8129,0,1.0,0,0,1,0,0,0,1,0,0,1,0,0,0,207.6443419088347,34.042724920389,1
8130,1,0.6928011986299087,0,0,1,0,0,0,1,0,0,0,0,1,0,74.65731294691763,21.677762037670846,1
8131,0,0.12903240013745743,0,0,1,0,0,0,0,0,0,0,0,0,0,88.12741966029553,31.216129160123714,1
8132,0,0.6576659175390093,0,0,1,0,0,0,0,0,0,0,0,0,0,251.552640778808,32.31437063704325,1
8133,0,0.0,0,0,1,0,0,0,0,0,0,0,0,0,0,87.18464196834434,32.38927507864072,1
8134,0,0.5613558241893379,0,0,1,0,0,0,1,0,0,0,1,0,0,196.96002718021208,35.622711648378676,1
8135,0,1.0,0,0,1,0,0,0,0,0,0,0,0,0,0,103.01645438665241,26.76649501550889,1
8136,0,1.0,0,0,0,1,0,0,0,0,0,0,0,0,0,131.9387020869834,21.947342379034673,1
8137,0,0.5176298283979672,0,0,1,1,0,0,1,0,0,0,0,0,0,222.89420186709205,34.50479892665098,1
8138,1,1.0,0,0,1,0,0,0,0,0,0,0,0,0,0,193.4347574689665,32.96026811989046,1
8139,1,1.0,0,0,1,0,0,0,0,0,0,0,0,1,0,231.29959976717294,26.47465767757122,1
8140,0,1.0,0,0,0,1,0,0,1,0,0,0,0,0,0,110.92626856573052,24.09646904788285,1
8141,0,0.07356335421576565,1,0,1,0,0,0,0,0,0,0,0,0,0,233.9689897594115,48.64988459566639,1
8142,0,1.0,0,0,1,0,0,0,0,0,0,0,0,0,0,129.66740757601255,23.07022450104095,1
8143,0,1.0,0,0,0,1,0,0,1,0,0,0,0,0,0,91.75138591099982,36.01865435892606,1
8144,1,0.5298756255182061,0,0,1,0,0,0,1,0,0,0,0,1,0,222.76471342369413,51.77813180778433,1
8145,1,1.0,0,0,0,0,0,0,0,0,0,0,0,0,0,83.56018167777167,27.077645478149595,1
8146,0,0.5175763984052711,1,0,1,0,0,0,0,0,0,0,0,0,0,171.48850201943353,31.210545839043164,1
8147,0,1.0,0,0,0,1,0,0,0,0,0,0,0,0,0,204.88606367464058,30.812685094785053,1
8148,0,1.0,0,0,1,0,0,0,0,0,0,0,0,0,0,57.99949987090992,24.501483808055735,1
8149,1,0.0,0,0,0,1,0,0,0,0,0,0,0,1,0,67.04681488359105,38.511101419645655,1
8150,0,1.0,0,0,1,0,0,0,1,0,0,0,0,1,0,232.30185390515288,38.61436826821046,1
8151,1,1.0,0,0,1,0,0,0,0,0,0,0,0,0,0,73.87300516229037,24.6937607547716,1
8152,0,0.16215861909448148,0,0,1,1,0,0,1,0,0,0,0,0,0,71.50215599722439,28.95404413346455,1
8153,1,1.0,0,0,1,1,0,0,1,0,0,0,0,1,0,70.06365179935344,22.002600321675715,1
8154,0,0.8811051483565658,0,0,1,0,0,0,0,1,0,0,0,0,0,186.24260441090294,37.49235301042334,1
8155,0,1.0,0,0,0,0,0,0,0,0,0,0,0,0,0,217.65351949791065,31.61865273170856,1
8156,1,0.5929847477554939,0,0,1,0,0,0,0,0,0,0,0,1,0,93.02150893234288,24.76982135314231,1
8157,1,1.0,0,0,1,1,0,0,1,0,0,0,0,1,0,70.08862259521531,21.979216298795023,1
8158,0,1.0,0,0,1,0,0,0,1,0,0,0,0,0,0,77.21641212138887,20.684996002458636,1
8159,0,0.4144298124670366,0,0,1,1,0,0,1,0,0,0,0,0,0,222.69399383618605,35.062079012678,1
8160,0,1.0,0,0,1,0,0,0,0,0,0,0,0,0,0,133.2386435095471,29.42453711061213,1
8161,1,1.0,1,0,1,0,0,0,0,0,0,0,0,0,0,177.40010181841816,26.689683491102883,1
8162,1,0.7227415836508139,0,0,1,1,0,0,0,0,0,0,0,1,0,64.36514022758571,44.02959554277785,1
8163,0,1.0,0,0,1,1,0,0,0,0,0,0,0,0,0,72.9719733666558,31.309286821782898,1
8164,0,1.0,0,0,1,0,0,0,0,0,0,0,0,1,0,191.4838096203904,31.748893676348295,1
8165,0,1.0,0,0,1,0,0,0,0,0,0,0,0,0,0,73.21673363098691,28.542112009047273,1
8166,1,0.3552896432193188,0,1,1,1,0,0,1,0,0,0,0,0,0,215.6953287883839,30.005188998985908,1
8167,1,0.04916082915504816,0,0,0,1,0,0,0,0,0,0,0,0,0,82.2711510507521,24.15239857038065,1
8168,0,1.0,1,0,1,0,0,0,0,1,0,0,1,0,0,199.6701188880877,27.968943123964845,1
8169,0,1.0,0,1,1,0,0,0,0,0,0,0,0,0,0,221.55785685265994,30.071201857018963,1
8170,0,1.0,0,0,1,0,0,0,1,0,0,0,0,0,0,240.47824074651507,44.762301435221055,1
8171,0,1.0,0,0,1,0,0,0,1,0,0,0,0,0,0,99.67416856722143,26.80281410484598,1
8172,0,0.8407850719391146,0,0,0,0,0,0,1,0,0,0,0,0,0,105.16268262589809,31.143293435254797,1
8173,0,1.0,0,0,1,0,0,0,0,0,0,0,0,1,0,73.97955389495719,25.043454493021187,1
8174,1,0.0,0,0,0,0,0,0,0,0,0,1,0,0,0,59.62439459308784,30.679948754144434,1
8175,1,0.23707039117417805,0,0,1,0,0,0,1,0,0,0,0,0,0,58.381596581144244,37.77757765295493,1
8176,1,0.552727031842878,0,0,1,0,0,0,1,0,0,0,0,1,0,74.54665435515588,21.439635954132893,1
8177,0,1.0,0,0,1,0,0,0,0,0,0,0,0,0,0,136.87370304408662,31.461157902459394,1
8178,0,0.04586835842892745,0,0,0,0,0,0,1,0,0,0,0,0,0,83.43843838222593,25.450455194271818,1
8179,0,1.0,0,0,1,0,0,0,0,0,0,0,0,0,0,196.11632394224534,27.920465818182088,1
8180,1,0.07769222451641522,0,0,1,1,0,0,0,0,0,0,0,1,0,83.20659234345794,26.432076781677907,1
8181,0,0.5741068449633182,0,0,1,0,0,0,1,0,0,0,0,0,0,97.7152494161281,25.940714524029346,1
8182,0,0.014475866744781962,0,0,1,0,0,0,0,0,0,0,0,0,0,249.35936270559972,35.723277906252655,1
8183,1,1.0,0,0,1,0,0,0,0,0,0,0,0,1,0,80.94161374210242,20.501379492491367,1
8184,1,0.06916713582419254,1,0,1,0,0,0,0,1,0,0,0,1,0,167.87411148138034,30.42274676281307,1
8185,0,1.0,1,0,1,0,0,0,1,0,0,0,0,0,0,243.6010215255683,33.63690802199014,1
8186,0,0.7482388061809001,0,0,1,0,0,0,0,0,0,0,0,0,0,90.89988119254826,36.69243581880909,1
8187,0,1.0,0,0,1,0,0,0,1,0,0,0,0,0,0,75.20345145578914,22.364813889725724,1
8188,0,1.0,0,0,1,1,0,0,0,0,0,0,0,0,0,91.53017961812871,35.662475036135774,1
8189,1,0.0,0,0,1,0,0,0,0,0,0,0,0,0,0,191.1807630859812,40.4,1
8190,0,0.0,0,0,1,0,0,0,0,0,0,0,0,0,1,97.4245876403231,29.387713696407022,1
8191,0,0.9336789061329351,0,0,0,1,1,0,0,0,0,0,0,1,0,82.90218632047522,28.11274585957401,1
8192,0,1.0,0,0,1,0,0,0,0,0,0,0,0,0,0,134.10534316047833,29.91012435137155,1
8193,0,0.47254353627826784,0,0,0,1,0,0,0,0,0,0,0,0,0,70.785259946624,27.22413245204868,1
8194,0,1.0,0,0,1,1,0,0,0,0,0,0,0,0,0,228.0127158038823,27.347968426986405,1
8195,0,0.0007895110932187865,1,0,1,1,0,0,0,0,0,0,0,0,0,180.92554715743427,27.70300014215423,1
8196,0,0.18985990925453877,0,0,0,0,0,0,0,0,0,0,0,0,0,103.8100747018224,32.24174783665817,1
8197,0,1.0,0,0,1,0,0,0,0,0,0,0,0,0,0,206.2835397841996,27.20793246532018,1
8198,0,0.633849818735324,0,0,1,1,0,0,1,0,0,0,0,0,0,189.2519928326555,38.56183552566756,1
8199,1,0.08538354548480853,0,0,1,0,0,0,0,0,0,0,0,0,0,110.43034727724094,28.69638215461506,1
8200,0,0.791348086841569,0,0,1,0,0,0,0,0,0,0,0,0,0,206.75422737555624,42.61730382631686,1
8201,0,1.0,0,0,1,0,0,0,0,0,0,0,0,0,0,113.39660675623705,28.57196322229974,1
8202,1,1.0,0,0,1,0,0,0,0,1,0,0,0,0,0,76.74549782605774,33.72224683180396,1
8203,0,1.0,0,0,1,0,0,0,0,0,0,0,0,0,0,136.30938785959404,32.45286522670854,1
8204,1,0.8360682790467973,1,0,1,0,0,0,0,0,0,0,0,1,0,175.2363750196913,24.60654736752685,1
8205,0,1.0,0,0,1,1,0,0,0,0,0,0,0,0,0,219.20725142374204,26.53595356051518,1
8206,1,0.0,0,0,1,0,0,0,0,0,0,0,0,1,0,95.502555025794,26.15901496416487,1
8207,1,0.46339100880464623,0,0,0,0,0,0,0,0,0,0,0,0,0,58.5880152325026,31.548747412326502,1
8208,0,1.0,0,0,1,0,0,0,0,1,0,0,0,0,0,75.64934512333176,27.019601379419335,1
8209,0,1.0,1,0,1,0,0,0,1,0,0,0,1,0,0,175.9459771628517,30.917670403734785,1
8210,0,1.0,1,0,1,0,0,0,1,0,0,0,0,1,0,240.9916840130245,28.7051903971237,1
8211,0,1.0,0,0,1,0,0,0,0,0,0,0,0,0,0,132.4359507547588,29.973729771311437,1
8212,0,1.0,0,0,1,0,0,0,0,0,0,0,1,0,0,76.91059155674745,24.231185929956375,1
8213,1,0.8417169493006263,0,0,1,0,0,0,0,0,0,0,0,0,0,61.6107712545453,25.72736423688831,1
8214,0,1.0,0,0,1,0,0,0,1,0,0,0,0,0,0,191.15153295903335,37.18811765920635,1
8215,0,1.0,0,0,1,0,0,0,0,0,0,0,0,0,0,73.92438234024966,28.748724770875814,1
8216,0,1.0,1,1,1,0,0,0,1,0,0,0,0,0,1,262.87131705277085,29.82393051119005,1
8217,0,1.0,0,0,0,0,0,0,1,0,0,0,0,0,0,185.41399644256083,30.854045553041576,1
8218,0,1.0,0,0,1,0,0,0,0,0,0,0,1,0,0,196.4583752494282,35.89610059862764,1
8219,0,1.0,0,1,1,1,0,0,1,0,0,0,0,0,0,224.65541026419666,31.349726490535563,1
8220,1,0.11828269360460375,0,0,1,1,0,0,1,0,0,0,0,0,0,104.59398071245927,27.737645966337034,1
8221,1,1.0,1,0,0,0,0,0,0,0,0,0,0,1,0,80.36076493530024,29.7,1
8222,1,1.0,0,0,1,0,0,0,0,0,0,0,0,0,0,191.3788186890508,31.930391551101522,1
8223,1,0.6138459450077243,0,0,0,1,0,0,0,0,0,0,0,0,0,82.16950772989861,25.902922429523947,1
8224,1,0.08771764171996432,0,0,1,0,0,0,0,0,0,0,0,0,1,97.7740348226752,29.363162367356097,1
8225,1,1.0,0,0,1,0,0,0,0,0,0,0,0,1,0,235.0097602771311,26.295768549800815,1
8226,0,1.0,1,0,1,0,0,0,0,0,0,0,0,1,0,188.8069460421809,36.672006962299236,1
8227,0,0.34057675315008373,1,0,0,1,0,0,0,0,0,0,0,0,0,79.21630177524058,28.381153506300166,1
8228,0,0.624700669406608,0,0,1,0,0,0,0,0,0,0,0,0,0,100.3920971055793,32.8368115396352,1
8229,1,1.0,0,0,1,1,0,0,0,0,0,0,0,0,0,97.19599776767798,21.5,1
8230,1,1.0,0,0,1,0,0,0,1,0,0,0,0,0,0,229.85974448411872,32.78548024271487,1
8231,0,1.0,0,0,1,0,0,0,0,0,0,0,0,0,0,115.65836103923577,27.12058922894006,1
8232,0,1.0,0,0,1,0,0,0,0,0,0,0,0,0,0,246.14813142123688,32.72897074334416,1
8233,1,0.4961112032087265,0,0,1,0,0,0,0,0,0,0,0,1,0,182.6515058751343,27.600777759358255,1
8234,1,0.2912343676543454,0,0,1,0,0,0,0,0,0,0,0,0,0,191.3307262623407,39.264185966148055,1
8235,0,1.0,0,0,1,1,0,0,1,0,0,0,0,0,0,213.87341913342672,27.67721859792657,1
8236,1,0.3244382286350662,0,0,1,0,0,0,1,0,0,0,0,0,0,101.77716289021062,30.361797668367785,1
8237,0,1.0,0,0,1,0,0,0,0,0,0,0,0,0,0,78.47607572403572,20.903969017670516,1
8238,0,1.0,0,0,1,1,0,0,0,0,0,0,0,0,0,68.55922772770758,26.148515180505566,1
8239,0,1.0,0,0,1,0,0,0,0,0,0,0,0,0,0,206.84371579895569,28.678077662417618,1
8240,0,1.0,0,0,1,0,0,0,1,0,0,0,0,1,0,237.19372864053165,32.555704054426556,1
8241,1,1.0,0,0,1,0,0,0,1,0,0,0,0,0,0,74.76032595421965,22.38486270765047,1
8242,0,1.0,0,0,1,0,0,0,1,0,0,0,0,0,1,255.100771921342,29.83441406371066,1
8243,0,1.0,1,0,0,0,0,0,0,0,0,0,0,1,0,184.35124576195196,36.82669898286847,1
8244,0,0.9691753813006297,1,0,1,1,0,0,1,0,0,0,0,0,0,112.23753403050405,37.557205555366785,1
8245,0,1.0,0,0,1,0,0,0,0,0,0,0,0,0,0,136.02003619038766,32.730271230614754,1
8246,0,1.0,0,0,1,0,0,0,0,0,0,0,0,0,0,116.54414540395835,31.04795914629651,1
8247,0,1.0,0,0,1,1,0,0,0,0,0,0,0,0,0,215.78972021817177,27.80055014437838,1
8248,0,1.0,0,0,1,0,0,0,0,1,0,0,0,0,0,194.80927402612824,27.664018876705484,1
8249,0,0.6580655064252734,1,0,1,0,0,0,0,0,0,0,0,0,0,172.59555619063116,31.294839303855163,1
8250,1,1.0,0,0,0,1,0,0,0,0,0,0,0,0,0,89.21317965913583,37.52718636543357,1
8251,0,1.0,0,0,1,0,0,0,0,0,0,0,0,0,0,193.95048812703735,22.512198568306445,1
8252,0,1.0,0,0,1,0,0,0,0,0,0,0,0,1,0,107.40594162321474,31.788422321277448,1
8253,1,0.4510674755006624,0,0,0,0,0,0,0,0,0,0,0,1,0,91.14866604946731,24.382117816148213,1
8254,0,1.0,0,0,1,0,0,0,0,0,0,0,0,1,0,206.65146022710115,27.577281604845528,1
8255,1,0.5711125686497894,0,0,0,0,0,0,1,0,0,0,0,1,0,88.61120104942785,25.258880872426158,1
8256,1,1.0,0,0,1,0,0,0,0,0,0,0,0,0,0,73.853086722853,24.65226400594377,1
8257,0,0.2728688031180725,0,0,1,0,0,0,1,0,0,0,1,0,0,197.1244647822227,35.045737606236145,1
8258,0,0.9992831412934202,0,0,1,1,0,0,1,0,0,0,0,0,0,223.82860929410924,31.90387103701553,1
8259,0,0.9368534300910153,0,0,1,1,0,0,0,0,0,0,0,0,0,140.3102780777969,30.910345118543752,1
8260,0,1.0,0,1,1,1,0,0,1,0,0,0,1,0,0,227.89040669017092,35.826730749753786,1
8261,1,0.2335804342223592,0,0,1,0,0,0,1,0,0,0,0,0,0,58.377303934093504,37.79851739466585,1
8262,1,0.7365265543061518,0,0,0,0,0,0,0,0,0,1,0,0,0,58.401376994755935,25.965272086148783,1
8263,0,1.0,0,1,0,0,0,0,0,0,0,0,0,1,0,214.1977873891733,28.302114368690496,1
8264,1,0.8769478764096751,0,0,0,1,0,0,0,0,0,0,0,1,0,66.27487372594474,35.65840945953968,1
8265,1,1.0,0,0,1,0,0,0,1,0,0,1,0,0,0,211.00840270872894,39.239939660954306,1
8266,0,1.0,0,0,1,1,0,0,0,1,0,0,0,0,0,76.91848013110095,27.216304936360444,1
8267,0,0.8846989096609507,0,0,0,0,0,0,1,0,0,0,0,0,0,106.52323395016258,32.87316880062705,1
8268,1,1.0,0,0,0,1,0,0,0,0,0,0,0,0,0,67.61204369613561,24.72838951340955,1
8269,0,1.0,0,0,1,0,0,0,1,0,0,0,0,0,0,208.5518109886845,31.204972058194052,1
8270,0,1.0,0,0,1,0,0,0,0,0,0,0,0,0,0,116.48455589881469,30.518274656130565,1
8271,0,1.0,0,0,1,0,0,0,0,0,0,0,0,0,0,262.37184601481374,36.901333903440715,1
8272,1,0.02090951233523497,0,0,1,1,0,0,1,0,0,0,0,0,0,210.30318895788787,40.12545707401141,1
8273,0,1.0,0,0,0,0,0,0,1,0,0,0,0,0,0,112.07770802213443,26.563802939130326,1
8274,1,1.0,0,0,1,0,0,0,0,1,0,0,0,1,0,74.07312474934895,25.09042510527481,1
8275,0,1.0,0,0,1,0,0,0,1,0,0,0,0,0,0,110.94925913916484,24.430863797216134,1
8276,0,1.0,0,0,1,0,0,0,0,0,0,0,0,0,0,188.13082969346758,37.27260324793906,1
8277,1,1.0,1,0,1,0,0,0,0,0,0,0,0,1,0,74.69767183364176,22.84377143841257,1
8278,0,1.0,1,0,1,0,0,0,1,0,0,0,0,1,0,241.89065111605373,30.405242798267796,1
8279,0,1.0,0,0,1,0,0,0,1,0,0,0,0,0,0,240.3450235970533,44.71416936490271,1
8280,0,1.0,0,0,0,0,0,0,0,0,0,0,0,0,0,219.5546936970662,33.533504443088255,1
8281,1,1.0,0,0,1,0,0,0,0,0,0,0,0,1,0,82.5861466436645,28.15989525452535,1
8282,0,1.0,0,0,1,0,0,0,1,0,0,1,0,0,0,207.85814222711068,33.53966534797488,1
8283,0,1.0,0,0,1,0,0,0,0,0,0,0,0,0,0,197.79293675181006,27.202520786378557,1
8284,0,1.0,0,0,0,1,0,0,0,0,0,0,0,0,0,203.52336377915537,30.237706235930528,1
8285,1,1.0,0,0,1,1,0,0,0,0,0,0,0,1,0,127.12828462129194,30.16444315056651,1
8286,0,0.27242067786505597,0,0,1,0,0,0,0,0,0,0,0,0,0,210.24660883796818,43.65515864426989,1
8287,0,0.4516389955188379,0,0,1,0,0,0,1,0,0,0,0,0,0,241.94040059660134,32.39360579014144,1
8288,0,0.1432700534941026,0,0,1,0,0,0,0,0,0,0,1,0,0,59.32273729939711,27.641824866264745,1
8289,0,0.055905214069635445,0,0,1,0,0,0,0,0,0,0,0,0,0,162.22496853073372,27.59629763456907,1
8290,0,1.0,0,0,1,0,0,0,0,0,0,0,0,0,0,114.65879100200436,27.16718923067579,1
8291,0,1.0,0,0,1,0,0,0,0,0,0,0,0,0,0,137.77168075129111,31.525430418909984,1
8292,0,0.09505653683256443,0,0,1,1,0,0,0,0,0,0,0,0,0,200.08483169763267,35.5148303895023,1
8293,0,1.0,1,0,1,0,0,0,0,1,0,0,0,0,0,75.6910196901683,26.838921190137373,1
8294,1,0.4134657667101601,0,1,1,1,0,0,1,0,0,0,0,0,0,215.5504702408917,29.842295853211553,1
8295,1,1.0,0,0,1,0,0,0,0,0,0,0,0,0,0,107.30293341441185,32.546354025016086,1
8296,0,0.12343950921128244,0,0,1,1,0,0,1,0,0,0,0,0,0,213.25267533750718,44.607350380397236,1
8297,1,0.15828625605909807,0,0,1,1,0,0,1,0,0,0,0,0,0,104.62238324180197,27.885659147418664,1
8298,0,1.0,0,0,1,0,0,0,0,0,0,0,0,0,0,130.75840502517906,25.757167234992068,1
8299,0,1.0,0,0,1,1,0,0,1,0,0,0,0,0,0,68.04106705817026,24.35772030381605,1
8300,1,1.0,1,0,0,1,0,0,0,0,0,0,0,1,0,70.27804439610759,36.36860947142518,1
8301,0,0.0,0,0,1,0,0,0,1,0,0,0,0,0,0,63.53091970213485,29.744762432753856,1
8302,0,0.13090093127527147,0,0,1,1,0,0,1,0,0,1,0,0,0,216.1401728709151,30.35858543675117,1
8303,0,1.0,1,0,0,0,0,0,0,0,0,0,0,1,0,184.0692021223052,36.759008509353244,1
8304,1,0.0,0,0,1,0,0,0,0,0,0,0,0,1,0,94.56662308741566,25.95160622435804,1
8305,0,1.0,0,0,1,0,0,0,1,0,0,0,0,0,0,228.0711605904417,27.29241498551674,1
8306,1,1.0,0,0,1,0,0,0,1,0,0,0,0,1,0,237.22853177145137,29.418925295639976,1
8307,1,0.8207358408157303,0,0,1,0,0,0,1,0,0,0,0,0,0,111.85208664984006,24.04622075224472,1
8308,1,0.6145410182213155,0,0,1,0,0,0,1,0,0,0,0,0,0,60.58346874169179,31.52908203644263,1
8309,0,1.0,0,0,1,0,0,0,0,0,0,0,1,0,0,77.74635454680221,23.98391877313544,1
8310,0,1.0,0,0,1,0,0,0,1,0,0,0,0,1,0,72.77047906635205,27.337424508258543,1
8311,0,1.0,0,0,1,0,0,0,0,0,0,0,0,0,0,135.42784703700076,33.161691691150416,1
8312,0,1.0,0,0,1,0,0,0,0,0,0,0,0,0,0,271.6251524980619,31.203662828352698,1
8313,1,0.3032195467185912,0,0,1,0,0,0,1,0,0,0,0,0,0,101.80220093487206,30.429697450500505,1
8314,1,0.0,0,0,1,0,0,0,1,0,0,0,0,0,0,76.74911953342952,30.171808575651987,1
8315,0,1.0,0,0,1,1,0,0,0,0,0,0,0,0,0,68.53629220288175,24.61948019211661,1
8316,0,0.2957528346203294,0,0,1,0,0,0,0,1,0,0,0,0,0,165.85138256155085,31.402779818854558,1
8317,1,0.5043460791167529,0,0,1,1,0,0,1,0,0,0,0,0,0,104.8680857161729,29.166080492731986,1
8318,0,0.4211189044340816,1,0,1,1,0,0,0,0,0,0,0,0,0,178.5548893789918,29.300251836849508,1
8319,0,1.0,1,0,1,0,0,0,1,0,0,0,0,0,0,245.1933545425011,36.432607212024855,1
8320,0,0.7686512867998495,1,0,0,1,0,0,1,0,0,0,0,0,0,205.76937293537324,45.35297693019978,1
8321,1,0.0,0,0,1,0,0,0,0,0,0,0,0,0,0,167.93093762121254,31.377298867603102,1
8322,0,0.0,0,0,1,1,0,0,1,0,0,0,0,0,0,86.6737082606393,31.050927757836995,1
8323,1,1.0,0,0,0,1,0,0,0,0,0,0,0,0,0,89.13497991484469,34.39919659378805,1
8324,1,1.0,1,0,1,0,0,0,1,0,0,0,0,0,0,74.68349530029236,22.92168233235878,1
8325,1,0.9907991023746205,0,0,1,0,0,0,0,0,0,0,0,0,0,205.39646453300816,42.17975802522417,1
8326,1,0.6272584006359783,0,0,0,0,0,0,1,0,0,0,0,0,0,83.73553413650242,26.425451680127196,1
8327,1,0.3163754073876829,0,0,1,0,0,0,0,0,0,0,0,0,0,208.8023041926922,40.696025896252905,1
8328,0,0.0,0,0,1,0,0,0,0,0,0,0,0,0,0,87.85939935100058,31.027490720852654,1
8329,1,1.0,1,0,1,0,0,0,0,1,0,0,0,0,0,201.05073156735187,27.748167833990813,1
8330,0,0.0,0,0,1,0,0,0,1,0,0,0,0,0,0,62.65985371907494,28.91584000156657,1
8331,1,1.0,0,0,1,1,0,0,0,0,0,0,0,0,0,96.51631978983251,21.5,1
8332,0,0.00845149606246054,0,0,1,0,0,0,0,0,0,0,0,0,0,87.83960465984316,31.086477606300065,1
8333,0,1.0,0,0,0,1,0,0,0,1,0,0,0,0,0,78.13676033251227,27.85374250331319,1
8334,0,1.0,0,0,1,0,0,0,0,0,0,0,0,0,0,99.38279085923813,33.52403046920622,1
8335,0,0.9401798347292414,0,0,0,0,0,0,0,0,0,0,0,0,0,91.60460577849243,31.435892099162455,1
8336,0,0.10792564890637935,0,0,1,0,0,0,1,0,0,0,0,0,0,240.05468878142437,31.49713308401574,1
8337,1,0.46447808391403644,0,1,1,1,0,0,0,0,0,0,0,0,0,216.28273402629503,29.560117939866487,1
8338,1,0.45640442508870793,0,0,1,1,0,0,1,0,0,0,0,0,0,208.97601819372323,37.67233743204759,1
8339,1,1.0,0,0,1,0,0,0,1,0,0,0,0,0,0,74.42913797522039,22.82319973867892,1
8340,1,1.0,0,0,0,1,0,0,1,0,0,0,0,0,0,206.08474752327305,32.50949504654606,1
8341,0,0.6472222833978555,0,0,1,0,0,0,1,0,0,0,0,0,0,234.77794389508728,33.47111130687314,1
8342,0,1.0,1,0,1,1,0,0,1,0,0,0,0,0,0,221.76761580565574,29.811972767508355,1
8343,1,1.0,0,0,1,0,0,0,0,1,0,0,0,0,0,89.95297856420574,32.1189047801694,1
8344,0,1.0,0,0,1,0,0,0,0,0,0,0,1,0,0,135.06921702463634,27.30356639891831,1
8345,0,0.0,1,0,1,1,0,0,1,0,0,0,0,0,1,211.32336546585816,42.30841366464535,1
8346,1,1.0,0,1,1,1,0,0,0,0,0,0,0,0,0,215.73246263462127,27.933654707899255,1
8347,0,1.0,0,0,1,0,0,0,1,0,0,0,0,1,0,227.14536380157446,29.54881447862105,1
8348,1,1.0,0,0,0,0,0,0,1,0,0,0,0,1,0,89.65246406068924,23.130557694647944,1
8349,0,1.0,0,0,1,0,0,0,0,0,0,0,0,0,0,103.04013834320658,26.737895857957447,1
8350,1,1.0,0,0,0,1,0,0,0,0,0,0,0,0,0,89.1845324716341,36.38129886536389,1
8351,1,0.6833975651725871,0,0,1,0,0,0,1,0,0,0,0,0,0,59.4909653148068,31.553667338897455,1
8352,1,1.0,0,0,0,0,0,0,1,0,0,0,0,1,0,90.57264127693409,23.42020185472502,1
8353,1,1.0,0,0,0,1,0,0,1,0,0,0,0,0,0,205.62346622124156,31.586932442483082,1
8354,0,1.0,0,0,1,1,0,0,0,0,0,0,0,0,0,132.29364526756166,26.017136357137062,1
8355,0,1.0,0,0,1,0,0,0,1,0,0,0,0,1,0,72.20633643715482,28.201642589831366,1
8356,0,1.0,0,0,1,0,0,0,1,0,0,0,0,1,0,225.57081474973486,28.547988426985132,1
8357,1,1.0,0,0,1,0,0,0,0,0,0,0,0,0,0,80.40947337167965,18.224656654925138,1
8358,0,0.15123241471868576,0,0,1,0,0,0,1,0,0,0,0,0,1,97.11367079398275,28.767288687618894,1
8359,1,0.2939418853619692,0,0,0,1,0,0,0,0,0,0,0,0,0,82.22709046063484,24.911219844622103,1
8360,1,1.0,0,0,0,1,0,0,1,0,0,0,0,0,0,206.32361390338642,32.987227806772836,1
8361,1,0.25769564818917967,0,0,0,1,0,0,0,0,0,0,0,1,0,64.64931390563187,39.928056546046,1
8362,0,1.0,0,0,0,1,0,0,0,0,0,0,0,0,0,98.08098882417217,22.67974173541161,1
8363,0,1.0,0,0,1,0,0,0,0,0,0,0,0,0,0,130.4665767833039,30.195579630025705,1
8364,1,1.0,0,0,1,0,0,0,1,0,0,0,0,0,0,59.34336557169668,32.49903284909962,1
8365,0,0.7308802473619896,0,0,1,0,0,0,0,0,0,0,0,0,0,62.53206345580362,26.403390985815843,1
8366,0,0.8031330889362459,1,0,1,1,0,0,1,0,0,0,0,0,0,112.2242506471149,38.404021246425145,1
8367,0,0.04414556208745546,0,0,1,1,0,0,0,0,0,0,1,0,0,200.4032452901506,35.72495254445132,1
8368,0,0.9920921870288201,0,0,1,0,0,0,0,0,0,0,1,0,0,195.72241526636475,34.10316312518847,1
8369,1,0.0,0,0,1,0,0,0,0,0,0,0,0,0,0,63.37746178733407,41.20019113665598,1
8370,0,0.2039314746030626,0,0,1,0,0,0,1,0,0,0,0,1,0,71.52793652665062,28.479606852539693,1
8371,1,0.39477531677168287,0,0,0,1,0,0,0,0,0,0,0,0,0,82.2089404429811,25.223803481992217,1
8372,1,0.49221618328746686,0,0,1,0,0,0,0,0,0,0,0,0,0,99.34493611018564,28.910897343397547,1
8373,1,0.0,0,0,0,0,0,0,0,0,0,0,0,0,0,58.16034438549337,30.553886674647273,1
8374,0,1.0,0,0,1,0,0,0,1,0,0,0,0,1,0,105.50903783271245,31.61936678438382,1
8375,0,0.5374937536732345,0,0,1,1,0,0,0,0,0,0,1,0,0,197.98090566946442,34.8862606187555,1
8376,1,0.9507003375908301,0,0,1,1,0,0,1,0,0,0,0,1,0,70.46881770702713,21.73591043886808,1
8377,1,0.0,0,0,1,1,0,0,1,0,0,0,0,0,0,60.91384985714262,29.90093898954698,1
8378,0,1.0,0,0,1,0,0,0,0,0,0,0,1,0,0,130.76580759233553,22.844799873001726,1
8379,0,0.3194169070812327,0,0,1,0,0,0,1,0,0,0,0,0,0,73.03626239181345,29.693107876545657,1
8380,1,0.8787351066408633,0,0,1,0,0,0,1,0,0,0,0,0,0,101.12309257416378,28.588047658749236,1
8381,0,0.8862380411954506,0,0,1,0,0,0,0,1,0,0,0,0,0,162.73952552289995,32.406604670032266,1
8382,1,0.0,0,0,1,0,0,0,0,0,0,0,0,0,0,60.5886404968583,40.14520939848258,1
8383,1,0.6478370386082265,0,0,1,0,0,0,1,0,0,0,0,0,0,60.45748636529543,32.17872741196386,1
8384,0,0.2879280077520695,0,0,1,0,0,0,1,0,0,0,0,0,1,97.10244688356595,28.322594379069415,1
8385,0,1.0,0,0,1,0,0,0,0,0,0,0,0,0,0,253.95309415801978,30.71414080891805,1
8386,0,0.9204118526279575,1,0,0,1,0,0,0,0,0,0,0,0,0,79.72075831178633,29.540823705255914,1
8387,0,1.0,0,0,1,0,0,0,0,0,0,0,0,0,0,199.2828481228157,26.743047118530697,1
8388,0,1.0,0,1,1,0,0,0,1,0,0,0,0,0,0,192.93939855106674,37.2393336174379,1
8389,0,1.0,1,0,1,0,0,0,0,0,0,0,0,0,0,69.86562014134135,27.224015797130466,1
8390,1,0.13650854953718172,1,0,1,0,0,0,0,1,0,0,0,1,0,168.32597236739448,29.958091008193446,1
8391,0,1.0,0,0,1,1,0,0,0,0,0,0,0,0,0,91.2853380310175,35.51328840599633,1
8392,0,1.0,1,0,1,1,0,0,0,0,0,0,0,0,0,220.38674020440874,26.154550573970397,1
8393,1,1.0,0,0,0,1,0,0,1,0,0,0,0,0,0,205.67748715445433,31.69497430890862,1
8394,0,0.7692505592415867,0,1,1,0,0,0,0,0,0,0,0,0,0,219.00313926161098,29.153798657820193,1
8395,1,1.0,0,0,1,0,0,0,0,0,0,0,0,1,0,129.7484987192376,28.11770609307435,1
8396,0,1.0,0,0,0,0,0,0,0,0,0,0,0,0,0,91.41067136731161,27.439523256270324,1
8397,1,1.0,0,0,1,0,0,0,1,0,0,0,0,0,0,231.57312543021334,36.29623021018695,1
8398,0,1.0,0,0,1,0,0,0,0,0,0,0,1,0,0,160.80165645135764,31.97836501839017,1
8399,1,0.5097570669008714,0,0,1,0,0,0,0,0,0,0,0,0,0,168.29101152545135,25.617801679227124,1
8400,0,1.0,0,0,1,0,0,0,0,0,0,0,0,0,0,203.80893481530416,27.653899986327353,1
8401,1,0.3593389905157872,0,0,1,0,0,0,1,0,0,0,0,0,0,210.63716373374044,39.748462706638946,1
8402,1,1.0,0,0,1,0,0,0,1,0,0,0,0,0,0,208.2846494680318,42.81509424653818,1
8403,1,0.3635144573692667,0,0,1,0,0,0,1,0,0,0,0,1,0,60.33201201278286,31.09959770931858,1
8404,0,1.0,0,0,1,0,0,0,0,1,0,0,0,0,0,78.1718140638257,28.146189096822738,1
8405,1,1.0,0,0,1,0,0,0,1,0,0,0,0,0,0,183.87864861716585,27.55924447532206,1
8406,0,1.0,0,0,1,1,0,0,0,0,0,0,0,0,0,213.9200870229149,21.281873729509837,1
8407,0,1.0,0,0,1,0,0,0,1,0,0,0,0,0,1,254.22351299855328,29.473071715651244,1
8408,1,0.0,0,0,1,0,0,0,0,0,0,0,0,0,0,163.49781743555775,28.300167088051115,1
8409,1,1.0,0,0,0,1,0,0,0,0,0,0,0,0,0,97.20237741948907,21.999955016326265,1
8410,1,0.7288705094885958,0,0,1,0,0,0,1,0,0,0,0,1,0,222.26324631608875,49.967278363653776,1
8411,0,0.0,0,0,1,1,0,0,1,0,0,0,0,0,0,86.29523389128182,31.584251645415673,1
8412,0,0.2788719262609649,0,0,1,0,0,0,1,0,0,0,0,0,0,217.45565784845945,31.752954200904608,1
8413,0,1.0,0,0,1,0,0,0,1,0,0,1,0,0,0,208.24921542998274,32.61949310592297,1
8414,0,1.0,0,0,1,0,0,0,0,0,0,0,0,0,0,134.58553954252793,33.27103410653249,1
8415,0,1.0,0,0,0,1,0,0,1,0,0,0,0,0,0,90.29186256891562,37.04572634039272,1
8416,1,0.057132719343329974,0,0,0,1,0,0,0,0,0,0,0,1,0,64.2762668579786,41.151490412005685,1
8417,0,1.0,0,0,1,0,0,0,1,0,0,0,0,1,0,72.80150193502095,26.523074205699917,1
8418,1,1.0,0,0,1,0,0,0,0,0,0,0,0,0,0,108.02362127419875,31.96557992555412,1
8419,0,0.6693483507627961,0,0,1,0,0,0,0,0,0,0,0,0,0,89.28909895414002,31.702413515686516,1
8420,0,1.0,1,0,1,0,0,0,1,0,0,0,0,1,0,240.67780699857252,28.111612088991013,1
8421,0,1.0,0,0,1,1,0,0,1,0,0,0,0,0,0,67.47638517188012,24.539875751006413,1
8422,0,0.038591561938133845,0,0,1,1,0,0,0,0,0,0,0,0,0,78.87754928186806,27.692281687612372,1
8423,1,1.0,0,0,1,0,0,0,1,0,0,0,0,0,0,179.75950754958015,28.027328687547712,1
8424,1,0.6850667725410675,0,0,1,1,0,0,0,0,0,0,0,1,0,64.35496802858609,43.897733703893735,1
8425,0,1.0,0,0,1,1,0,0,0,0,0,0,0,0,0,228.0718727183947,27.283588212013978,1
8426,0,1.0,0,0,1,0,0,0,1,0,0,0,0,0,0,230.1811932268844,31.22707909297298,1
8427,1,1.0,0,0,1,0,0,0,1,0,0,0,0,1,0,233.9951057280828,34.14779205179831,1
8428,1,1.0,0,0,1,0,0,0,0,0,0,0,0,0,0,78.74428796289419,19.52388241369004,1
8429,0,1.0,0,0,1,1,0,0,1,0,0,0,0,0,0,73.01067383052768,25.667739986008698,1
8430,1,0.0,0,0,1,0,0,0,0,0,0,0,0,0,0,58.28942323560353,39.275439710836864,1
8431,1,1.0,0,0,1,0,0,0,1,0,0,0,0,0,0,207.9935742088442,43.18375289239015,1
8432,1,1.0,0,0,1,0,0,0,0,0,0,0,0,0,0,73.9696480139518,24.895100029066246,1
8433,1,0.0,0,0,1,1,0,0,1,0,0,0,0,0,0,62.52154995484945,30.29306096459743,1
8434,0,1.0,0,0,1,0,0,0,0,1,0,0,0,0,0,78.44430660243356,28.64668559630653,1
8435,1,0.1616376937845918,0,0,1,0,0,0,0,0,0,0,0,1,0,233.01036678975265,46.960347674584895,1
8436,0,0.9058493899993058,0,0,1,0,0,0,0,0,0,0,0,0,0,162.9958290449063,32.76947109800125,1
8437,0,1.0,0,0,1,1,0,0,0,1,0,0,0,0,0,197.4600975350477,28.154874346960018,1
8438,0,0.1537493121029181,0,0,1,1,0,0,1,0,0,0,0,0,0,201.64397041860545,35.66162561910737,1
8439,0,1.0,0,0,0,0,0,0,1,0,0,0,0,1,0,183.10036539607316,35.79554002506495,1
8440,0,0.0,0,0,1,1,0,0,0,0,0,0,0,0,0,110.64611609362399,29.34885832246914,1
8441,0,1.0,0,0,1,0,0,0,1,0,0,0,0,0,0,208.3939031545469,32.017069490901676,1
8442,0,0.7091807037944047,0,0,1,0,0,0,1,0,0,0,0,0,0,104.82651944626696,32.18009877417384,1
8443,1,0.20033982109644233,0,0,0,0,0,0,0,0,0,0,0,0,0,58.208472351324055,31.360781588521817,1
8444,0,1.0,0,0,1,0,0,0,0,0,0,0,0,1,0,228.58954093683906,27.231194646633977,1
8445,0,0.0,0,0,1,1,0,0,1,0,0,0,0,0,0,86.2518194901101,30.529901902673664,1
8446,1,1.0,0,0,0,1,0,0,0,0,0,0,0,0,0,69.91768241480791,25.88788910004416,1
8447,1,1.0,0,0,1,0,0,0,0,1,0,0,0,0,0,77.5482378838708,31.994375855345368,1
8448,0,1.0,0,0,0,1,0,0,0,1,0,0,0,0,0,78.24945640357993,27.97959598369333,1
8449,1,1.0,0,0,1,0,0,0,1,0,0,0,0,1,0,236.37320333774343,30.96050561220661,1
8450,1,0.45326177252585964,0,0,1,1,0,0,0,0,0,0,0,0,0,110.66957638493353,26.505648200886217,1
8451,1,0.2078100617247549,0,0,1,0,0,0,0,0,0,0,0,1,0,181.6511009141849,27.65843798765505,1
8452,0,0.16137820380194323,0,0,0,0,0,0,0,0,0,0,0,0,0,92.1971891060389,32.0,1
8453,0,0.34522424871573976,0,0,1,0,0,0,1,0,0,0,0,0,0,252.87271424674643,34.384580580265464,1
8454,0,1.0,0,0,1,0,0,0,0,0,0,0,0,0,0,218.75010083243168,27.211166534155158,1
8455,1,1.0,1,0,0,1,0,0,0,0,0,0,0,1,0,67.71243233156726,35.783616492539764,1
8456,1,0.6851588445912646,1,0,0,0,0,0,0,0,0,0,0,1,0,66.46448079446405,34.61289711147816,1
8457,1,1.0,0,0,1,0,0,0,0,0,0,0,0,1,0,185.091480317785,27.955536020162413,1
8458,0,0.7268403796300549,0,0,1,0,0,0,1,0,0,0,0,0,0,218.86227879203838,32.96246902500115,1
8459,1,0.20951922431253212,0,0,1,1,0,0,0,0,0,0,0,1,0,230.83652988330024,48.606673085962456,1
8460,0,0.45532874980860216,0,0,0,0,0,0,1,0,0,0,0,0,0,105.34264847479712,32.17319724988516,1
8461,0,0.9084375478722649,0,0,1,1,0,0,1,0,0,0,0,1,0,72.66441570111691,26.50143739468102,1
8462,1,1.0,0,0,1,0,0,0,0,0,0,0,0,1,0,126.95984219905749,28.086577171989646,1
8463,0,1.0,0,0,1,0,0,0,0,0,0,0,0,0,0,125.76643264490772,28.93835773073708,1
8464,0,1.0,0,0,1,1,0,0,1,0,0,0,0,0,0,222.42794267099723,30.594162291615056,1
8465,0,0.9042458013366423,1,0,1,0,0,0,0,0,0,0,0,0,0,174.53545691453274,31.442547480801984,1
8466,0,1.0,0,0,1,1,0,0,1,0,0,0,0,0,0,223.67204770600785,31.752887569321018,1
8467,1,0.5684722021568196,0,0,1,1,0,0,1,0,0,0,0,1,0,71.93275146573939,21.239013862803866,1
8468,0,1.0,0,0,1,0,0,0,1,0,0,0,0,1,0,227.55468632339438,28.92705874927436,1
8469,0,0.7565385834953067,0,0,1,0,0,0,1,0,0,0,1,0,0,86.52505004756317,29.621730708252347,1
8470,1,0.0,0,0,0,1,0,0,0,0,0,0,0,1,0,67.02914298515371,38.52946183360653,1
8471,0,1.0,0,0,0,0,0,0,1,0,0,0,0,1,0,183.4221511297647,33.74158853341689,1
8472,0,1.0,1,0,1,0,0,0,1,0,0,0,0,0,0,242.5620938800266,45.02743662989026,1
8473,0,0.16059196239072804,0,0,1,0,0,0,0,0,0,0,0,0,0,210.99921609311042,43.878816075218545,1
8474,0,1.0,0,0,1,0,0,0,0,0,0,0,0,0,0,72.83003045436382,30.224389967148834,1
8475,0,1.0,0,0,1,0,0,0,1,0,0,0,0,0,0,100.0971637818898,27.255401577330648,1
8476,0,1.0,0,0,1,1,0,0,0,0,0,0,1,0,0,138.57124666513582,28.506201735217893,1
8477,0,1.0,0,1,1,0,0,0,0,0,0,0,0,0,0,119.24256789672235,36.05726953911443,1
8478,0,0.7722402758932766,0,0,1,0,0,0,1,0,0,0,1,0,0,86.53117370759838,29.613879862053363,1
8479,0,1.0,0,1,1,0,0,0,0,0,0,0,0,0,1,116.57018760381024,37.08392791213064,1
8480,0,1.0,1,0,1,0,0,0,0,1,0,0,0,0,0,59.71134796728026,25.37645461518764,1
8481,0,1.0,0,0,1,0,0,0,0,0,0,0,0,0,0,219.15046607674554,27.778613337119683,1
8482,0,1.0,0,0,0,0,0,0,0,0,0,0,0,0,0,70.11224081245585,27.23054619081255,1
8483,0,0.5021308194856808,0,0,1,0,0,0,0,0,0,0,0,1,0,256.34485278099436,37.25617937650848,1
8484,0,0.0,0,0,1,0,0,0,0,0,0,0,0,0,0,117.10141712199916,36.607339036798265,1
8485,0,1.0,0,0,0,0,0,0,0,0,0,0,0,0,0,219.16775872199128,33.1437857631567,1
8486,0,1.0,0,0,1,0,0,0,0,0,0,0,0,0,0,197.21726171288742,26.764201928539343,1
8487,1,0.23008449185747504,1,0,1,0,0,0,0,0,0,0,0,0,0,180.51354706973797,27.79203379674299,1
8488,1,1.0,0,1,1,1,0,0,0,0,0,0,0,0,0,214.84125194523557,28.078175360232066,1
8489,0,0.8262173757752201,0,0,1,0,0,0,0,0,0,0,1,0,0,90.3109668931629,34.32501751864319,1
8490,0,0.7723674641806076,0,0,1,0,0,0,0,0,0,0,0,0,0,103.96293355028462,24.36500363611369,1
8491,0,0.47556365414225066,1,0,1,0,0,0,1,0,0,0,0,1,0,246.58502026176492,34.753759960887045,1
8492,1,0.8060967479607475,0,0,1,1,0,0,1,0,0,0,0,0,0,207.88497814636247,35.888906585400186,1
8493,0,1.0,0,0,1,0,1,0,0,0,0,0,0,0,0,105.5549153221277,24.288825222641215,1
8494,0,1.0,0,0,1,0,0,0,0,0,0,0,0,0,0,136.6962889238857,32.276175656909984,1
8495,1,0.0,0,0,1,0,0,0,0,0,0,0,0,1,0,93.86672998231623,25.79650525923905,1
8496,1,0.8907205546318401,0,0,1,1,0,0,1,0,0,0,0,0,0,58.825713902161496,24.82289283859851,1
8497,1,0.20561577490714367,0,0,1,0,0,0,0,0,0,0,0,0,0,76.22047094095913,30.763586254610004,1
8498,1,1.0,0,0,1,0,0,0,0,0,0,0,0,0,0,78.9613188561562,29.339587449363485,1
8499,0,1.0,0,0,1,0,0,0,0,0,0,0,0,0,0,57.90240176810422,24.55279581360346,1
8500,0,0.1448905780025599,0,0,1,0,0,0,0,0,0,0,1,0,0,103.34886127631857,27.285510942199746,1
8501,1,0.0,0,0,1,1,0,0,1,0,0,0,0,0,0,61.47820963080901,30.038587714831465,1
8502,0,1.0,1,0,1,0,0,0,0,0,0,0,0,0,0,70.04875938475666,27.367654419416994,1
8503,0,0.9797343347738597,0,0,1,0,0,0,0,1,0,0,0,0,0,124.00637944212053,31.483089227427172,1
8504,1,1.0,0,0,0,0,0,0,1,0,0,0,0,1,0,94.03051013259224,23.17558642863498,1
8505,0,0.04097822224989045,0,0,1,1,0,0,1,0,0,0,0,0,0,171.39637158233455,34.28116315547532,1
8506,0,1.0,0,0,1,0,0,0,1,0,0,0,0,0,0,208.54677214947188,31.230886088430317,1
8507,1,1.0,0,0,1,0,0,0,0,0,0,0,0,1,0,94.30825234238888,22.982336442849473,1
8508,0,0.8992471560404237,1,0,1,0,0,0,1,0,0,0,0,1,0,244.15731379588837,33.821656256711066,1
8509,0,1.0,0,0,1,0,0,0,0,1,0,0,0,0,1,77.31986402045244,27.441504563795608,1
8510,0,0.031174909111921223,0,0,1,1,0,0,0,0,0,0,0,0,0,181.09460352011095,27.740527381845496,1
8511,0,1.0,0,0,1,1,0,0,0,0,0,0,0,0,0,213.05466262880648,20.96583952609577,1
8512,0,0.8613474708866963,0,0,1,0,0,0,0,0,0,0,0,0,0,162.15247872762018,31.86514159569949,1
8513,0,0.872688121253275,1,0,1,0,0,0,0,0,0,0,0,0,0,174.2867823954758,31.423612872751963,1
8514,0,1.0,0,0,1,0,0,0,0,0,0,0,0,1,0,104.04270418889382,23.763508446952876,1
8515,0,1.0,0,0,1,1,0,0,1,0,0,0,0,0,0,140.29072147923807,29.76093225472223,1
8516,0,1.0,0,0,1,1,0,0,0,0,0,0,0,0,0,136.78298679142748,24.45912579128923,1
8517,1,1.0,0,0,1,0,0,0,1,0,0,0,0,0,0,59.34404114606391,32.478765618082726,1
8518,1,1.0,0,0,1,0,0,0,0,0,0,0,1,0,0,205.60299330599224,44.48898705421554,1
8519,0,0.33631272750495556,0,0,1,0,0,0,0,1,0,0,0,0,0,120.08150763778023,34.12111781722968,1
8520,0,1.0,0,0,1,1,0,0,0,0,0,0,0,0,0,132.77261846792595,24.725523232559215,1
8521,0,1.0,0,0,1,0,0,0,0,0,0,0,0,0,0,134.2410168867601,29.98613849343095,1
8522,1,1.0,0,0,1,0,0,0,0,0,0,0,0,0,0,199.48682961053814,27.227439773052165,1
8523,0,0.6317748436527554,0,1,0,0,0,0,0,0,0,0,0,0,0,216.807438943715,30.936822515634724,1
8524,0,1.0,0,0,1,0,0,0,0,0,0,0,0,1,0,104.00686785824058,23.885677755998042,1
8525,0,0.05134591909700936,0,0,1,0,0,0,0,0,0,0,0,0,0,110.9593869070177,31.938384897083587,1
8526,1,0.8302415017928642,1,0,0,1,0,0,1,0,0,0,0,0,0,204.97852299329261,44.73237656021933,1
8527,0,0.034346825233587674,0,0,1,0,0,0,1,0,0,0,0,0,0,83.29734241323384,25.331306349532824,1
8528,1,1.0,0,0,1,0,0,0,1,0,0,0,0,1,0,235.56953558139446,32.36833816353452,1
8529,1,0.5188743081831544,0,0,0,0,0,0,0,0,0,1,0,0,0,58.26207955723722,27.423542135172866,1
8530,0,0.3333678381165628,0,0,1,0,0,0,1,0,0,0,0,0,0,103.41346307131828,31.76670462192822,1
8531,1,0.5508765860697492,0,0,1,0,0,0,1,0,0,0,0,0,0,210.76357854680603,39.614386389751175,1
8532,0,0.42933542101921096,0,0,1,1,0,0,1,0,0,0,1,0,0,109.19385768961739,32.42933542101921,1
8533,0,0.564410841987291,0,0,1,0,0,0,0,0,0,0,0,0,0,100.56271731717597,32.69814493657077,1
8534,1,0.41484685030159496,0,0,1,0,0,0,0,0,0,0,0,0,0,191.12305729149332,38.78209728382378,1
8535,1,0.0,0,0,1,0,0,0,1,0,0,0,0,0,0,75.34153407546926,30.006910633834675,1
8536,0,0.31412372491353535,0,0,1,0,0,0,0,1,0,0,0,0,0,117.60907420861587,35.185876275086464,1
8537,1,0.16672871796415212,0,0,0,0,0,0,0,0,0,0,0,0,0,58.16175291797017,31.28347605131755,1
8538,1,1.0,0,0,1,0,0,0,0,0,0,0,0,0,0,121.37734946114894,35.45022150130672,1
8539,0,1.0,0,0,1,0,0,0,1,0,0,0,0,0,0,77.37760800207795,20.5752456156065,1
8540,0,0.41480521460714614,1,0,1,0,0,0,1,0,0,0,0,0,0,249.96539223907928,32.60599984752497,1
8541,0,1.0,1,0,1,1,1,0,0,0,0,0,0,0,0,214.10593702963953,23.0469811437197,1
8542,0,0.4860575419026809,0,0,1,0,0,0,1,0,0,0,0,0,0,95.43405816758752,28.80836547485839,1
8543,0,1.0,0,0,1,0,0,0,0,0,0,0,0,0,0,196.17029471351415,35.3390060697688,1
8544,0,0.8581556023830148,0,0,0,0,0,0,0,0,0,0,0,0,0,90.37163232175651,32.0,1
8545,0,0.7861987893372672,0,0,1,0,0,0,0,0,0,0,0,0,1,76.11427602421325,27.855883147723105,1
8546,0,1.0,0,0,0,1,0,0,1,0,0,0,0,0,0,208.29969469394803,30.73165409392036,1
8547,0,0.3169304248098759,0,0,1,0,0,0,1,0,0,0,0,0,0,82.3704682066236,24.766139150380248,1
8548,0,0.3392726068908485,0,0,1,1,0,0,0,0,0,1,0,0,0,217.2178325009548,29.575055051058435,1
8549,0,0.04939362842012718,0,0,1,0,0,0,0,0,0,0,0,1,0,233.32210585847307,48.57894141526917,1
8550,0,1.0,0,0,1,1,0,0,0,0,0,0,0,0,0,213.80345911846607,26.03742730917793,1
8551,0,1.0,0,0,1,1,0,0,1,0,0,0,0,0,0,221.9500459135561,46.93270035755817,1
8552,1,1.0,0,0,0,0,0,0,0,0,0,0,0,0,0,69.88559772266565,25.325405213108713,1
8553,0,0.13732483705427423,0,0,1,1,0,0,1,0,0,0,1,0,0,110.44950320066663,32.13732483705427,1
8554,0,1.0,0,0,1,0,0,0,0,1,0,0,0,0,1,76.86807774852132,27.38866406415454,1
8555,0,1.0,0,0,1,1,0,0,0,0,0,0,0,0,0,198.37022595082965,28.710104135369544,1
8556,1,1.0,0,0,1,1,0,0,0,0,0,0,0,1,0,131.23585026039993,28.471765002582444,1
8557,0,0.5323043638481663,0,0,1,0,0,0,0,0,0,0,0,0,0,104.06818737800603,26.07569996314922,1
8558,0,1.0,0,0,1,0,0,0,0,0,0,0,0,0,0,131.96765443086483,28.7124379663589,1
8559,1,0.08303875781018644,0,0,0,1,0,0,0,0,0,0,0,1,0,78.3136924000744,30.708657366408797,1
8560,0,0.8089481312913172,0,0,1,0,0,0,0,1,0,0,0,0,0,186.69935832892597,37.73047116673865,1
8561,0,0.4407549434413178,0,0,1,1,0,0,0,0,0,0,0,0,0,78.43516956221455,27.611849011311737,1
8562,0,1.0,1,0,1,1,0,0,1,0,0,0,0,0,0,221.49762159583133,27.54402140498332,1
8563,0,0.18377214813719978,1,0,1,0,0,0,1,0,0,0,0,0,0,248.97921013335304,36.663729096244836,1
8564,0,1.0,0,0,1,0,0,0,0,0,0,0,0,1,0,194.9351840777187,32.78356696120046,1
8565,1,1.0,1,0,1,0,0,0,0,1,0,0,1,0,0,90.28507067166392,33.40550694541635,1
8566,1,0.9525843638599151,0,0,1,0,0,0,1,0,0,0,0,1,0,74.86254164744933,22.119393418561856,1
8567,0,1.0,0,0,1,0,0,0,0,0,0,0,0,0,0,220.0401724548593,28.04328020922691,1
8568,0,1.0,0,0,1,0,0,0,0,0,0,0,0,0,0,138.79575473726365,30.75154117739622,1
8569,0,1.0,0,0,1,0,0,0,1,0,0,0,0,1,0,105.78101999879226,32.202185711697695,1
8570,0,1.0,0,0,1,0,0,0,0,0,0,0,0,0,0,219.1015678600908,27.709308778081446,1
8571,0,0.0,0,0,1,0,0,0,1,0,0,0,0,1,0,61.74233790692607,29.77115512276686,1
8572,1,1.0,0,0,0,1,0,0,0,0,0,0,0,0,0,95.22340521294082,22.685205893534324,1
8573,1,1.0,0,0,1,0,0,0,0,1,0,0,0,0,0,90.50961078023873,32.449656570798886,1
8574,0,1.0,0,0,1,0,0,0,0,0,0,0,0,0,0,111.09579799949847,28.36825085545101,1
8575,1,1.0,0,0,1,0,0,0,0,0,0,0,0,0,0,70.18652359205704,21.79737425820385,1
8576,0,1.0,1,0,1,0,0,0,1,0,0,0,1,0,0,176.57932120003662,30.355432877252078,1
8577,1,1.0,0,1,1,1,0,0,0,0,0,0,0,0,0,215.18476058920936,28.02247125580389,1
8578,1,1.0,0,0,0,1,0,0,0,0,0,0,0,1,0,66.60798072310196,42.70020156152185,1
8579,0,1.0,0,0,1,0,0,0,0,0,0,0,1,0,0,116.5876455823795,32.01424985778789,1
8580,0,1.0,1,0,1,0,0,0,0,0,0,0,0,0,0,68.93054067175846,26.490620134712522,1
8581,0,0.0,0,0,1,0,0,0,1,0,0,0,0,0,0,63.40508124719261,29.159606015436836,1
8582,0,0.0,0,0,1,0,0,0,1,0,0,0,0,0,0,244.68984848825076,33.46873088856689,1
8583,1,1.0,0,0,0,1,0,0,0,1,0,0,0,1,0,75.29405547236577,34.88296596013918,1
8584,1,0.628905144923615,0,1,1,1,0,0,1,0,0,0,0,0,0,215.0140261891402,29.239065594213876,1
8585,0,0.11793867487423348,0,0,1,0,0,0,1,0,0,0,1,0,0,86.27599608320095,29.941030662562884,1
8586,1,0.6549411045673216,0,0,0,0,0,0,0,0,0,0,1,0,0,83.42614693299281,25.637352761418303,1
8587,0,0.7167034720022978,0,0,1,0,0,0,0,0,0,0,0,0,0,185.39934511104073,38.03487854239242,1
8588,1,1.0,0,0,0,0,0,0,0,1,0,0,0,0,0,79.78975949490984,29.699902826226193,1
8589,0,0.12693605767417637,0,0,0,0,0,0,1,0,0,0,0,0,0,104.9056969807627,31.78575754809324,1
8590,0,0.06638462216490593,0,1,0,0,0,0,0,0,0,0,0,0,0,216.6038984639794,30.99336153778351,1
8591,0,1.0,0,1,1,1,0,0,0,0,0,0,0,0,0,252.4772589895811,30.18165113387686,1
8592,0,1.0,0,0,1,0,0,0,0,0,0,0,0,0,0,103.82798870995471,24.364353418534076,1
8593,0,0.0,0,0,1,0,0,0,1,0,0,0,0,0,0,88.98341104009057,41.764884286363525,1
8594,0,1.0,1,0,1,1,0,0,1,0,0,0,0,0,0,246.66257320627892,27.669428752491374,1
8595,1,1.0,0,0,0,1,0,0,0,0,0,0,0,0,0,94.49561589743698,22.785452355724935,1
8596,0,0.3736056595340591,1,0,1,1,0,0,1,0,0,0,0,0,0,112.18988845276272,40.5946111363763,1
8597,1,1.0,1,0,1,0,0,0,1,0,0,0,0,0,0,74.81399436537964,22.486685448734544,1
8598,1,1.0,0,0,1,1,0,0,0,0,0,0,0,0,0,95.9600825153812,21.5,1
8599,0,0.39624734681640594,0,0,0,0,0,0,1,0,0,0,0,0,0,86.64801369743789,37.13587208149805,1
8600,0,1.0,0,0,1,0,0,0,0,0,0,0,0,0,0,131.62311397560163,28.519401718079003,1
8601,1,0.46101912554987945,0,0,0,1,0,0,0,0,0,0,0,1,0,66.36955153053142,40.95764344162409,1
8602,0,1.0,1,0,1,0,0,0,1,0,0,0,0,0,0,248.7856008306223,29.683337268341646,1
8603,0,0.12027096312860686,0,0,1,0,0,0,0,0,0,0,1,0,0,103.36264826064799,27.28797290368714,1
8604,0,0.7035283401815304,0,0,1,0,0,0,0,0,0,0,0,0,0,164.83492738774987,33.13364898767325,1
8605,0,1.0,1,0,1,1,0,0,1,0,0,0,0,0,0,221.46757197828512,27.291604617595148,1
8606,1,0.3739387136037746,0,0,0,0,0,0,0,0,0,0,0,0,0,81.47603176575188,23.775636771837735,1
8607,0,0.9509413518658343,0,0,1,1,0,0,0,0,0,0,0,0,0,185.9509703378516,28.936223757425584,1
8608,0,0.022202812987850318,1,0,1,1,0,0,1,0,0,0,0,0,0,112.16177622503902,42.38676565376196,1
8609,0,1.0,0,0,1,0,0,0,0,0,0,0,0,1,0,221.16432886563842,29.574786607715446,1
8610,0,0.9210694862995814,0,0,1,0,0,0,1,0,0,0,0,0,0,219.8912792147299,33.98414984932151,1
8611,0,0.6790645616805596,0,0,1,0,0,0,1,0,0,0,0,0,0,81.18266823768776,24.04187087663888,1
8612,0,0.2522528338551704,0,1,0,0,0,0,0,0,0,0,0,0,0,216.67081102018787,30.974774716614483,1
8613,1,1.0,0,0,1,0,0,0,1,0,0,0,0,1,0,237.2322817898365,29.412166541573733,1
8614,0,0.8238017499205379,0,0,0,0,0,0,0,0,0,0,0,0,0,86.1936002348077,29.535239650015892,1
8615,0,0.896853239121639,0,0,0,0,0,0,0,0,0,0,0,0,0,91.18503481740538,32.807167915209476,1
8616,1,1.0,0,0,0,0,0,0,0,0,0,0,0,0,0,83.92002996961627,26.53418757421256,1
8617,1,1.0,0,0,1,1,0,0,0,0,0,0,0,0,0,250.7498977485258,40.1311311861261,1
8618,1,0.18125025555155194,0,0,1,0,0,0,1,0,0,0,0,1,0,223.64324935601007,54.950622674480876,1
8619,0,1.0,0,0,1,1,0,0,0,0,0,0,0,0,0,68.53863976116406,24.775984077603674,1
8620,1,1.0,0,0,0,1,0,0,0,0,0,0,0,0,0,69.63017182261065,25.953983489055023,1
8621,0,1.0,0,0,1,0,0,0,0,0,0,0,0,0,0,73.52471861035086,28.84022946780763,1
8622,1,1.0,0,0,1,0,0,0,0,0,0,0,0,0,0,69.50851272908237,21.778329009243887,1
8623,0,0.9627848079807322,0,0,1,0,0,0,0,0,0,0,0,0,0,93.77911139062401,28.392075943144125,1
8624,0,0.8733441271528061,0,1,1,0,0,0,1,0,0,0,0,0,0,246.6335413598974,39.34743155709054,1
8625,1,0.4206302368788194,0,0,1,0,0,0,1,0,0,0,0,1,0,79.12641803297736,30.3373067394333,1
8626,0,1.0,0,1,1,1,0,0,0,0,0,0,1,0,0,250.21429422188078,35.309416080843036,1
8627,0,1.0,1,0,1,0,0,0,0,1,0,0,1,0,0,197.78157436125616,27.623688183045,1
8628,0,0.636810876283775,0,0,1,0,0,0,0,0,0,0,0,1,0,233.70392706958444,44.76072930415546,1
8629,1,1.0,0,0,0,1,0,0,0,0,0,0,0,1,0,66.28663915772744,35.3477313324384,1
8630,1,0.6855386205626233,0,0,1,1,0,0,1,0,0,0,0,0,0,208.2611195038446,36.50375303513062,1
8631,0,1.0,0,0,1,0,0,0,0,0,0,0,0,0,0,220.60950550929272,27.021400367936128,1
8632,0,1.0,0,0,1,0,0,0,0,0,0,0,0,0,0,104.59919275450406,23.57791752105757,1
8633,1,0.8160335023020684,0,0,1,0,0,0,1,0,0,0,0,0,0,74.53433742119707,22.62168710598538,1
8634,0,1.0,0,0,1,0,0,0,0,0,0,0,0,0,0,245.38459476189414,32.98793831927005,1
8635,0,1.0,0,0,1,0,0,0,1,0,0,0,1,0,0,144.41861203468792,29.542844837973355,1
8636,0,1.0,0,0,1,0,0,0,0,0,0,1,0,0,0,105.95026910497822,22.82557761986806,1
8637,0,1.0,0,0,1,0,0,0,0,0,0,0,0,0,0,103.9659067466208,23.299035811243325,1
8638,0,1.0,0,0,1,0,0,0,0,0,0,0,0,0,0,73.70523157398496,28.68473914568904,1
8639,1,0.0,0,0,1,0,0,0,1,0,0,0,0,0,0,60.107808326839894,28.448415067615052,1
8640,0,1.0,0,0,1,1,0,0,0,0,0,1,0,0,0,217.04789678709795,26.61136025781843,1
8641,0,1.0,0,0,1,0,0,0,0,0,0,0,0,0,0,190.51799692702986,31.274991756865052,1
8642,0,0.09476847103459396,0,0,1,0,0,0,0,0,0,0,0,0,0,63.93150936372389,29.011449268758163,1
8643,0,0.006788174023589777,0,0,1,0,0,0,1,0,0,0,0,0,1,96.9764487653224,29.085066017148105,1
8644,0,0.0,0,0,1,0,0,0,0,0,0,0,0,0,1,97.63917488268442,29.52352840676229,1
8645,0,1.0,0,0,1,0,0,0,0,0,0,0,1,0,0,151.91751029564085,27.851849044423343,1
8646,0,1.0,0,0,1,1,0,0,0,0,0,0,0,0,0,74.0952146992691,28.810494080550203,1
8647,0,0.7111900300459104,1,0,1,0,0,0,1,0,0,0,0,1,0,245.23488112783696,34.235381933899,1
8648,1,0.14926801266924727,0,0,0,1,0,0,0,0,0,0,0,0,0,82.25313175771953,24.462730839274666,1
8649,0,0.759003742004082,0,0,1,1,0,0,1,0,0,0,0,0,0,174.31155519253656,32.198889148188165,1
8650,1,0.06387442845986535,0,0,0,0,0,0,0,0,0,0,0,0,0,58.01878545555921,31.046911185457688,1
8651,0,1.0,0,0,1,0,0,0,0,0,0,0,0,0,0,247.96573556155704,32.112496691375625,1
8652,0,1.0,0,0,1,0,0,0,0,0,0,0,0,0,0,135.71204524076964,32.90684561701507,1
8653,0,1.0,0,0,1,0,0,0,0,1,0,0,0,0,0,75.9644001765956,27.211374020536454,1
8654,0,1.0,0,0,1,0,0,0,0,0,0,0,0,0,0,103.18994211914472,26.33102140479213,1
8655,0,0.3350085699576958,0,0,1,0,0,0,0,0,0,0,1,0,0,103.2423952008237,27.266499143004232,1
8656,0,1.0,0,0,1,0,0,0,0,0,0,0,1,0,0,195.91728252254975,34.597478054119364,1
8657,0,1.0,0,0,1,0,0,0,0,0,0,0,0,0,0,104.17154050911157,22.075645072374236,1
8658,0,0.0,0,0,1,0,0,0,0,0,0,0,0,0,0,85.8752177888889,34.92656760630522,1
8659,0,1.0,0,0,1,1,0,0,0,0,0,0,0,0,0,136.96877063661876,24.503548913965204,1
8660,0,0.7104172953292729,0,0,1,0,0,0,0,0,0,0,0,0,0,116.97858240291268,32.3741639005512,1
8661,0,0.5771997464225614,0,0,1,0,0,0,1,0,0,0,0,1,0,70.56776428654251,27.86508027893518,1
8662,1,0.9341078349680273,0,1,1,1,0,0,1,0,0,0,0,0,0,214.25407149092962,28.384498062089524,1
8663,1,1.0,0,0,1,0,0,0,0,0,0,0,0,0,0,67.4009893978396,21.71912891566965,1
8664,0,1.0,0,0,1,1,0,0,0,0,0,0,0,0,0,219.61295691866013,26.39259472838865,1
8665,1,1.0,0,0,0,1,0,0,0,0,0,0,0,0,0,97.46719994019388,26.14149194102565,1
8666,0,1.0,0,0,1,0,0,0,0,0,0,0,0,0,1,194.42665506157323,24.6257867157226,1
8667,1,1.0,0,0,1,0,0,0,0,0,0,0,0,0,0,59.70207021155656,24.569518466680183,1
8668,1,1.0,0,0,1,0,0,0,1,0,0,0,0,0,1,97.79500726101352,26.7724563887893,1
8669,0,1.0,0,0,0,1,0,0,0,0,0,0,0,1,0,115.7074662502427,26.706195914482983,1
8670,1,0.05853660008005013,0,0,1,0,0,0,1,0,0,0,0,0,0,58.461707410508325,39.539512280464294,1
8671,1,1.0,0,0,1,0,0,0,0,1,0,0,0,1,0,74.6729113113698,26.111338402331597,1
8672,0,1.0,0,0,1,0,0,0,1,0,0,0,0,0,0,221.4636416745304,30.58334579914856,1
8673,1,0.1740104480161242,0,0,1,0,0,0,0,0,0,0,0,0,0,191.52766244733292,39.721359252737116,1
8674,1,0.0,0,0,1,0,1,0,0,0,0,0,0,1,0,66.63486015917371,34.95746994787223,1
8675,1,0.9841619290551258,0,0,1,0,0,0,0,0,0,0,0,1,0,70.88409160956459,34.376242893582685,1
8676,1,0.0,0,0,1,0,0,0,0,0,0,0,0,1,0,229.22627505550864,52.30486203183715,1
8677,1,1.0,0,0,1,0,0,0,1,0,0,0,0,0,0,228.73690619214773,31.621414626848633,1
8678,0,0.4934500000914528,0,0,1,1,0,0,0,0,0,0,0,0,0,113.2734510005103,27.809169999871965,1
8679,1,0.4371697627853971,0,0,1,0,0,0,0,0,0,0,0,0,0,208.19229269793374,40.961773478127874,1
8680,0,0.6866323055427218,0,0,1,0,0,0,0,0,0,0,0,0,0,251.65141616190067,32.160848780623574,1
8681,1,1.0,0,0,1,1,0,0,0,0,0,0,0,1,0,227.48758723951696,28.855651647410287,1
8682,0,0.2665981506650943,1,0,1,0,0,0,1,0,0,0,0,0,0,249.73122507805084,33.74719423987877,1
8683,0,1.0,0,0,1,1,0,0,0,0,0,0,0,0,0,134.69734646910126,23.960424433260762,1
8684,1,0.0,0,0,1,0,0,0,0,0,0,0,0,1,0,225.86982520229387,55.11712143006934,1
8685,1,1.0,0,0,1,0,0,0,1,0,0,0,0,1,0,231.95730835537805,36.45095370153831,1
8686,1,0.8977958063920259,0,0,1,0,0,0,0,0,0,0,0,0,0,78.52711480306671,29.361322516164783,1
8687,0,1.0,0,0,1,0,0,0,0,0,0,0,0,0,0,200.1036453055301,28.160250887246242,1
8688,0,0.5513173906628142,0,0,1,0,0,0,1,0,0,0,1,0,0,198.4643490025084,36.18592217346397,1
8689,0,0.6404568554799965,0,0,1,0,0,0,1,0,0,0,0,0,0,72.89179441503401,29.083131974588007,1
8690,1,0.1258023363460513,0,0,1,0,0,0,1,0,0,0,0,0,0,59.697714986113596,27.521951121885007,1
8691,1,1.0,0,0,1,0,0,0,0,0,0,0,0,1,0,232.95863084189205,26.394665822473865,1
8692,0,1.0,0,0,1,1,0,0,0,0,0,0,0,0,0,90.45485702356274,35.00726055199163,1
8693,0,1.0,0,0,1,0,0,0,0,0,0,0,0,1,0,72.71782038644854,28.5014967795956,1
8694,1,0.0,0,0,0,0,0,0,0,0,0,0,0,0,0,58.80210725617889,29.589579770508394,1
8695,0,1.0,0,0,0,0,0,0,0,0,0,0,0,0,0,217.5044859388365,31.46854698875619,1
8696,0,0.5904261031078913,0,0,1,0,0,0,0,0,0,0,0,0,0,87.42207684995991,35.22393474223028,1
8697,0,1.0,0,0,1,0,0,0,0,0,0,0,0,0,0,130.1185917777058,23.16212049698857,1
8698,0,1.0,0,0,1,0,0,0,0,0,0,0,0,0,0,104.2781924759698,22.053668791133234,1
8699,1,0.0,0,0,1,0,1,0,0,0,0,0,0,1,0,66.44687208969826,35.45645062610955,1
8700,0,1.0,0,0,1,0,0,0,0,0,0,0,0,0,0,103.86087925722595,24.26699739861122,1
8701,0,0.0,0,0,0,0,0,0,1,0,0,0,0,0,0,93.31202933649769,30.86758835845832,1
8702,1,1.0,0,0,1,0,0,0,1,0,0,0,0,0,0,59.34542025506378,32.4373923480867,1
8703,1,1.0,0,0,1,0,0,0,0,0,0,0,0,0,0,79.71554777122392,22.24069306636064,1
8704,0,0.3226581539184836,0,0,0,0,0,0,0,1,0,0,0,1,0,92.07978375056743,26.01945560009403,1
8705,0,1.0,0,1,1,1,0,0,0,0,0,0,1,0,0,252.5927359398793,30.744268829406334,1
8706,0,0.41174766759024317,1,0,1,0,0,0,0,0,0,0,0,0,0,237.09043097185796,47.50005793019317,1
8707,0,1.0,0,0,1,0,0,0,1,0,0,0,0,0,0,142.36957812308597,28.164636308900576,1
8708,0,1.0,0,1,1,1,0,0,1,0,0,0,0,0,0,224.87135199760104,31.20576533493265,1
8709,0,0.21613581231092072,0,0,0,0,0,0,0,0,0,1,0,0,0,83.12686208587269,25.767430880928565,1
8710,0,1.0,0,0,1,1,0,0,0,0,0,0,0,0,0,193.28742511580555,36.10896453811248,1
8711,1,1.0,0,0,0,0,0,0,0,0,0,0,0,0,0,82.91588872658672,27.86980894272126,1
8712,0,1.0,0,0,1,0,0,0,1,0,0,1,0,0,0,208.85806545270424,33.87494386898147,1
8713,0,0.07854226378346962,0,0,0,0,0,0,0,1,0,0,0,1,0,92.76086708404412,25.702104942918513,1
8714,1,1.0,0,0,1,0,0,0,1,0,0,0,0,1,0,235.70393947375155,32.16673699498268,1
8715,0,0.010670127006162766,0,0,1,0,0,0,0,0,0,0,0,0,1,191.8177592733287,40.36905663168213,1
8716,1,0.6227412763774776,0,0,1,1,0,0,1,0,0,0,0,0,0,73.75503747246483,22.67959446732117,1
8717,0,0.5871606022410936,0,0,1,0,0,0,0,0,0,0,1,0,0,114.27525491834842,31.471555457983015,1
8718,1,1.0,1,0,1,0,0,0,0,0,0,0,0,1,0,74.1433280485051,24.60759257293834,1
8719,0,1.0,0,0,1,1,0,0,1,0,0,0,0,0,0,208.3050138582475,31.757621748438353,1
8720,1,0.9810294891150761,0,0,1,1,0,0,0,0,0,0,0,0,1,97.43626026859204,26.460705634831754,1
8721,1,1.0,1,0,1,0,0,0,0,1,0,0,0,0,0,203.67567480964843,27.20217963959313,1
8722,0,0.793537402228831,0,0,1,0,0,0,0,0,0,0,0,0,1,113.43541844109507,37.00772106423478,1
8723,1,1.0,0,0,1,0,0,0,0,0,0,0,0,0,0,210.571226553382,39.54823870318602,1
8724,1,1.0,0,0,1,0,0,0,0,0,0,0,0,1,0,95.32815250152277,21.995336288848936,1
8725,1,0.2415963269657968,0,0,1,0,0,0,0,1,0,0,0,1,0,93.67096549512219,24.609455059440233,1
8726,0,1.0,0,0,1,1,0,0,0,0,0,0,0,0,0,191.68431444449294,37.39666334641518,1
8727,1,0.0,1,0,1,0,0,0,0,0,0,0,0,0,0,63.439972988556214,30.776117236676164,1
8728,0,0.013949018691911452,0,0,1,0,0,0,0,0,0,0,0,0,0,103.43962482289743,27.246993728970736,1
8729,1,0.6571188390612733,0,0,1,0,0,0,1,0,0,0,0,1,0,222.4440605255656,50.62021856454241,1
8730,0,1.0,0,0,1,0,0,0,0,0,0,0,0,1,0,228.64888685116753,26.892075136185444,1
8731,0,1.0,0,0,1,0,0,0,0,0,0,0,0,0,0,135.0117046825161,30.417933013973357,1
8732,0,0.6960314069891137,0,0,1,0,0,0,1,0,0,0,0,0,0,220.37961184683363,34.79428693483919,1
8733,1,0.3424752191863042,0,0,1,0,0,0,1,0,0,0,0,1,0,78.95056924316918,30.423277258895066,1
8734,0,1.0,0,0,1,0,0,0,0,0,0,0,0,0,0,56.375587622352654,25.359648817455913,1
8735,1,0.0,0,0,1,0,0,0,0,0,0,0,0,0,0,103.50521753716814,27.3,1
8736,0,0.41106397743745215,1,0,1,0,0,0,1,0,0,0,0,1,0,246.9546034092834,34.8956592496376,1
8737,0,1.0,0,0,1,0,0,0,0,0,0,0,0,0,0,256.3177284943027,31.124786424480934,1
8738,0,0.7422010091211325,0,0,1,0,0,0,1,0,0,0,0,0,0,94.62464481117722,28.65467939452732,1
8739,0,0.49026448999606287,0,0,1,0,0,0,1,0,0,0,0,0,0,75.26212155149075,20.843185142997243,1
8740,1,1.0,0,0,1,1,0,0,1,0,0,0,0,0,0,105.86211760084693,31.84489158006176,1
8741,0,0.6019128217637691,0,0,1,0,0,0,0,0,0,0,0,0,0,98.39051425936249,31.86879898011334,1
8742,1,1.0,0,0,0,1,0,0,1,0,0,0,0,0,0,207.22842853993455,34.7968570798691,1
8743,0,0.6644427983033429,1,0,1,0,0,0,1,0,0,0,0,1,0,245.50274276572185,34.338225843732644,1
8744,0,1.0,0,1,1,1,0,0,1,0,0,0,0,0,0,227.02100553063312,29.96306292883344,1
8745,0,1.0,0,0,1,0,0,0,1,0,0,0,0,1,0,239.19897331224837,26.21379998139562,1
8746,1,1.0,0,0,0,1,0,0,0,0,0,0,0,1,0,130.82655891831976,22.833837956384006,1
8747,1,1.0,0,1,1,1,0,0,0,0,0,0,0,0,0,215.1774214993728,28.02366137848009,1
8748,0,0.847296745535494,0,0,1,0,0,0,1,0,0,0,0,0,0,72.79871646450903,28.69013618348256,1
8749,1,0.0,0,0,0,1,0,0,0,0,0,0,0,0,0,82.81637663671994,25.285069025474844,1
8750,1,1.0,0,0,1,0,0,0,0,0,0,0,0,0,0,199.15905607064965,26.520985399499338,1
8751,0,0.9254895381813599,0,0,1,1,0,0,1,0,0,0,0,0,0,111.86893790014317,37.489412554182366,1
8752,0,0.5103927213487066,0,0,1,0,0,0,0,0,0,0,1,0,0,89.02240230310272,36.914779684940605,1
8753,1,1.0,0,0,1,0,0,0,0,1,0,0,0,0,0,76.29782633843271,24.467233373513068,1
8754,0,1.0,0,0,1,0,0,0,1,0,0,0,0,1,0,71.97552995483532,26.637469503559245,1
8755,0,1.0,0,0,1,0,0,0,0,0,0,0,0,0,0,104.1448206670035,23.27306818739658,1
8756,1,1.0,0,0,1,0,0,0,0,0,0,0,0,0,0,107.25695519091178,32.583406073257905,1
8757,0,0.22867685678314997,0,0,1,0,0,0,0,0,0,0,0,0,0,185.2431765941706,39.645366372615605,1
8758,0,1.0,0,1,0,0,0,0,1,0,0,0,0,0,0,207.82907608707006,32.26215963993437,1
8759,1,0.38230541381140914,0,0,0,0,0,0,0,1,0,0,0,0,0,82.15383921344224,21.285631561938995,1
8760,1,1.0,0,0,0,1,0,0,1,0,0,0,0,0,0,206.58662518077816,33.51325036155628,1
8761,0,1.0,0,0,1,1,0,0,0,0,0,0,0,0,0,213.2970778650428,26.151007410690095,1
8762,0,1.0,0,0,1,0,0,0,0,0,0,0,0,1,0,220.0832276652621,28.84005763658589,1
8763,1,0.0,0,0,0,1,0,0,0,0,0,0,0,1,0,67.20485955145769,38.34689916731668,1
8764,0,1.0,0,0,1,0,0,0,1,0,0,0,1,0,0,147.5697729027276,28.587947605234056,1
8765,0,1.0,0,0,0,1,0,0,0,0,0,0,0,0,0,98.39559866158172,24.638633175886174,1
8766,0,1.0,0,0,1,0,0,0,0,0,0,0,0,1,0,73.76002592622575,25.2793109883525,1
8767,0,1.0,1,0,1,0,0,0,0,0,0,0,0,1,0,189.95246475111045,36.524198096630904,1
8768,0,1.0,0,0,1,0,0,0,0,0,0,0,0,0,0,134.11814712061863,32.55408997853004,1
8769,0,1.0,0,0,0,1,0,0,0,0,0,0,0,1,0,115.54803677082921,26.546250482061673,1
8770,0,0.0,0,0,1,0,0,0,0,0,0,0,0,0,0,86.77715175471046,30.371522796408332,1
8771,0,0.5815505028245419,0,0,0,0,0,0,1,0,0,0,0,0,0,183.9022199038425,38.131953038984285,1
8772,0,1.0,0,0,1,0,0,0,1,0,0,0,1,0,0,101.94113850493068,27.691461108502292,1
8773,0,0.5232461244916718,0,0,1,1,0,0,0,0,0,0,0,0,0,69.82816530885215,27.296533913669155,1
8774,0,0.7293253940347106,0,0,1,0,0,0,0,1,0,0,0,0,0,117.05270397199348,34.77067460596529,1
8775,1,0.0,0,0,1,0,0,0,0,0,0,0,0,0,0,162.49253601716666,27.50711174687593,1
8776,0,0.6051016222371507,0,0,1,0,0,0,1,0,0,0,0,0,0,235.1561874323104,33.336325191158885,1
8777,0,1.0,0,0,1,0,0,0,0,0,0,0,0,0,0,187.83651125067263,29.94978759163365,1
8778,0,0.7013278426124503,1,0,0,1,0,0,1,0,0,0,0,0,0,206.3220984121518,45.25199176391868,1
8779,0,1.0,0,0,1,1,0,0,1,0,0,0,0,0,0,145.732949071881,26.546364852886434,1
8780,0,0.2532566922018402,0,0,0,0,0,0,1,0,0,0,0,0,0,105.12845209373396,32.0519540153211,1
8781,0,1.0,0,0,1,0,0,0,0,1,0,0,0,0,0,91.09396191484633,32.68664832255866,1
8782,0,1.0,0,0,1,0,0,0,0,0,0,0,0,0,0,133.08799167407525,30.973910532504796,1
8783,1,0.8690687478732225,0,0,0,1,0,0,0,1,0,0,0,1,0,71.62663530367388,36.891651876488744,1
8784,1,0.6962214361212724,0,0,1,0,0,0,1,0,0,0,0,0,0,104.29043759453108,31.12151142555149,1
8785,1,0.0,0,0,1,1,0,0,1,0,0,0,0,0,0,61.24796099909696,29.982429511974868,1
8786,0,0.5587703309082832,0,0,1,0,0,0,1,0,0,0,0,0,0,81.57723331462083,24.282459338183433,1
8787,0,0.0,0,0,0,0,0,0,0,0,0,0,0,0,0,82.35345089151224,24.091001104528445,1
8788,0,0.17469159757701758,0,0,1,0,0,0,0,0,0,0,0,0,0,104.36500597401108,26.89820932557286,1
8789,1,1.0,0,0,1,0,0,0,1,0,0,0,0,0,0,231.02689483195007,33.995484922972,1
8790,0,0.09690249295069031,0,0,1,0,0,0,1,0,0,0,0,0,0,88.0468940611379,28.506592742245758,1
8791,0,0.8642306022615571,0,0,0,0,0,0,0,0,0,0,0,0,0,91.2372310363815,32.7778075420354,1
8792,0,1.0,0,0,1,0,0,0,1,0,0,0,0,1,0,227.714040767814,28.68500136534581,1
8793,0,1.0,0,0,1,0,0,0,0,0,0,0,0,0,0,220.12878560128576,27.884230972051174,1
8794,1,1.0,0,1,1,0,0,0,1,0,0,0,0,1,0,228.72294156191285,32.50193997589111,1
8795,1,0.19692435766225513,0,0,1,1,0,0,0,0,0,0,0,1,0,230.98401577177498,48.62430589927284,1
8796,1,1.0,0,0,1,0,0,0,0,0,0,0,0,1,0,81.78230386012953,28.73406867133605,1
8797,0,1.0,0,0,1,0,0,0,1,0,0,0,0,1,0,232.06977580749844,38.078053336656076,1
8798,1,1.0,0,0,1,0,0,0,0,1,0,0,0,0,0,75.09289981559114,24.72252590976091,1
8799,0,1.0,0,0,1,0,0,0,1,0,0,0,0,1,0,105.26132394851004,31.088551318235808,1
8800,0,0.5136278991748524,0,0,1,0,0,0,1,0,0,0,0,0,0,211.55609954284165,41.68322329404322,1
8801,0,1.0,0,0,1,1,0,0,0,0,0,0,1,0,0,136.90330083093792,26.985498586817503,1
8802,0,0.7850718615635127,0,0,1,0,0,0,0,0,0,0,1,0,0,78.82579137661237,28.95611497850162,1
8803,0,0.17842230823916205,0,0,1,0,0,0,1,0,0,0,0,1,0,71.01838279168975,28.30373546093692,1
8804,0,0.5544891143211708,0,0,1,0,0,0,0,0,0,0,0,0,0,87.27221960671928,35.313777214197074,1
8805,0,0.0,0,0,1,1,0,0,1,0,0,0,0,0,0,86.28741415305534,31.394343717058373,1
8806,0,0.4677582309575795,0,0,1,0,0,0,0,0,0,0,0,0,0,63.11093189189332,27.482191253073925,1
8807,1,0.03192749709032161,0,0,1,1,0,0,0,0,0,0,0,0,1,97.7494639259602,29.497832009310972,1
8808,0,1.0,0,0,1,0,0,0,1,0,0,1,0,0,0,208.04804591689998,33.092833136705956,1
8809,0,0.1888373961208678,0,0,1,1,0,0,1,0,0,0,0,0,0,111.26660487534505,33.01972193905269,1
8810,1,0.9671745011807599,0,0,0,0,0,0,1,0,0,0,0,0,0,84.0040678559328,26.493434900236153,1
8811,0,0.4678594626341599,0,0,1,0,0,0,0,0,0,0,0,0,0,116.04323353986352,39.83320106298529,1
8812,1,1.0,0,0,1,0,0,0,0,0,0,0,0,1,0,128.74592092933088,27.94736520643971,1
8813,0,0.8300326836280747,0,0,1,0,0,0,0,0,0,0,0,0,0,163.6850029058208,32.905941169469465,1
8814,1,0.04927365358277147,0,0,1,0,0,0,0,0,0,0,0,0,0,210.151168049407,40.1084020378821,1
8815,0,1.0,0,0,1,1,0,0,0,0,0,0,0,0,0,68.53442683343074,24.49512222871625,1
8816,1,1.0,0,0,0,0,0,0,0,0,0,0,0,0,0,205.67321528807616,29.05812402799022,1
8817,1,1.0,0,0,1,1,0,0,0,0,0,0,0,0,0,96.21292340438876,21.5,1
8818,1,0.6827447835503,1,0,1,0,0,0,0,1,0,0,0,1,0,171.99121749762253,26.18906099350293,1
8819,1,0.7180704482484392,0,0,1,1,0,0,1,0,0,0,0,0,0,208.15962020146486,36.33784071393296,1
8820,0,0.4691409657115242,1,0,1,1,0,0,1,0,0,0,0,0,0,112.19753127725691,40.10738107487123,1
8821,0,0.9483143200888682,0,0,0,0,0,0,1,0,0,0,0,0,0,91.9561799759378,35.69842584834659,1
8822,0,0.8414638415000765,0,0,1,0,0,0,0,0,0,0,0,0,0,73.95414673418007,29.037804237749885,1
8823,0,0.1873069566242176,0,0,1,0,0,0,0,0,0,0,0,0,0,73.35232240009428,30.019039565063675,1
8824,0,0.13260399074681106,0,0,1,0,0,0,1,0,0,0,0,0,0,211.94474392943826,43.55024044534063,1
8825,0,1.0,0,0,1,0,0,0,0,0,0,0,0,0,0,78.1771923564138,19.82011328502463,1
8826,1,1.0,0,0,1,0,0,0,0,0,0,0,0,1,0,81.5090220413379,28.929269970472934,1
8827,1,1.0,0,0,1,1,0,0,0,0,0,0,0,0,0,67.90325647209607,25.372606579018672,1
8828,0,0.7636104796141586,0,0,0,1,1,0,0,0,0,0,0,0,0,82.59641799281026,27.714612753003188,1
8829,0,0.5526675733338122,0,0,1,0,0,0,1,0,0,0,0,0,0,97.67322844373427,25.95786594133295,1
8830,1,0.21013537896446122,0,0,1,0,0,0,1,0,0,0,1,0,0,59.752830956728125,28.903582129547182,1
8831,1,0.38165369295454254,0,0,1,0,0,0,0,0,0,0,0,0,1,97.82106459087274,28.569535029022735,1
8832,0,1.0,0,0,1,0,0,0,0,1,0,0,0,1,0,90.17417359871268,31.932140156345707,1
8833,1,1.0,0,0,1,0,0,0,0,1,0,0,0,0,0,75.97731106292862,24.493798863035703,1
8834,0,1.0,0,0,1,1,0,0,1,0,0,0,0,1,0,211.02746346644676,29.60741568637557,1
8835,0,1.0,0,1,1,0,0,0,1,0,0,0,0,0,0,128.91236753259048,24.6241359047541,1
8836,0,0.2564557303627054,1,0,1,0,0,0,0,0,0,0,0,0,0,235.65708639124776,48.0280505167668,1
8837,0,1.0,1,0,1,1,1,0,0,0,0,0,0,0,0,214.7199450768103,24.67167597643961,1
8838,0,1.0,0,0,1,1,0,0,0,0,0,0,0,0,0,214.27572198032613,26.79863954580405,1
8839,1,1.0,0,0,1,0,0,0,1,0,0,0,0,0,0,230.81937988762473,33.78035063943815,1
8840,0,1.0,0,0,1,0,0,0,0,0,0,0,0,0,0,136.00223664232513,32.76070272139567,1
8841,1,0.575501018469059,0,0,1,0,0,0,0,0,0,0,0,1,0,182.92698853408763,27.58489979630619,1
8842,0,0.5765611951002075,0,0,1,0,0,0,1,0,0,0,1,0,0,86.45485886608908,29.711719402449898,1
8843,0,1.0,0,0,1,0,0,0,0,0,0,0,0,0,0,134.26707697281066,30.00073922075978,1
8844,0,1.0,0,1,1,1,0,0,0,0,0,0,0,0,0,252.4076602933969,30.090374155274638,1
8845,0,1.0,0,0,1,0,0,0,1,0,0,0,0,0,1,263.7122052841073,31.49774375140674,1
8846,0,1.0,0,0,1,0,0,0,0,0,0,0,1,0,0,76.58920952795341,24.326269370427983,1
8847,1,1.0,1,0,1,0,0,0,0,0,0,0,0,0,0,74.47265690085999,23.590085062895113,1
8848,0,0.5084857741681734,0,0,1,0,0,0,0,0,0,0,0,0,0,100.72098525910407,32.5695172805868,1
8849,1,1.0,0,0,1,1,0,0,0,0,0,0,0,0,0,95.8862533481505,21.5,1
8850,0,1.0,0,0,1,0,0,0,0,0,0,0,0,0,0,197.8770302900136,27.16651095893624,1
8851,0,1.0,0,0,1,0,0,0,1,0,0,0,0,0,0,208.4417337792767,31.77108342086277,1
8852,0,1.0,0,0,1,0,0,0,1,0,0,0,0,1,0,72.80278434398399,26.489410970420515,1
8853,0,0.3939849975205568,0,0,1,1,0,0,1,0,0,0,0,0,0,103.8638646040663,27.260601500247944,1
8854,0,1.0,0,0,1,1,0,0,0,0,0,0,0,0,0,91.66992735248012,35.74762598538215,1
8855,0,1.0,0,0,1,0,0,0,0,0,0,0,0,0,0,219.67822900286126,28.52662378358288,1
8856,0,1.0,0,0,1,0,0,0,1,0,0,0,0,0,0,98.37086747080555,25.969638552305994,1
8857,1,0.7881597881357064,0,0,1,0,0,0,1,0,0,0,0,0,0,101.22997144999987,28.87788867796574,1
8858,0,0.7041043607716369,0,0,1,0,0,0,1,0,0,0,0,0,0,75.76464524781335,20.992873052540144,1
8859,0,1.0,0,0,1,1,0,0,0,0,0,1,0,0,0,216.3101801490407,26.512810325253525,1
8860,1,1.0,0,0,1,0,0,0,0,0,0,0,0,1,0,190.2390156994046,33.694555183536075,1
8861,0,1.0,0,0,1,1,0,0,1,0,0,0,0,0,0,208.45597153027265,31.294831805003536,1
8862,0,1.0,0,0,1,0,0,0,0,0,0,0,1,0,0,76.41294772185222,24.37841783377153,1
8863,0,1.0,0,0,1,0,0,0,1,0,0,0,1,0,0,77.24651320854059,22.55260233315898,1
8864,0,0.931535049155262,0,0,1,1,0,0,1,0,0,0,0,0,0,228.22443833425578,36.64792546559132,1
8865,1,1.0,0,0,1,0,0,0,0,0,0,0,0,1,0,94.67749881886796,22.625001143031003,1
8866,0,1.0,0,0,1,0,0,0,0,0,0,0,0,0,0,114.1196681617857,27.192323162620713,1
8867,0,1.0,0,0,1,0,0,0,0,0,0,0,0,0,0,72.82820000744294,30.209241440907142,1
8868,1,1.0,0,0,1,1,0,0,1,0,0,0,0,1,0,67.91577040697506,24.013994267715667,1
8869,0,0.0,0,0,1,0,0,0,1,0,0,1,0,0,0,84.96498434549619,36.681401695909706,1
8870,0,1.0,0,0,1,0,0,0,0,0,0,0,0,0,0,73.0608635307928,28.496602490742422,1
8871,0,1.0,0,0,1,0,0,0,1,0,0,0,0,1,0,105.56319377987751,31.73541524259465,1
8872,1,1.0,0,0,1,0,0,0,1,0,0,0,0,0,0,181.1261885479315,27.872024028644148,1
8873,0,1.0,1,0,1,1,0,0,1,0,0,0,0,0,0,221.56575738599867,28.11636204238894,1
8874,1,0.0,0,0,0,1,0,0,0,0,0,0,0,1,0,67.94549564532159,37.5774071217438,1
8875,0,0.0,0,0,1,0,0,0,0,0,0,0,0,0,0,85.97228715123435,34.738474724251766,1
8876,0,0.0,0,0,1,0,0,0,0,0,0,0,0,1,0,65.93136178829245,31.31735971223962,1
8877,1,0.13351555135281956,0,0,0,1,0,0,0,0,0,0,0,1,0,67.75430405280788,37.219617342159076,1
8878,1,0.04795773243698764,0,0,1,0,0,0,0,0,0,0,0,0,0,191.73943100950586,40.21296484349575,1
8879,1,1.0,0,0,1,0,0,0,0,0,0,0,0,1,0,106.1745095629819,30.9550819029185,1
8880,0,0.42931682492802137,0,0,1,0,0,0,1,0,0,0,0,0,0,93.75863851424353,29.470161397622363,1
8881,0,1.0,0,0,1,0,0,0,0,0,0,0,0,0,0,77.77373061481902,20.17103066598875,1
8882,0,0.8501372011134484,0,0,1,0,0,0,1,0,0,0,0,0,0,80.62154998034788,23.699725597773103,1
8883,0,0.42817122881730907,1,0,1,0,0,0,1,0,0,0,0,0,0,246.40271735633047,39.9532609195279,1
8884,0,0.7463575256586245,0,0,1,1,0,0,0,0,0,1,0,0,0,217.98315214823822,27.86529839223378,1
8885,0,1.0,0,0,1,0,0,0,0,0,0,0,0,0,0,73.78755531084697,28.708775273239993,1
8886,0,1.0,0,0,1,0,0,0,0,0,0,0,0,0,0,56.138353994570345,25.48501618173112,1
8887,1,0.8696592764309281,0,0,1,0,0,0,1,0,0,0,0,1,0,93.51140616143451,24.486749591851957,1
8888,1,0.6907318885003046,0,0,0,0,0,0,0,0,0,0,1,0,0,83.48878080487553,25.726829721250763,1
8889,0,1.0,0,0,1,0,0,0,0,0,0,0,1,0,0,136.81962829397125,30.753282039213392,1
8890,1,0.014141559589062491,0,0,1,1,0,0,1,0,0,0,0,0,0,210.33452457910263,40.084849357534374,1
8891,0,1.0,0,0,1,1,0,0,0,1,0,0,0,0,0,198.4172034903046,28.092589794557185,1
8892,0,1.0,0,1,1,0,0,0,0,0,0,0,0,0,0,117.18132127906777,34.79974507741535,1
8893,0,1.0,0,0,1,1,0,0,0,0,0,0,0,0,0,91.36456034721,35.56156006819247,1
8894,0,1.0,0,0,0,1,0,0,1,0,0,0,0,0,0,90.80679871652198,36.68336386615119,1
8895,1,1.0,0,0,1,1,0,0,1,0,0,0,0,0,0,70.4887818877992,21.940895752502534,1
8896,0,1.0,0,1,1,0,0,0,1,0,0,0,0,0,0,192.31158593628012,37.36243413014115,1
8897,1,1.0,0,0,1,0,0,0,1,0,0,0,0,0,0,98.03781098153434,26.950050416991708,1
8898,1,0.7532525793326191,0,0,1,0,0,0,0,0,0,0,0,0,0,61.426765365011846,25.96621803580193,1
8899,0,1.0,0,0,1,0,0,0,1,0,0,0,0,0,0,106.3709218797555,32.77495236570457,1
8900,0,0.9778655489705029,0,0,0,0,0,0,0,0,0,0,0,0,0,91.05541512164719,32.88007899407345,1
8901,0,0.6407102247272215,1,0,0,1,0,0,1,0,0,0,0,0,0,206.8197690549895,45.16106533709083,1
8902,1,0.41392605805258886,0,0,1,1,0,0,1,0,0,0,0,0,0,73.87406214691002,21.94874120318406,1
8903,0,1.0,0,0,1,0,0,0,1,0,0,0,0,1,0,70.82455902779624,27.102935687288287,1
8904,0,1.0,0,0,1,0,0,0,0,0,0,0,0,1,0,72.682410226637,28.796581444691693,1
8905,1,1.0,0,0,1,0,0,0,0,0,0,0,0,0,0,209.08447177343152,40.30333307478959,1
8906,0,1.0,0,1,1,1,0,0,1,0,0,0,0,0,0,225.6689163522482,30.67405576516786,1
8907,0,0.820340710970088,0,0,1,1,0,0,1,0,0,0,0,0,0,72.64739283708795,30.796953990716247,1
8908,0,1.0,1,0,1,0,0,0,0,0,0,0,0,1,0,188.69435722891373,36.686534551107904,1
8909,0,0.43492771696330634,0,0,1,0,0,0,0,0,0,0,0,1,0,233.57270301602614,46.072969839738505,1
8910,0,1.0,0,0,1,0,0,0,0,0,0,0,0,1,0,220.02113556684523,28.797859123098707,1
8911,0,1.0,0,0,1,1,0,0,1,0,0,0,0,0,0,72.89575740617984,26.029805432584066,1
8912,1,1.0,0,0,0,1,0,0,0,1,0,0,0,1,0,73.1130669514444,36.22129982525003,1
8913,0,1.0,0,0,1,0,0,0,0,1,0,0,0,0,0,194.65077556333716,27.424428177137564,1
8914,1,1.0,0,0,1,0,0,0,0,0,0,0,0,0,0,120.88209013815911,36.17894094112827,1
8915,0,1.0,0,0,1,0,0,0,0,0,0,0,0,0,0,206.7644461869835,28.47003976674402,1
8916,0,0.4415472888798304,0,0,1,0,0,0,1,0,0,0,0,0,0,236.62490534585913,32.81295132441546,1
8917,1,1.0,0,0,0,1,0,0,0,0,0,0,0,0,0,89.21504863070003,37.601945228001036,1
8918,1,0.1416113506178993,0,0,1,0,0,0,0,0,0,0,0,0,0,209.68486267937962,40.31154497135938,1
8919,1,1.0,0,0,1,1,0,0,1,0,0,0,0,0,0,106.19710675403992,32.28566678163148,1
8920,1,1.0,0,0,0,0,0,0,0,0,0,0,0,0,0,205.62030483455186,29.35748580450933,1
8921,0,0.9568146705908778,0,0,1,0,0,0,0,0,0,0,0,0,0,91.6341440181119,31.34817760470905,1
8922,1,1.0,0,0,1,0,0,0,0,0,0,0,0,0,0,107.64083146414245,32.27405523036139,1
8923,0,0.0,1,0,1,1,0,0,1,0,0,0,0,0,1,210.46352767205377,40.15881918013444,1
8924,0,1.0,1,0,1,0,0,0,1,0,0,0,0,0,0,243.4755750021668,34.772318371901086,1
8925,0,1.0,0,0,1,1,0,0,0,0,0,0,0,0,0,217.77863424701715,27.097421558841724,1
8926,1,0.8035417768264277,0,0,1,1,0,0,1,0,0,0,0,0,0,105.08051466154676,30.273104574257783,1
8927,0,1.0,0,0,1,0,0,0,1,0,0,0,0,0,0,231.62024220979785,34.63428722593265,1
8928,0,0.25266300217128235,0,0,1,1,0,0,0,0,0,0,1,0,0,113.3045633998359,40.478695982629745,1
8929,0,0.43677716932331967,0,0,1,0,0,0,0,0,0,0,0,0,0,185.30976869418345,38.95863534123305,1
8930,0,1.0,0,1,0,0,1,0,0,0,0,0,0,1,0,218.39130425502125,29.703584305896452,1
8931,0,0.0,0,0,1,0,0,0,1,0,0,0,1,0,0,198.26506999358492,34.88341047654502,1
8932,0,1.0,1,0,1,1,1,0,0,0,0,0,0,0,0,213.07442068336994,20.31753926527443,1
8933,0,0.0,0,0,0,0,0,0,1,0,0,0,0,0,1,102.75434895933331,31.510064622098763,1
8934,0,1.0,0,0,0,0,0,0,1,0,0,0,0,0,0,112.6716757387899,24.930391718327805,1
8935,1,1.0,0,0,0,1,0,0,0,0,0,0,0,1,0,68.2080745334723,34.956400298681814,1
8936,0,0.8288975215865981,0,0,1,0,0,0,1,0,0,0,0,0,0,72.99764254525094,31.128897521586598,1
8937,1,1.0,0,0,1,0,0,0,0,0,0,1,0,0,0,78.79605797923608,19.574650871338335,1
8938,0,0.7049111327313361,1,0,1,1,0,0,0,0,0,0,0,0,0,176.95430121139526,30.378662304379077,1
8939,0,0.0,0,0,1,0,0,0,1,0,0,0,0,0,0,96.62237618147267,26.630041289411086,1
8940,0,1.0,0,0,1,0,0,0,1,0,0,0,0,0,0,225.48506270610812,30.32541603012969,1
8941,0,1.0,0,0,0,1,0,0,1,0,0,0,0,0,0,90.98487248629517,36.55805269482932,1
8942,0,0.0,0,0,1,0,0,0,0,0,0,0,0,0,0,87.86532258922473,30.981797168837797,1
8943,0,0.9969791286438388,0,0,1,1,0,0,0,0,0,0,0,0,0,77.82332295849177,27.50060417427123,1
8944,1,1.0,0,0,1,0,0,0,0,1,0,0,0,0,0,90.25289109880192,32.22313920482522,1
8945,0,0.07220852062468452,0,0,1,0,0,0,0,0,0,0,0,1,0,71.3247023549058,28.528883408249875,1
8946,0,0.932133915398283,0,0,1,0,0,0,0,0,0,0,0,0,0,116.12307446876459,26.876041920814334,1
8947,0,1.0,0,0,1,0,0,0,0,0,0,0,0,0,0,220.1658851857818,27.817641974237787,1
8948,0,0.23423667895246003,0,0,0,0,0,0,0,0,0,0,0,0,0,92.36702438673134,31.859457992628524,1
8949,1,0.9085170420703529,0,0,1,1,0,0,1,0,0,0,0,0,0,207.5654268287405,35.3665630854412,1
8950,0,0.0,0,0,1,1,0,0,1,0,0,0,0,0,0,87.22363591392136,30.09579025476817,1
8951,0,1.0,0,0,0,1,0,0,1,0,0,0,0,0,0,206.0988555310795,30.9305251026133,1
8952,1,0.0,0,0,1,0,0,0,0,0,0,0,0,0,0,170.53774707339596,33.765736847352336,1
8953,0,0.8103032991233325,0,0,0,1,1,0,0,0,0,0,0,1,0,83.07367841421858,28.322484391490335,1
8954,1,0.8649618633194526,1,0,1,0,0,0,0,0,0,0,0,1,0,175.03960971079454,24.499641105718027,1
8955,0,0.5313483630036148,0,0,1,0,0,0,0,0,0,0,0,0,0,62.971033601392044,27.22147171168518,1
8956,0,1.0,0,0,1,0,0,0,0,0,0,0,0,0,0,124.4893172984217,30.85948850835709,1
8957,1,0.18583205556534255,0,0,0,1,0,0,0,0,0,0,0,1,0,67.65019420942497,37.10975268331278,1
8958,1,0.022006576261765387,0,0,1,0,0,0,1,0,0,0,0,0,0,210.41452434033278,39.98459539661676,1
8959,0,1.0,0,0,1,0,0,0,1,0,0,0,0,0,1,271.67082750756646,31.103427208543366,1
8960,1,0.5556171546824029,0,0,1,0,0,0,0,0,0,0,0,1,0,232.32878232239943,42.23259414381116,1
8961,0,0.8298572598228421,0,0,1,0,0,0,0,1,0,0,0,0,0,186.56700354532143,37.66147104258462,1
8962,0,0.31610488794089564,0,0,1,1,0,0,0,0,0,0,0,0,0,198.84032948089276,34.85168533617731,1
8963,1,1.0,0,0,1,0,0,0,1,0,0,0,0,0,1,97.7119985119885,26.68775358366173,1
8964,1,1.0,0,0,1,0,0,0,0,0,0,0,0,1,0,235.86230779340522,26.254662112179112,1
8965,0,1.0,0,0,0,1,0,0,1,0,0,0,0,0,0,89.9777160656666,37.26679239823462,1
8966,1,1.0,0,0,0,1,0,0,0,0,0,0,0,0,0,68.60832030596355,26.18889188368654,1
8967,1,1.0,0,0,1,0,0,0,0,0,0,0,0,0,0,76.11915464852133,24.062597379685357,1
8968,1,0.26667209128313774,0,0,1,0,0,0,0,0,0,0,0,0,0,72.58265451552577,31.393355574260866,1
8969,1,0.9995897105608251,0,0,1,0,0,0,1,0,0,0,0,0,0,97.9194543150459,26.899794855280412,1
8970,0,1.0,1,0,1,0,0,0,1,0,0,0,0,0,0,245.92299789075133,37.7136604188764,1
8971,1,0.08405699604594763,0,0,1,0,0,0,1,0,0,0,0,1,0,60.77634937628694,30.177388086951627,1
8972,0,1.0,0,0,0,0,0,0,1,0,0,0,0,0,0,130.1412430926922,21.880164764766953,1
8973,1,1.0,0,0,1,0,0,0,0,0,0,0,0,0,0,67.1842501941031,24.061974671752616,1
8974,0,1.0,0,0,1,0,0,0,1,0,0,0,0,0,0,78.30168975999483,22.402223117977236,1
8975,0,0.7126014072983932,1,0,1,0,0,0,0,0,0,0,0,0,0,173.02529908951132,31.327560844379036,1
8976,0,0.6880305189519813,0,0,0,0,0,0,1,0,0,1,0,0,0,93.43875631755286,29.591893183668066,1
8977,0,1.0,0,0,1,0,0,0,1,0,0,0,0,1,0,70.93299656325644,27.719316880021374,1
8978,0,0.2522024021593309,0,0,1,0,0,0,0,0,0,0,1,0,0,196.88404222860984,34.39911903913627,1
8979,0,1.0,0,0,1,0,0,0,0,0,0,0,0,1,0,72.80382863199469,26.414611120098684,1
8980,0,1.0,0,0,1,0,0,0,0,0,0,0,0,1,0,72.7253979704962,28.438350245865035,1
8981,0,0.4573166098928203,0,0,1,0,0,0,0,0,0,0,0,0,0,87.28750056983183,30.368293424171487,1
8982,0,0.15380613384562658,0,0,1,0,0,0,0,0,0,0,0,0,0,110.79852436986238,31.81543263938525,1
8983,0,1.0,0,0,1,0,0,0,1,0,0,0,0,1,0,72.76618587821075,27.45012069696798,1
8984,0,1.0,0,0,1,0,0,0,0,0,0,0,0,0,0,195.9800508889153,34.92976063313171,1
8985,0,0.15676294759929466,0,0,1,1,0,0,0,0,0,0,1,0,0,112.8701361526248,41.24589641920564,1
8986,1,1.0,0,0,1,1,0,0,1,0,0,0,0,0,1,97.60207818305241,23.589389676810665,1
8987,1,0.537416938599807,0,0,1,0,0,0,0,0,0,0,0,0,0,99.49048254229139,28.84761628596027,1
8988,0,0.9774956725713135,1,0,1,0,0,0,0,0,0,0,0,0,0,80.39601846558269,29.654991345142626,1
8989,1,0.4441130051754064,0,0,1,0,0,0,1,0,0,0,0,1,0,222.98083522695796,52.5585716529038,1
8990,1,1.0,0,0,0,1,0,0,1,0,0,0,0,0,0,96.99972976943997,21.78423691608624,1
8991,0,1.0,0,0,1,0,0,0,1,0,0,0,0,1,0,233.17850961417076,40.64025331005848,1
8992,0,0.364843011136065,0,0,0,0,0,0,0,0,0,0,0,0,0,91.66411131082351,32.0,1
8993,0,0.0904445715627975,0,0,1,0,0,0,1,0,0,0,1,0,0,197.2284465942092,34.6808891431256,1
8994,1,1.0,0,0,1,0,0,0,1,0,0,0,0,0,0,73.56452353336232,23.967542382314587,1
8995,1,0.0,0,0,1,0,0,0,0,0,0,0,0,0,0,165.11550649647577,29.305371310292042,1
8996,0,0.7873488484097071,0,0,0,0,0,0,1,0,0,0,0,0,0,105.1434455854275,31.191386036431265,1
8997,0,1.0,0,0,1,0,0,0,1,0,0,0,0,0,0,106.29610498618496,32.72933230864937,1
8998,0,0.32389555258037916,0,0,1,0,0,0,1,0,0,0,1,0,0,197.0953795350292,35.147791105160756,1
8999,0,1.0,0,0,1,0,0,0,0,0,0,0,0,0,0,199.38938828547785,26.92700135622075,1
9000,0,0.8875630718161913,1,0,1,1,0,0,0,0,0,0,0,0,0,175.9241442749567,31.072739672901527,1
9001,0,0.470762392387603,0,0,1,0,0,0,1,0,0,0,0,0,0,73.07643227367473,30.770762392387603,1
9002,1,1.0,0,0,0,0,0,0,0,0,0,0,0,0,0,82.33523766981759,27.02686911819142,1
9003,1,0.0,0,0,0,0,0,0,0,0,0,0,0,0,0,59.67583932485084,30.314147877566832,1
9004,0,0.0,0,0,1,0,0,0,1,0,0,0,0,0,0,61.254457740887794,28.456131036739,1
9005,0,1.0,0,0,1,0,0,0,0,0,0,0,0,1,0,72.68174433073729,28.802130577189224,1
9006,0,1.0,0,0,1,1,0,0,0,0,0,0,0,0,0,74.1904484839935,32.25436447511962,1
9007,0,0.0,0,0,1,0,0,0,0,0,0,0,0,0,0,86.87484884189988,30.437860324746833,1
9008,0,0.0,0,0,0,1,0,0,0,0,0,0,0,0,0,85.22136989374984,30.672733232142697,1
9009,0,1.0,0,0,1,0,1,0,0,0,0,0,0,0,0,106.00883202156005,24.11664992285653,1
9010,0,0.3736502963729842,0,0,1,0,0,0,0,0,0,0,0,0,0,93.29012974598957,26.683585859481656,1
9011,1,1.0,0,0,1,0,0,0,0,0,0,0,0,0,0,67.06877076964196,23.47444777537136,1
9012,0,1.0,0,0,1,1,0,0,0,1,0,0,0,0,0,196.75828370386196,22.783709707953808,1
9013,0,1.0,1,0,1,0,0,0,0,1,0,0,0,0,0,196.70219030981545,22.60999471093561,1
9014,0,1.0,1,0,1,0,0,0,0,1,0,0,0,0,0,75.91973410176402,27.090616475625485,1
9015,0,0.3517908225514441,0,0,0,0,0,0,0,0,0,1,0,0,0,82.9491540224576,25.998044398337456,1
9016,0,1.0,0,0,1,1,0,0,0,0,0,0,0,0,0,68.54760416563592,25.373611042394405,1
9017,0,0.40561939025544236,0,0,0,0,0,0,0,0,0,0,0,0,0,91.97100897559129,32.365057451229895,1
9018,0,0.6795518365726839,0,0,1,0,0,0,1,0,0,0,0,0,0,73.030498595954,30.979551836572686,1
9019,1,1.0,0,0,1,0,0,0,0,0,0,0,0,1,0,82.65031691634088,28.114059345470793,1
9020,1,1.0,0,0,1,0,0,0,1,0,0,0,0,0,0,182.25476653398357,27.74377653022914,1
9021,0,1.0,1,0,1,1,1,0,0,0,0,0,0,0,0,215.27661249717954,26.14464475198713,1
9022,0,0.8282127578865942,0,0,1,0,0,0,0,0,0,0,0,0,0,82.91307234526805,27.553353170505144,1
9023,0,1.0,0,0,1,0,0,0,1,0,0,0,0,1,0,242.2242834043195,33.37831049378809,1
9024,0,1.0,0,0,0,1,0,0,1,0,0,0,0,0,0,112.78842514816886,24.01025809499218,1
9025,0,0.0,0,0,0,1,0,0,0,0,0,0,0,0,0,85.57790679287963,31.012292183694882,1
9026,1,1.0,1,0,1,0,0,0,0,0,0,0,0,0,0,178.52927400410343,27.6156046833648,1
9027,1,1.0,0,0,1,0,0,0,0,0,0,0,0,1,0,190.23264947092017,33.87493165726201,1
9028,0,0.542033345097202,0,0,1,1,0,0,1,0,0,0,0,0,0,188.660694742426,38.828103299218114,1
9029,0,1.0,0,0,0,1,0,0,0,0,0,0,0,0,1,68.67330224965926,24.329538756754125,1
9030,0,0.8999095433546718,0,0,0,0,0,0,0,0,0,1,0,0,0,82.23111849820538,26.929846223702942,1
9031,0,1.0,0,0,1,0,0,0,0,0,0,0,0,1,0,220.65321139914013,29.227425222716604,1
9032,1,1.0,0,0,1,1,0,0,0,0,0,0,0,0,0,96.35863987379145,21.5,1
9033,0,0.0,0,0,1,0,0,0,0,0,0,0,0,0,1,97.28060464330576,29.296585217282132,1
9034,0,0.6122356714702503,0,0,1,1,0,0,1,0,0,0,0,0,0,226.0532025659977,36.871435029970826,1
9035,1,1.0,0,0,1,0,0,0,0,0,0,0,0,0,0,66.8835141187402,22.531913937450103,1
9036,0,1.0,0,1,0,0,1,0,0,0,0,0,0,1,0,218.98066290391102,29.217733089965822,1
9037,0,1.0,0,0,1,1,0,0,1,0,0,0,0,0,0,223.54656839041863,31.636019579311466,1
9038,0,0.9301380793153383,0,0,1,0,0,0,0,1,0,0,0,0,0,162.50817232200816,32.48123473483608,1
9039,0,0.6776111820995941,0,0,1,0,0,0,0,1,0,1,0,0,0,137.5822154984805,37.565382460174995,1
9040,1,1.0,1,0,1,0,0,0,0,1,0,0,0,0,0,205.00987467839718,26.924666066893387,1
9041,1,1.0,0,0,1,0,0,0,0,0,0,0,0,0,0,67.09363164076538,23.600932909157216,1
9042,1,1.0,0,0,1,0,0,0,0,1,0,0,0,0,0,90.95722610518246,32.844611269278644,1
9043,1,1.0,0,0,1,0,0,0,1,0,0,0,0,0,0,73.83427126417246,23.757023726830084,1
9044,0,0.7684210711172421,1,0,1,0,0,0,0,0,0,0,0,0,0,76.76073679016055,27.392631571553103,1
9045,0,1.0,0,0,1,1,0,0,0,0,0,0,0,1,0,73.0572170522234,26.334495402635824,1
9046,0,1.0,0,0,1,1,0,0,0,0,0,0,0,0,0,73.2125409531687,30.746182120244082,1
9047,1,0.0,0,0,1,0,0,0,0,0,0,0,0,0,0,169.4592472540309,32.77758256259377,1
9048,0,1.0,1,0,1,0,0,0,1,0,0,0,0,0,0,245.42837350839324,36.84523593076673,1
9049,0,1.0,1,0,1,0,0,0,0,1,0,0,0,0,0,74.28422761096215,25.29077679675261,1
9050,0,0.2372009471241946,1,0,1,0,0,0,1,0,0,0,0,0,0,254.63041724399568,34.685155548516285,1
9051,1,0.5130772183680499,0,0,1,0,0,0,1,0,0,0,0,1,0,74.51533100251076,21.372231271225683,1
9052,0,1.0,0,0,1,1,0,0,1,0,0,0,0,0,0,149.0988774749533,27.13782192051895,1
9053,1,1.0,0,0,1,1,0,0,0,0,0,0,0,0,0,96.1284989481113,21.5,1
9054,0,0.0,0,0,0,0,0,0,1,0,0,0,0,0,1,102.18575517586896,31.40476947701277,1
9055,1,0.0,0,0,1,0,0,0,0,0,0,0,0,0,0,165.85601027945043,30.160519220455345,1
9056,0,1.0,0,0,1,0,0,0,1,0,0,0,0,1,0,72.55770141499366,26.402032515995213,1
9057,0,0.2596869691560486,0,0,1,1,0,0,1,0,0,0,0,0,0,210.44137522462535,44.66743654448089,1
9058,1,0.0,0,0,1,0,0,0,1,0,0,0,0,0,0,74.78138205428552,30.08286345026637,1
9059,0,1.0,0,0,1,0,0,0,1,0,0,0,0,0,0,226.05478138712382,29.7834003716581,1
9060,0,0.6522299023955622,1,0,1,0,0,0,0,0,0,0,0,0,0,239.31008199911105,46.68241833185509,1
9061,0,0.4794794663584855,0,0,1,1,0,0,1,0,0,0,1,0,0,108.97823829465851,32.479479466358484,1
9062,0,1.0,0,0,1,0,0,0,1,0,0,0,0,1,0,232.380187985277,38.79539240295101,1
9063,0,1.0,0,0,0,0,0,0,1,0,0,0,0,0,0,184.3371289837407,33.362277211784054,1
9064,0,0.714153146392174,0,0,1,0,0,0,1,0,0,0,0,0,0,97.98974016692866,25.82867748288626,1
9065,0,1.0,0,0,1,0,0,0,0,0,0,0,0,0,0,186.78033554595982,29.333042654575074,1
9066,0,1.0,0,0,1,0,0,0,0,0,0,0,0,0,0,143.33768303333292,27.513730906931,1
9067,0,1.0,0,0,1,1,0,0,0,0,0,0,0,0,0,68.54354641068453,25.103094045634847,1
9068,0,0.5919799087149189,0,0,1,1,0,0,1,0,0,0,0,0,0,111.7503758904579,35.196691507060564,1
9069,0,0.3125351959502719,0,0,1,0,0,0,1,0,0,0,0,0,0,97.20256898406254,26.149971843239783,1
9070,1,1.0,1,0,0,0,0,0,0,0,0,0,0,1,0,79.94991517776508,29.7,1
9071,0,0.0,0,0,0,0,0,0,1,0,0,0,0,0,0,93.3242760064475,30.8475483530859,1
9072,1,0.0,0,0,1,0,0,0,0,0,0,0,0,0,0,167.8779910965857,31.32878765393979,1
9073,0,1.0,0,0,1,0,0,0,0,0,0,0,0,0,0,103.34131340416717,25.91988951954597,1
9074,0,0.08898430002077995,0,0,1,0,0,0,0,0,0,0,0,0,0,101.90817443094119,31.604663890047792,1
9075,0,0.9931637389334784,1,0,1,0,0,0,1,0,0,0,0,1,0,243.61917177591118,33.61503977434635,1
9076,1,0.8939079500520479,0,0,1,1,0,0,1,0,0,0,0,0,0,105.14467464453695,30.607459415192576,1
9077,0,0.23305318798485863,0,0,1,0,0,0,0,0,0,0,0,0,0,117.68508128178242,34.47456597286662,1
9078,0,1.0,0,0,1,1,0,0,0,0,0,0,0,0,0,218.24315951397676,26.86946834792507,1
9079,0,1.0,0,0,1,0,0,0,0,0,0,0,0,0,0,198.99872272570508,26.616668925407446,1
9080,0,0.0977072753867585,0,0,1,0,0,0,0,1,0,1,0,0,0,142.58678621341227,44.69820051274287,1
9081,1,0.9850014996228633,0,0,1,0,0,0,0,0,0,0,0,0,0,205.42574242690455,42.167003299170304,1
9082,0,1.0,0,0,1,1,0,0,0,0,0,0,0,0,0,138.7000407979017,29.658349965115367,1
9083,0,1.0,0,0,1,1,0,0,0,0,0,0,0,0,0,133.1829027544204,23.61913863976521,1
9084,0,0.17999961661068686,1,0,1,0,0,0,1,0,0,0,0,0,0,249.59439939424487,34.41400295209771,1
9085,0,0.49745239327797686,0,0,1,0,0,0,0,0,0,0,0,0,0,156.72320200641278,27.399490478655597,1
9086,0,0.848417726430511,1,0,0,1,0,0,1,0,0,0,0,0,0,205.11449046600552,45.47262658964577,1
9087,0,0.02040161068820634,0,0,1,0,0,0,0,0,0,0,1,0,0,103.41857509801461,27.29795983893118,1
9088,0,0.0,0,0,1,1,0,0,1,0,0,0,0,0,0,87.42084329504917,29.032817628386464,1
9089,0,0.7229745511303757,0,0,1,0,0,0,1,0,0,0,0,1,0,72.31169157220687,28.427702544886962,1
9090,1,0.8623349164397316,0,0,1,0,0,0,0,0,0,0,0,1,0,70.45404225503225,34.193502374659595,1
9091,0,1.0,0,0,1,0,0,0,1,0,0,0,0,0,0,79.53473158654543,23.541730574632037,1
9092,0,1.0,0,0,1,0,0,0,0,0,0,0,0,1,0,73.1890255784589,25.89278243636648,1
9093,0,1.0,1,0,1,0,0,0,1,0,0,0,0,1,0,242.44302651724144,31.44984957415282,1
9094,0,1.0,0,0,0,0,0,0,0,0,0,0,0,1,0,89.20129680705175,23.78597419543856,1
9095,0,1.0,0,0,1,0,0,0,0,0,0,0,0,0,0,58.48439396832386,24.245238959828853,1
9096,1,0.4092495737853973,0,0,1,0,0,0,1,0,0,0,0,0,0,58.593376975756044,36.74450255728762,1
9097,1,1.0,0,0,0,1,0,0,0,1,0,0,0,1,0,75.29755013135016,34.88082151030785,1
9098,1,1.0,0,0,1,0,0,0,1,0,0,0,0,0,0,79.0621493705099,20.325884551467908,1
9099,0,0.8003641884553453,0,0,0,1,0,0,0,0,0,0,0,0,0,112.51290682925381,24.898361151950947,1
9100,0,0.5429760478073745,0,0,0,0,0,0,0,0,0,0,0,0,0,56.941783592990575,27.967929341840176,1
9101,0,1.0,0,0,1,0,0,0,1,0,0,0,0,0,0,185.49778712783504,28.40976833798483,1
9102,0,0.6042595159869252,0,0,0,0,0,0,0,0,0,0,0,0,0,91.03684006811426,32.0,1
9103,1,1.0,0,0,0,0,0,0,0,0,0,0,0,0,0,82.43358477353468,26.996294889056575,1
9104,0,0.5749975858768025,0,0,1,0,0,0,0,0,0,0,1,0,0,114.20823669818118,31.482502172710877,1
9105,0,1.0,1,0,1,0,0,0,1,0,0,0,0,0,0,244.66250545157672,35.500582090554516,1
9106,0,0.26503491814054747,0,0,1,1,0,0,1,0,0,0,0,0,0,223.6922374433557,37.11447555730162,1
9107,1,0.46380772071779586,0,0,0,1,0,0,0,0,0,0,0,0,0,82.1965146102708,25.43780393422517,1
9108,0,0.44914820273221256,0,0,1,1,0,0,1,0,0,0,0,0,0,209.24587484075974,45.00846676491798,1
9109,1,1.0,0,0,0,1,0,0,0,0,0,0,0,0,0,96.42236160132468,22.520060385492467,1
9110,1,1.0,0,0,1,1,0,0,1,0,0,0,0,0,1,97.70265879827309,21.946572961539566,1
9111,0,0.7186037406901956,0,0,1,0,0,0,1,0,0,0,0,0,0,220.33062988270228,34.7130265335153,1
9112,1,0.7862633120180893,0,0,1,1,0,0,0,0,0,0,0,0,1,97.50053310703403,27.083957401542115,1
9113,0,1.0,0,0,1,0,0,0,0,0,0,0,1,0,0,76.67285163505274,24.301523184895636,1
9114,0,0.5872416797226065,1,0,1,0,0,0,1,0,0,0,0,0,0,250.2378418539617,31.278239066135928,1
9115,0,1.0,0,0,1,0,0,0,0,0,0,0,0,0,0,91.48266558409382,35.01166446769057,1
9116,0,1.0,0,0,1,0,0,0,1,0,0,0,0,0,0,111.4105039366157,25.96834645538565,1
9117,1,1.0,1,0,1,0,0,0,0,1,0,0,1,0,0,89.83206571134215,33.717097658865185,1
9118,0,0.5510882774072099,0,0,1,1,0,0,1,0,0,0,0,0,0,72.17889360268855,30.04304717674019,1
9119,1,1.0,0,0,0,0,0,0,0,0,0,0,0,0,0,205.68175131558095,29.009828082897325,1
9120,0,1.0,0,0,1,1,0,0,0,0,0,0,0,0,0,221.1122267101356,29.348686328058225,1
9121,0,1.0,0,0,1,0,0,0,0,0,0,0,0,0,0,103.92531047141809,24.07628100460246,1
9122,0,1.0,0,0,1,1,0,0,0,0,0,0,0,1,0,74.70290709117825,26.564126570862083,1
9123,0,1.0,0,0,0,0,0,0,0,0,0,0,0,0,0,91.76007980424974,27.593957924530272,1
9124,0,1.0,0,0,1,1,0,0,1,0,0,0,0,0,0,67.80099607594435,24.435162556146985,1
9125,0,1.0,1,1,0,0,1,0,0,0,0,0,0,0,0,215.97561215027284,28.006836450818522,1
9126,1,0.4979763025873932,0,0,1,0,0,0,1,0,0,0,0,0,0,58.7025108521825,36.212142184475645,1
9127,1,0.4458302783889999,0,0,0,0,0,0,0,0,0,0,0,0,0,81.32146490146364,23.732501832966598,1
9128,1,0.4411591290453335,0,0,1,0,0,0,1,0,0,0,0,1,0,79.172608040352,30.31472495805013,1
9129,1,1.0,0,0,1,0,0,0,0,0,0,0,0,0,0,109.59902309300871,24.041406233864578,1
9130,0,0.17748183499101178,0,0,1,0,0,0,0,0,0,0,0,0,0,113.63309923042539,41.48835354055123,1
9131,1,1.0,0,0,0,1,1,0,0,0,0,0,0,0,0,82.27907842530374,27.32700082080756,1
9132,0,1.0,0,0,1,0,0,0,0,0,0,0,0,0,1,194.98584230014723,27.183309744859436,1
9133,0,1.0,1,0,1,0,0,0,0,0,0,0,0,0,0,206.45663591910684,26.35660900948206,1
9134,1,0.8640672526326794,0,0,1,0,0,0,0,0,0,0,0,0,1,97.89825076042123,27.267018417891766,1
9135,0,0.4976495545052182,0,1,0,0,0,0,0,0,0,0,0,0,0,216.7591538396219,30.950235044549476,1
9136,1,0.7858237472604132,0,0,1,0,0,0,0,0,0,0,0,0,0,61.494513394301656,25.878275882396885,1
9137,0,1.0,0,0,1,0,0,0,0,0,0,0,1,0,0,116.5584102435697,31.304248772406943,1
9138,0,0.3255033381261354,0,0,1,0,0,0,1,0,0,0,0,0,0,94.77986584634519,41.43087262736569,1
9139,0,0.0,0,0,1,0,0,0,0,0,0,0,0,0,0,87.61722604720157,30.94194361229737,1
9140,1,0.0,0,0,0,0,0,0,0,0,0,0,0,0,0,58.4898291682719,30.058805912959315,1
9141,0,1.0,0,0,1,1,0,0,1,0,0,0,0,0,0,213.68434110989415,27.220823368710032,1
9142,0,1.0,0,0,1,0,0,0,0,0,0,0,0,0,0,221.0656182252551,26.20273651877287,1
9143,0,1.0,0,0,1,0,0,0,0,1,0,0,0,0,1,77.80419688382656,27.4981516823189,1
9144,0,0.8081570490242127,0,0,1,0,0,0,1,0,0,0,0,0,0,219.11761313393603,33.182024032365376,1
9145,0,1.0,1,0,1,1,0,0,1,0,0,0,0,0,0,221.70190279691786,29.25998349411016,1
9146,0,1.0,0,0,1,0,0,0,1,0,0,0,1,0,0,138.40259340178187,30.991189955997378,1
9147,1,0.33692191307674557,0,0,1,1,0,0,1,0,0,0,0,0,0,104.74921455828449,28.546611078383958,1
9148,0,1.0,0,0,1,0,0,0,0,0,0,0,0,0,0,130.5727551082095,25.004181557772792,1
9149,0,1.0,0,0,1,1,0,0,1,0,0,0,0,0,0,149.18400829509065,27.152781010319444,1
9150,0,1.0,1,0,1,0,0,0,1,0,0,0,0,1,0,243.27658093318405,33.02619889943112,1
9151,1,0.7770499914422464,0,1,1,1,0,0,1,0,0,0,0,0,0,214.64514552130882,28.82426002396171,1
9152,0,0.1880585664790756,0,0,0,0,0,0,0,0,0,1,0,0,0,83.16364327791241,25.719699563014427,1
9153,1,1.0,0,0,1,0,0,0,1,0,0,0,0,0,1,97.63972948269543,26.61400967621982,1
9154,0,0.34171621657384266,0,0,0,0,0,0,0,1,0,0,0,1,0,92.02661175575898,26.044231081545995,1
9155,0,0.7361939250536425,0,0,0,0,0,0,1,0,0,0,0,0,0,105.64036556055686,32.34171635503218,1
9156,0,1.0,0,0,0,0,0,0,0,0,0,0,0,0,0,70.09253468641313,27.38068810351901,1
9157,1,0.5189373642647569,0,0,1,0,0,0,0,0,0,0,0,0,1,97.84302997828236,28.198869116485156,1
9158,1,1.0,0,0,1,0,0,0,0,0,0,0,0,0,0,195.11483672171025,22.321151897871793,1
9159,0,1.0,0,0,1,1,0,0,0,0,0,0,0,0,0,214.05064272364191,27.902963952014478,1
9160,0,0.41052919690675316,0,0,1,0,0,0,1,0,0,0,0,0,1,97.15884343057711,27.99157116835177,1
9161,1,1.0,0,0,1,0,0,0,0,0,0,0,0,1,0,125.80109471236507,29.443338469699125,1
9162,0,0.5734016258977038,0,0,1,0,0,0,1,0,0,0,1,0,0,86.4536266341001,29.71329918705115,1
9163,1,0.927900629862027,0,0,1,0,0,0,1,0,0,0,0,0,0,189.78166613041427,36.781187543538095,1
9164,0,0.0,0,0,1,0,0,0,0,0,0,0,0,0,0,87.58398612568254,31.202973112639015,1
9165,1,1.0,0,0,0,1,0,0,0,0,0,0,0,0,0,89.15906808600273,35.36272344010971,1
9166,0,1.0,0,0,1,0,0,0,0,0,0,0,1,0,0,77.62904012541944,24.018627181828567,1
9167,0,1.0,0,0,1,0,0,0,1,0,0,0,0,1,0,232.18506799743125,38.3444848680134,1
9168,0,1.0,0,0,1,1,0,0,0,0,0,0,0,0,0,213.56468630209812,24.235368317721704,1
9169,0,0.7440494512285778,0,0,1,1,0,0,1,0,0,0,0,0,0,103.28975889998513,27.225595054877143,1
9170,0,1.0,0,0,1,0,0,0,1,0,0,0,1,0,0,101.93108430157581,27.696780792817037,1
9171,0,1.0,0,0,0,1,0,0,1,0,0,0,0,0,0,208.42491596585066,30.720338918748432,1
9172,1,1.0,0,0,1,0,0,0,0,0,0,0,0,1,0,130.2711524858127,28.206506490307987,1
9173,0,1.0,0,0,1,0,0,0,0,0,0,0,0,0,0,139.07164168195607,30.61791052391747,1
9174,0,0.7105021348802804,0,1,1,0,0,0,1,0,0,0,0,0,0,239.51003675498197,27.634338685134516,1
9175,0,1.0,0,0,1,0,0,0,1,0,0,0,0,1,0,224.0638687450517,29.12672692213671,1
9176,1,1.0,0,0,1,0,0,0,0,0,0,0,0,0,0,207.7858397550206,40.96288348694226,1
9177,0,0.11088064427255717,0,0,1,0,0,0,0,0,0,0,0,0,0,249.68810299696943,35.21233258535544,1
9178,1,1.0,0,0,1,0,0,0,0,0,0,0,0,0,0,81.46400825262472,17.317890992966,1
9179,0,0.5254319983096423,0,0,0,1,0,0,0,0,0,0,0,0,0,111.828325675791,26.13555600760661,1
9180,1,1.0,0,0,1,0,0,0,0,0,0,0,0,1,0,130.139002848752,28.184053882069517,1
9181,0,0.11665029897789603,0,0,1,1,0,0,1,0,0,0,0,0,0,107.84091848890992,38.46001964122652,1
9182,0,1.0,0,0,1,0,0,0,0,0,0,0,0,0,0,78.36786960324756,21.63072654535224,1
9183,1,1.0,0,0,1,0,0,0,1,0,0,0,0,0,0,207.42709641718588,43.901220038724894,1
9184,1,0.7536661379095813,0,0,1,1,0,0,0,0,0,0,0,0,0,110.76870982551016,25.183868993197844,1
9185,0,1.0,0,0,1,1,0,0,0,1,0,0,0,0,0,195.55155229655503,33.8139138687799,1
9186,1,1.0,0,0,0,1,1,0,0,0,0,0,0,0,0,82.53414288491571,27.650321966794564,1
9187,0,1.0,1,0,1,0,0,0,1,0,0,0,1,0,0,246.8399789131629,41.171363814466034,1
9188,0,1.0,0,0,1,1,0,0,0,0,0,0,0,0,0,219.3776736069032,27.681848511138192,1
9189,0,1.0,0,0,1,0,0,0,1,0,0,0,1,0,0,230.4308718646773,35.407622010495,1
9190,0,0.0,1,0,1,1,0,0,1,0,0,0,0,0,1,210.76077076404604,40.9019269101151,1
9191,1,0.6440316091677635,0,0,1,0,0,0,0,0,0,0,0,1,0,183.16478968381216,27.57119367816645,1
9192,0,0.0,0,0,1,1,0,0,0,0,0,0,0,0,0,110.89226584240174,31.005635477703983,1
9193,0,0.0,0,0,1,0,0,0,1,0,0,0,0,0,0,94.53645676515767,43.57173213616844,1
9194,0,0.7433329135656567,0,0,1,1,0,0,1,0,0,0,0,0,0,103.29093402175232,27.225666708643434,1
9195,1,0.2520698868501715,0,0,0,1,0,0,0,0,0,0,0,1,0,67.51838092516816,36.97065323761464,1
9196,0,0.5458325298322362,0,0,0,0,0,0,1,0,0,0,0,0,0,114.56779442267543,23.909166505966446,1
9197,0,0.6141405531638909,0,0,1,1,0,0,1,0,0,0,0,0,0,217.91433525505698,46.22666382544084,1
9198,0,0.9820773786356308,0,0,1,1,0,0,0,0,0,0,1,0,0,89.09074945921202,34.32366608741415,1
9199,0,1.0,0,1,1,0,0,0,1,0,0,0,0,0,0,230.43756525929462,36.78267232675553,1
9200,0,0.9200175172032452,0,0,1,0,0,0,0,0,0,0,0,0,1,120.26564256680388,36.696022772364216,1
9201,1,1.0,0,0,1,0,0,0,0,0,0,0,0,0,0,69.96022032084338,21.791017424742794,1
9202,0,0.4092462786469352,0,0,1,0,0,0,0,1,0,0,0,0,0,189.2294710561649,39.049487280465115,1
9203,1,1.0,0,0,0,1,0,0,0,1,0,0,0,1,0,71.43278283136193,35.36152747582816,1
9204,1,1.0,0,0,1,1,0,0,0,0,0,0,0,0,0,68.02817608208703,25.52998561522775,1
9205,0,1.0,0,0,1,0,0,0,0,0,0,0,0,0,0,196.94441945847873,27.56586572306955,1
9206,0,1.0,0,0,1,0,0,0,0,1,0,0,0,0,0,195.18361797875684,28.229887642306867,1
9207,1,0.5165465103892622,0,0,1,0,0,0,0,0,0,0,1,0,0,92.32532442194899,31.594675578051007,1
9208,1,0.0,0,0,1,0,0,0,0,0,0,0,0,1,0,94.76789049387693,25.99620841969572,1
9209,0,1.0,0,0,1,0,0,0,1,0,0,0,0,0,0,106.0426304412167,32.574774659278475,1
9210,0,1.0,0,0,1,0,0,0,1,0,0,0,0,1,0,227.14406623005524,29.550785473333775,1
9211,0,0.12357249059949049,0,0,1,0,0,0,0,0,0,0,0,0,0,249.73138219294427,35.145065799822696,1
9212,1,1.0,0,0,1,0,0,0,1,0,0,0,0,0,0,231.1422392187455,34.11506441684196,1
9213,0,1.0,0,0,1,0,0,0,0,0,0,0,0,0,0,266.6062569935805,35.733782286079375,1
9214,0,0.19648265240291862,0,0,1,0,0,0,0,0,0,0,0,0,1,76.12607034695193,29.389145103752412,1
9215,1,1.0,0,0,1,1,0,0,0,0,0,0,0,1,0,227.41245986176241,28.99542351300012,1
9216,0,1.0,0,0,1,0,0,0,1,0,0,0,0,1,0,239.31586823708457,27.91993236400263,1
9217,0,1.0,0,0,0,1,0,0,0,0,0,0,0,0,0,205.13013934308592,30.915670608897006,1
9218,1,1.0,0,0,1,0,0,0,0,0,0,0,1,0,0,205.7089393345238,45.447546359976975,1
9219,1,1.0,0,0,1,0,0,0,0,0,0,0,0,0,0,107.56421295549099,23.946098967470302,1
9220,0,0.0,0,0,1,1,0,0,1,0,0,0,1,0,0,110.55492515978158,41.22249145370371,1
9221,1,1.0,0,0,0,0,0,0,1,0,0,0,0,1,0,90.06811384740834,22.8790107157695,1
9222,0,1.0,0,0,1,0,0,0,1,0,0,0,0,0,0,98.22988185446032,26.260561252700928,1
9223,0,1.0,0,0,0,0,0,0,1,0,0,0,0,0,0,111.8335326389691,27.235285242834962,1
9224,0,1.0,0,0,1,0,0,0,0,0,0,0,0,0,0,103.93961927297154,23.45542964181494,1
9225,1,1.0,0,0,0,1,0,0,1,0,0,0,0,0,0,95.98265177960909,22.180105594762935,1
9226,0,0.10136107169889674,0,0,1,0,0,0,0,1,0,0,0,0,0,191.17838441614597,40.06550846339364,1
9227,1,0.16439268432841414,0,0,0,0,0,0,0,0,0,0,1,0,0,82.56768719757473,24.410981710821034,1
9228,1,1.0,0,0,0,1,0,0,0,0,0,0,0,0,0,89.2023698321455,37.094793285820074,1
9229,0,0.20803898553328426,0,0,0,0,0,0,1,0,0,0,0,0,0,85.84624607837179,36.92884288408661,1
9230,1,0.12718118921688693,0,0,1,0,0,0,0,0,0,0,0,1,0,67.8589495979356,33.09077178382533,1
9231,1,0.3985592241441276,0,0,1,0,0,0,0,0,0,0,0,0,1,97.82376947586306,28.523890094810856,1
9232,0,0.1701526411445169,0,0,1,1,0,0,1,0,0,0,0,0,0,87.7873601528997,40.21520626604851,1
9233,1,1.0,0,0,1,0,0,0,0,0,0,0,0,0,0,67.1448093147392,23.86131054867311,1
9234,1,0.0,0,0,1,0,0,0,1,0,0,0,0,0,0,60.568132210294166,28.605466202110254,1
9235,0,1.0,0,0,1,0,0,0,0,1,0,0,0,0,0,194.84836329886215,27.723107312233505,1
9236,1,0.0,0,0,1,0,0,0,0,0,0,0,0,0,0,187.90588269620707,40.4,1
9237,1,0.0,0,0,1,0,0,0,1,0,0,0,0,0,0,60.855119444206615,29.80069232761198,1
9238,0,1.0,0,0,1,0,0,0,0,0,0,0,0,1,0,190.91014856289252,31.576918198725807,1
9239,1,1.0,0,0,1,0,0,0,0,0,0,0,0,0,0,120.55654986509977,36.65793752819107,1
9240,0,0.769361359785736,0,0,1,0,0,0,1,0,0,0,0,0,0,75.91799919549648,21.038552951850015,1
9241,0,0.7728739363818531,0,0,1,0,0,0,0,0,0,0,0,0,0,90.72669622723556,36.448548029819655,1
9242,1,0.0,0,0,1,0,0,0,0,0,0,0,0,1,0,94.2036814334839,25.871175940938258,1
9243,1,1.0,0,0,1,0,0,0,1,0,0,0,0,0,0,235.0548127904224,32.62908720945982,1
9244,1,1.0,0,0,1,1,0,0,0,0,0,0,0,0,0,67.47048073473728,24.827377303606017,1
9245,0,0.0,0,0,1,1,0,0,0,0,0,0,0,0,0,110.87939233239705,30.91898685267238,1
9246,0,1.0,0,0,1,1,0,0,0,0,0,0,0,0,0,74.3933843523649,28.049481889299052,1
9247,1,1.0,1,0,1,0,0,0,0,0,0,0,0,0,0,74.36553064790284,23.92375699833541,1
9248,1,0.0,0,0,1,0,0,0,1,0,0,0,0,0,0,61.28097552773855,29.21496048840099,1
9249,1,0.0,0,0,1,0,0,0,0,0,0,0,0,0,0,97.17989121700121,28.013377687524674,1
9250,0,0.26776208590771244,0,0,0,1,0,0,0,0,0,0,0,0,0,70.9736588809649,27.777042368049177,1
9251,0,1.0,1,0,1,0,0,0,1,0,0,0,0,0,0,250.24837999775764,28.582751027678924,1
9252,0,1.0,0,0,1,1,0,0,0,1,0,0,0,0,0,75.90900330680039,26.898637404237885,1
9253,0,1.0,0,0,1,0,0,0,1,0,0,0,1,0,0,228.99422866391615,36.39162420279716,1
9254,0,0.9422118029801358,0,0,0,0,0,0,1,0,0,0,0,0,0,105.19919624907284,31.052009377317876,1
9255,0,0.8593466607663333,0,0,1,0,0,0,0,0,0,0,0,0,0,56.7851360283216,26.118874692628133,1
9256,0,1.0,0,0,1,1,0,0,0,0,0,0,0,0,0,219.26193161913326,26.516631936702034,1
9257,0,0.5627183517553824,0,0,0,0,0,0,0,0,0,1,0,0,0,82.67283895920045,26.35662119798415,1
9258,1,0.0,0,0,0,1,0,0,0,0,0,0,0,1,0,65.7236621901327,39.88580551674524,1
9259,0,1.0,0,0,1,1,0,0,0,0,0,0,0,0,0,213.7737288255752,21.103979787991957,1
9260,0,1.0,0,0,1,0,0,0,0,0,0,0,1,0,0,116.62094780570048,32.82301813844048,1
9261,0,0.8734546888036228,0,0,1,0,0,0,1,0,0,0,0,0,0,72.78694539003837,28.640436091273116,1
9262,0,1.0,0,0,1,0,0,0,0,0,0,0,0,0,0,116.33552079466025,29.19351817475784,1
9263,0,1.0,0,0,1,0,0,0,1,0,0,0,1,0,0,139.43812283709264,30.32549246186902,1
9264,1,0.2582643578871635,0,0,0,1,0,0,0,1,0,0,0,1,0,68.77413192503052,36.69938049054979,1
9265,1,0.0,0,0,0,0,0,0,0,0,0,0,0,0,0,58.93208269541313,29.394279887721208,1
9266,0,1.0,0,0,1,0,0,0,0,0,0,0,0,0,0,129.99141716376252,22.646307377498353,1
9267,1,1.0,1,0,1,0,0,0,0,1,0,0,0,0,0,201.79843485403728,27.59264555036025,1
9268,1,0.8413567713051986,0,0,1,0,0,0,0,0,0,0,1,0,0,91.44833671747595,32.471663282524034,1
9269,0,1.0,0,0,1,0,0,0,0,0,0,0,0,0,0,188.61497633703615,30.40436574425469,1
9270,0,0.0,0,0,1,0,0,0,1,0,0,0,0,0,0,96.88178715078783,28.47322449243981,1
9271,1,0.9594908270586782,0,0,1,0,0,0,0,0,0,0,0,1,0,184.2594331698936,27.508101834588263,1
9272,1,0.877088817457755,0,0,1,0,0,0,0,0,0,0,0,0,0,190.34649078667096,36.97935361191475,1
9273,0,1.0,0,0,1,0,0,0,0,0,0,0,0,0,0,104.19107470752202,22.850174102655803,1
9274,1,0.5980480753847804,0,0,1,1,0,0,1,0,0,0,0,0,0,221.70460509663073,43.40009036892476,1
9275,0,1.0,0,0,1,0,0,0,0,0,0,0,1,0,0,195.86425512167423,34.47021229201817,1
9276,0,0.3462660507879305,0,0,1,0,0,0,0,0,0,0,0,0,0,158.3968348177776,27.369253210157588,1
9277,1,0.3453788064845371,1,0,1,0,0,0,0,0,0,0,0,0,0,62.33931892804443,28.573105967577316,1
9278,0,0.2906857051965166,0,0,1,0,0,0,0,0,0,0,0,0,0,63.500491448567665,28.208188608694282,1
9279,0,0.0,0,0,0,0,0,0,1,0,0,0,0,0,0,93.07519941050283,31.255128237359013,1
9280,0,1.0,1,0,1,0,0,0,0,0,0,0,0,0,0,69.10658021130031,26.628690361804164,1
9281,1,0.5770533417135443,1,0,1,0,0,0,0,0,0,0,0,0,0,72.88570279572609,29.492125321601037,1
9282,1,1.0,0,0,1,1,0,0,1,0,0,0,0,0,0,71.39578583249458,22.552984304137443,1
9283,0,0.08387373855201208,0,0,1,0,0,0,0,0,0,0,0,0,0,63.95547777518557,29.05611767193675,1
9284,0,1.0,0,0,1,0,0,0,0,0,0,0,0,0,0,200.57999752967856,28.982729547646436,1
9285,1,0.8728175463674891,0,0,1,1,0,0,1,0,0,0,0,1,0,70.76710879741252,21.634662810277735,1
9286,1,0.9276516161639426,1,0,1,0,0,0,0,1,0,0,0,1,0,173.63454234446007,24.499203848468795,1
9287,0,1.0,0,0,1,1,0,0,1,0,0,0,0,0,0,223.5822027283826,31.669208423493593,1
9288,1,0.6981653391071049,0,0,0,0,0,0,0,0,0,0,0,1,0,93.96441312814102,23.645137050500107,1
9289,0,1.0,0,0,1,0,1,0,0,0,0,0,0,0,0,104.69413877518683,24.615326671480858,1
9290,0,0.6709942703377672,0,0,1,0,0,0,1,0,0,0,0,0,0,218.6869220088606,32.81168452991197,1
9291,1,0.39145427079447115,0,0,1,1,0,0,1,0,0,0,0,0,0,208.5875667262216,42.34872562476683,1
9292,0,0.2621129720167965,0,0,1,0,0,0,1,0,0,0,0,0,0,238.23622551128918,32.23876151045375,1
9293,1,1.0,0,0,1,0,0,0,0,0,0,0,0,0,0,107.67651013581491,32.24530318725538,1
9294,0,0.4107004005865431,0,0,1,0,0,0,0,0,0,0,0,0,1,76.12178599198826,28.832178958474987,1
9295,0,1.0,0,0,1,0,0,0,0,0,0,0,0,0,0,104.21785437581768,22.6053314210955,1
9296,0,1.0,0,0,1,1,0,0,0,0,0,0,0,0,0,214.54862155168138,26.979234850377374,1
9297,0,1.0,0,0,1,0,0,0,1,0,0,0,0,0,0,80.01148695602964,23.42821739142151,1
9298,0,1.0,0,0,1,1,0,0,1,0,0,0,0,0,0,104.18772614552665,20.35025647260653,1
9299,0,0.0,0,0,1,0,0,0,1,0,0,0,0,0,0,95.35497204855409,29.646624845104768,1
9300,0,1.0,0,0,1,0,0,0,0,0,0,0,0,1,0,193.04832976384412,32.217914704364404,1
9301,0,1.0,0,0,1,0,0,0,1,0,0,0,0,0,0,100.78607867616049,27.992512163793112,1
9302,1,0.049158523621427586,0,0,0,1,0,0,0,1,0,0,0,1,0,68.22400787302892,37.465589033465,1
9303,0,1.0,1,0,1,0,0,0,0,1,0,0,0,0,0,195.8324239415848,24.247201992310963,1
9304,0,1.0,0,1,0,0,0,0,1,0,0,0,0,0,0,207.86528088772803,32.280444892791934,1
9305,1,0.7580722718807634,0,0,0,1,0,0,0,0,0,0,0,1,0,65.30610126666686,43.18554203910573,1
9306,1,0.8762923485239374,0,0,1,0,0,0,1,0,0,0,0,1,0,74.80227095533391,21.989696992490693,1
9307,1,1.0,1,0,0,1,0,0,0,0,0,0,0,1,0,72.05307346705585,36.77333922701599,1
9308,0,1.0,0,0,1,0,0,0,0,0,0,0,0,0,0,189.22038852573962,30.75789110992095,1
9309,0,1.0,1,0,1,0,0,0,0,0,0,0,0,0,0,69.98766322838804,27.319735865402382,1
9310,1,1.0,1,0,1,1,0,0,0,1,0,0,0,0,0,198.83901717198898,26.01174643751236,1
9311,1,1.0,0,0,1,1,0,0,1,0,0,0,0,0,0,105.88732445085027,31.878058487960896,1
9312,0,0.0,0,0,0,1,0,0,0,0,0,0,0,0,0,84.29425013459272,29.789762032945436,1
9313,0,1.0,0,0,1,0,0,0,0,0,0,0,0,0,0,195.1274042410851,33.09557889070627,1
9314,1,1.0,0,0,1,1,0,0,0,0,0,0,0,1,0,127.55375650119466,29.989111331925272,1
9315,0,0.02899674433594801,0,0,1,1,0,0,1,0,0,0,0,1,0,71.26610482349416,28.436207162460914,1
9316,1,1.0,0,0,1,0,0,0,0,1,0,0,0,0,0,80.94191848181848,17.675447321678092,1
9317,0,0.5181627464237418,0,0,0,1,0,0,0,0,0,0,0,0,0,111.81022523859512,26.168267641093163,1
9318,1,0.8756546825575893,1,0,0,1,0,0,1,0,0,0,0,0,0,65.59727829530041,34.765838881043706,1
9319,1,1.0,0,0,1,0,0,0,1,0,0,0,0,0,0,230.6179215228935,33.571495315310756,1
9320,0,1.0,0,0,1,0,0,0,0,0,0,0,0,0,0,74.01164776777549,28.77420372781766,1
9321,0,0.42570646029142645,0,0,1,0,0,0,0,0,0,0,1,0,0,58.26360077390715,26.935733849271433,1
9322,1,0.6220294792520092,0,0,1,1,0,0,1,0,0,0,1,0,0,106.93654467078895,35.11663491618875,1
9323,1,0.4942577016445556,0,0,0,1,0,0,0,0,0,0,0,0,0,82.19103361370398,25.532198875098125,1
9324,1,0.18289786699738508,0,0,1,0,0,0,0,1,0,0,0,1,0,93.50308789961252,24.850118745310724,1
9325,0,0.1389911786919864,0,0,1,0,0,0,0,0,0,0,0,0,0,211.14458936740294,43.92201764261603,1
9326,0,0.6156243966831266,0,0,1,1,0,0,1,0,0,0,0,0,0,208.1954100569295,45.30812391402963,1
9327,0,0.9872435202925695,0,0,1,1,0,0,1,0,0,0,0,0,0,205.8504933869539,45.977038336526626,1
9328,0,1.0,0,0,0,0,0,0,1,0,0,0,0,0,0,112.6442755868973,25.005742136032474,1
9329,0,1.0,0,0,0,0,0,0,0,0,0,0,0,0,0,70.17777983555328,26.731201252927438,1
9330,1,1.0,1,0,1,0,0,0,0,1,0,0,0,0,0,203.37473427016494,27.264775271805696,1
9331,1,1.0,0,0,0,1,0,0,0,0,0,0,0,0,0,96.74616258532855,22.47545969899056,1
9332,1,0.0,0,0,0,0,0,0,0,0,0,0,0,1,0,67.62364433473951,34.51108842590455,1
9333,0,1.0,0,0,1,0,1,0,0,0,0,0,0,0,0,106.3395856649982,23.991191644311026,1
9334,1,0.1339748667497812,0,0,1,1,0,0,1,0,0,0,0,0,0,209.9819984157407,39.31672817957612,1
9335,0,1.0,0,0,1,0,0,0,1,0,0,0,0,0,1,267.7620079861734,31.297092915631378,1
9336,0,0.004359579956580428,0,0,1,0,0,0,1,0,0,0,0,0,0,212.0755532284443,44.17863805821276,1
9337,0,1.0,0,0,0,1,0,0,0,1,0,0,0,0,0,77.96843732235179,27.665767568108603,1
9338,0,1.0,0,0,1,0,0,0,1,0,0,0,0,0,0,77.67786206296478,23.708742973495244,1
9339,1,1.0,0,0,1,1,0,0,1,0,0,0,0,1,0,69.99629615185876,22.06567584441321,1
9340,1,0.6669923669477558,0,0,1,0,0,0,0,0,0,0,0,1,0,93.02668946568635,24.666210686273143,1
9341,0,1.0,0,0,1,0,0,0,0,0,0,0,0,1,0,207.04632969226006,28.194265144156322,1
9342,1,0.7856999276771214,0,0,1,0,0,0,0,0,0,0,0,0,0,78.66713395515981,29.621450108484318,1
9343,0,1.0,0,0,1,0,0,0,0,0,0,0,0,1,0,107.9971818962913,31.505293176423887,1
9344,1,1.0,0,0,0,0,0,0,1,0,0,0,0,1,0,91.34274011628955,22.855708590195803,1
9345,0,0.9658244109589126,0,0,1,0,0,0,0,0,0,0,0,1,0,233.91778586712329,42.622141328767064,1
9346,0,0.31965206225530063,0,0,0,0,0,0,1,0,0,0,0,0,0,93.94161468794822,42.08619200779161,1
9347,1,0.8104329135731705,0,0,1,0,0,0,0,0,0,0,0,0,0,173.57215112022647,25.971497698839027,1
9348,0,0.6897015348618686,0,0,1,0,0,0,0,0,0,0,0,0,0,89.33285829995302,31.720731381375682,1
9349,1,1.0,0,0,1,0,0,0,1,0,0,0,0,0,0,59.3417461256074,32.54761623177811,1
9350,1,1.0,0,0,1,0,0,0,1,0,0,0,0,0,0,98.84376221230443,27.29244799869142,1
9351,0,1.0,0,1,1,0,0,0,1,0,0,0,0,0,0,229.5824925713693,36.69329190641491,1
9352,1,0.9003360779232241,0,0,1,0,0,0,1,0,0,0,0,1,0,221.8311530836335,48.40694169089866,1
9353,1,0.727532815966904,1,0,0,0,0,0,0,0,0,0,0,1,0,66.40600471396567,34.71883203991726,1
9354,1,1.0,0,0,1,0,0,0,0,0,0,0,0,0,0,67.19411762110555,24.112177370536962,1
9355,1,0.0,0,0,1,0,0,0,0,0,0,0,0,0,0,167.48460155246866,30.96835220775925,1
9356,1,0.49384701474156134,0,1,1,1,0,0,0,0,0,0,0,0,0,216.2639379105654,29.46907425430116,1
9357,0,1.0,0,0,1,1,0,0,0,0,0,0,0,0,0,74.08894159538772,28.824250887307606,1
9358,1,1.0,0,0,1,0,0,0,0,0,0,0,0,1,0,95.44927497414551,21.87812099276242,1
9359,0,1.0,0,0,1,0,0,0,0,0,0,0,1,0,0,77.48568382771552,24.06104028765813,1
9360,1,1.0,1,0,1,1,0,0,0,1,0,0,0,0,0,198.60946921789142,25.55579502183911,1
9361,1,1.0,0,0,1,1,0,0,1,0,0,0,0,0,1,97.7074719062584,21.867958864446038,1
9362,1,0.9433572987098816,0,0,1,0,0,0,1,0,0,0,0,0,0,101.04683838752234,28.381256644128378,1
9363,0,0.3650836732844007,0,0,1,1,0,0,1,0,0,0,0,1,0,71.8004830405222,27.69681591877432,1
9364,0,1.0,0,0,1,0,0,0,1,0,0,0,1,0,0,102.70478417187792,27.287415782075175,1
9365,0,0.21947819724297823,0,0,1,0,0,0,0,0,0,0,0,0,0,250.05842065259856,34.63676555461221,1
9366,0,0.24456272748441887,0,0,1,0,0,0,0,0,0,0,0,0,0,196.7199513540607,34.084243363276485,1
9367,0,0.393280420217768,0,0,1,0,0,0,0,1,0,0,0,0,0,165.33741218545237,31.568576714370206,1
9368,0,1.0,0,0,1,1,0,0,0,0,0,0,0,0,0,68.54880351451156,25.45356763410369,1
9369,0,1.0,0,0,1,1,0,0,0,0,0,0,0,0,0,214.9553687997882,27.248405823389245,1
9370,0,0.3712786129744179,0,1,0,0,0,0,0,0,0,0,0,0,0,216.7136603006708,30.962872138702558,1
9371,0,0.44627176860163875,0,0,0,0,0,0,1,0,0,1,0,0,0,93.15106340463595,30.438048809894266,1
9372,0,1.0,0,0,1,0,0,0,0,0,0,0,1,0,0,151.3091740770579,27.569288505737266,1
9373,0,0.7322905674256961,0,0,1,1,0,0,0,0,0,0,0,0,0,140.99147241047243,34.18335092118886,1
9374,1,1.0,0,0,0,0,0,0,0,0,0,0,0,0,0,204.20011934517908,44.919312359373826,1
9375,1,0.8724628150836742,0,0,1,1,0,0,1,0,0,0,0,0,0,207.67791601693895,35.55043964307326,1
9376,0,1.0,0,0,1,0,0,0,0,0,0,0,0,1,0,221.34578208878474,29.69810433218381,1
9377,1,1.0,0,0,1,0,0,0,1,0,0,0,0,0,0,231.2219867433899,34.19774003634371,1
9378,1,1.0,0,0,0,0,0,0,0,0,0,0,0,0,0,83.0980137373647,26.78973666195916,1
9379,1,1.0,0,0,1,0,0,0,0,0,0,0,0,0,0,78.18163416360295,23.914080695619273,1
9380,1,1.0,0,0,1,1,0,0,0,0,0,0,0,1,0,228.40619266151384,27.146618304160263,1
9381,1,1.0,0,0,1,0,0,0,0,0,0,0,0,0,0,78.44806023451994,23.843783579282334,1
9382,0,0.4291469744556873,0,0,1,0,0,0,0,0,0,0,0,0,0,93.33619198879822,26.844526225921495,1
9383,0,1.0,0,0,1,0,0,0,1,0,0,0,0,0,0,76.38026796245288,23.00397940452712,1
9384,0,1.0,0,0,1,0,0,0,0,0,0,0,0,0,0,103.64905574515652,25.084046124266262,1
9385,0,0.384785103403086,0,0,1,1,0,0,1,0,0,0,0,0,0,71.88952607992137,29.57739828952864,1
9386,0,1.0,0,0,1,1,0,0,0,1,0,0,0,0,0,196.0227204525807,28.248412985732276,1
9387,1,1.0,0,0,0,1,0,0,0,0,0,0,0,0,0,94.96172698951517,22.7212497259621,1
9388,0,0.0,0,0,1,0,0,0,0,0,0,0,0,0,0,87.99198389312569,30.00469568160181,1
9389,0,1.0,0,0,0,1,0,0,0,0,0,0,0,0,0,203.403713980676,30.18722108889283,1
9390,0,0.16418496405635874,0,0,1,0,0,0,0,0,0,0,0,0,0,75.79670452296558,29.719396539538003,1
9391,0,1.0,0,0,1,0,0,0,0,1,0,0,0,0,0,78.67900569774388,29.077765567284676,1
9392,0,0.01994805702351521,0,0,1,1,0,0,1,0,0,0,0,1,0,71.25171741066738,28.456114274548266,1
9393,0,1.0,0,0,1,0,0,0,0,0,0,0,0,1,0,207.09792107431178,28.27487667861215,1
9394,0,1.0,0,0,1,0,0,0,0,0,0,0,0,0,0,195.38116537340449,33.641460396277054,1
9395,0,1.0,0,0,1,0,0,0,0,0,0,0,0,0,0,91.92890671591144,30.90315882108231,1
9396,0,1.0,0,0,1,1,0,0,0,0,0,0,0,0,0,256.2434218360177,33.225665948617475,1
9397,0,0.6094452973272788,0,1,1,0,0,0,0,0,0,0,0,0,0,218.49975268658093,29.53733128641453,1
